Crop,Crop_Year,Season,State,Area,Production,Annual_Rainfall,Fertilizer,Pesticide,Yield
Arecanut,1997,Whole Year ,KERALA,76145.0,93995,3252.4,7246719.65,23604.95,1.147857143
Black pepper,1997,Whole Year ,KERALA,173855.0,55520,3252.4,16545780.35,53895.05,0.240714286
Cashewnut,1997,Whole Year ,KERALA,96073.0,74142,3252.4,9143267.41,29782.63,0.589285714
Coconut ,1997,Whole Year ,KERALA,884344.0,5210000000,3252.4,84163018.48,274146.64,5376.054286
Tapioca,1997,Whole Year ,KERALA,132875.0,2841819,3252.4,12645713.75,41191.25,22.80357143
Arecanut,1998,Whole Year ,KERALA,73639.0,68479,3151.5,7275533.2,21355.31,0.797857143
Banana,1998,Whole Year ,KERALA,30521.0,386588,3151.5,3015474.8,8851.09,12.85714286
Black pepper,1998,Whole Year ,KERALA,182384.0,68510,3151.5,18019539.2,52891.36,0.261428571
Cardamom,1998,Whole Year ,KERALA,41449.0,4990,3151.5,4095161.2,12020.21,0.045555556
Cashewnut,1998,Whole Year ,KERALA,91268.0,51336,3151.5,9017278.4,26467.72,0.484285714
Coconut ,1998,Whole Year ,KERALA,882288.0,5132000000,3151.5,87170054.4,255863.52,5304.749286
Cotton(lint),1998,Kharif     ,KERALA,10999.0,17752,3151.5,1086701.2,3189.71,1.61
Dry chillies,1998,Whole Year ,KERALA,297.0,288,3151.5,29343.6,86.13,0.937777778
Garlic,1998,Whole Year ,KERALA,742.0,12614,3151.5,73309.6,215.18,17.0
Ginger,1998,Whole Year ,KERALA,11107.0,39362,3151.5,1097371.6,3221.03,2.93
Groundnut,1998,Kharif     ,KERALA,7021.0,5219,3151.5,693674.8,2036.09,0.62
Jowar,1998,Kharif     ,KERALA,2177.0,1108,3151.5,215087.6,631.33,0.505
Ragi,1998,Kharif     ,KERALA,1157.0,936,3151.5,114311.6,335.53,0.81
Rice,1998,Autumn     ,KERALA,120217.0,235849,3151.5,11877439.6,34862.93,1.856923077
Rice,1998,Summer     ,KERALA,57700.0,144872,3151.5,5700760.0,16733.0,2.116153846
Rice,1998,Winter     ,KERALA,174714.0,346022,3151.5,17261743.2,50667.06,1.937142857
Sesamum,1998,Kharif     ,KERALA,3303.0,1057,3151.5,326336.4,957.87,0.467272727
Sugarcane,1998,Whole Year ,KERALA,6160.0,472160,3151.5,608608.0,1786.4,64.83
Sweet potato,1998,Whole Year ,KERALA,1099.0,11924,3151.5,108581.2,318.71,11.718
Tapioca,1998,Whole Year ,KERALA,112774.0,2630155,3151.5,11142071.2,32704.46,25.51785714
Tobacco,1998,Whole Year ,KERALA,41.0,228,3151.5,4050.8,11.89,5.56
Turmeric,1998,Whole Year ,KERALA,3706.0,8034,3151.5,366152.8,1074.74,1.997857143
Arecanut,1999,Whole Year ,KERALA,81941.0,83337,2914.6,8696398.33,22124.07,0.831428571
Banana,1999,Whole Year ,KERALA,39046.0,398145,2914.6,4143951.98,10542.42,10.36285714
Black pepper,1999,Whole Year ,KERALA,198406.0,47543,2914.6,21056828.78,53569.62,0.193571429
Cardamom,1999,Whole Year ,KERALA,41491.0,6585,2914.6,4403439.83,11202.57,0.056666667
Cashewnut,1999,Whole Year ,KERALA,89403.0,65547,2914.6,9488340.39,24138.81,0.491428571
Coconut ,1999,Whole Year ,KERALA,925035.0,5680000000,2914.6,98173964.55,249759.45,5581.025714
Cotton(lint),1999,Kharif     ,KERALA,4772.0,7702,2914.6,506452.36,1288.44,1.61
Dry chillies,1999,Whole Year ,KERALA,312.0,310,2914.6,33112.56,84.24,0.975
Garlic,1999,Whole Year ,KERALA,849.0,14433,2914.6,90104.37,229.23,17.0
Ginger,1999,Whole Year ,KERALA,11264.0,41344,2914.6,1195448.32,3041.28,3.159285714
Groundnut,1999,Kharif     ,KERALA,6921.0,5144,2914.6,734525.73,1868.67,0.37
Jowar,1999,Kharif     ,KERALA,2529.0,1287,2914.6,268402.77,682.83,0.255
Ragi,1999,Kharif     ,KERALA,870.0,704,2914.6,92333.1,234.9,0.815
Rice,1999,Autumn     ,KERALA,121525.0,252876,2914.6,12897448.25,32811.75,2.081538462
Rice,1999,Summer     ,KERALA,58021.0,144551,2914.6,6157768.73,15665.67,2.292857143
Rice,1999,Winter     ,KERALA,170228.0,373259,2914.6,18066297.64,45961.56,2.097142857
Sesamum,1999,Kharif     ,KERALA,2612.0,718,2914.6,277211.56,705.24,0.374545455
Sugarcane,1999,Whole Year ,KERALA,5780.0,578820,2914.6,613431.4,1560.6,88.2225
Sweet potato,1999,Whole Year ,KERALA,989.0,10698,2914.6,104962.57,267.03,11.79636364
Tapioca,1999,Whole Year ,KERALA,111922.0,2531752,2914.6,11878281.86,30218.94,24.25785714
Tobacco,1999,Whole Year ,KERALA,44.0,245,2914.6,4669.72,11.88,5.57
Turmeric,1999,Whole Year ,KERALA,3971.0,8362,2914.6,421442.23,1072.17,1.999285714
Arecanut,2000,Whole Year ,KERALA,87360.0,87947,2412.6,8576131.2,22713.6,0.825714286
Banana,2000,Whole Year ,KERALA,45059.0,327955,2412.6,4423442.03,11715.34,7.457857143
Black pepper,2000,Whole Year ,KERALA,202133.0,60929,2412.6,19843396.61,52554.58,0.22
Cardamom,2000,Whole Year ,KERALA,41288.0,7580,2412.6,4053242.96,10734.88,0.055
Cashewnut,2000,Whole Year ,KERALA,92122.0,66178,2412.6,9043616.74,23951.72,0.507857143
Coconut ,2000,Whole Year ,KERALA,925783.0,5536000000,2412.6,90884117.11,240703.58,5617.002143
Cotton(lint),2000,Kharif     ,KERALA,3847.0,6209,2412.6,377659.99,1000.22,1.61
Garlic,2000,Whole Year ,KERALA,538.0,9146,2412.6,52815.46,139.88,17.0
Ginger,2000,Whole Year ,KERALA,11612.0,42699,2412.6,1139950.04,3019.12,2.957142857
Groundnut,2000,Kharif     ,KERALA,3677.0,2733,2412.6,360971.09,956.02,0.37
Jowar,2000,Kharif     ,KERALA,463.0,236,2412.6,45452.71,120.38,0.51
Ragi,2000,Kharif     ,KERALA,1955.0,1582,2412.6,191922.35,508.3,0.813333333
Rice,2000,Autumn     ,KERALA,129752.0,260306,2412.6,12737753.84,33735.52,1.938461538
Rice,2000,Summer     ,KERALA,55258.0,154606,2412.6,5424677.86,14367.08,2.23
Rice,2000,Winter     ,KERALA,162445.0,336416,2412.6,15947225.65,42235.7,2.042857143
Sesamum,2000,Kharif     ,KERALA,2002.0,797,2412.6,196536.34,520.52,0.345833333
Sugarcane,2000,Whole Year ,KERALA,3367.0,275550,2412.6,330538.39,875.42,90.19
Sweet potato,2000,Whole Year ,KERALA,816.0,8963,2412.6,80106.72,212.16,11.46615385
Tapioca,2000,Whole Year ,KERALA,114609.0,2586903,2412.6,11251165.53,29798.34,24.29642857
Tobacco,2000,Whole Year ,KERALA,213.0,1186,2412.6,20910.21,55.38,5.57
Turmeric,2000,Whole Year ,KERALA,4127.0,9037,2412.6,405147.59,1073.02,1.905714286
Arecanut,2001,Whole Year ,KERALA,93193.0,84679,2946.7,9517801.09,24230.18,0.772857143
Banana,2001,Whole Year ,KERALA,50871.0,375903,2946.7,5195455.23,13226.46,7.347857143
Black pepper,2001,Whole Year ,KERALA,203956.0,58240,2946.7,20830026.28,53028.56,0.214285714
Cardamom,2001,Whole Year ,KERALA,41336.0,8380,2946.7,4221645.68,10747.36,0.057272727
Cashewnut,2001,Whole Year ,KERALA,89718.0,65867,2946.7,9162899.34,23326.68,0.525
Coconut ,2001,Whole Year ,KERALA,905718.0,5479000000,2946.7,92500979.34,235486.68,5636.355
Cotton(lint),2001,Kharif     ,KERALA,3760.0,6069,2946.7,384008.8,977.6,1.61
Garlic,2001,Whole Year ,KERALA,293.0,4981,2946.7,29924.09,76.18,17.0
Ginger,2001,Whole Year ,KERALA,10706.0,40181,2946.7,1093403.78,2783.56,3.167857143
Groundnut,2001,Kharif     ,KERALA,2437.0,1812,2946.7,248890.81,633.62,0.74
Jowar,2001,Kharif     ,KERALA,2902.0,1478,2946.7,296381.26,754.52,0.4025
Ragi,2001,Kharif     ,KERALA,1947.0,1575,2946.7,198847.11,506.22,0.766666667
Rice,2001,Autumn     ,KERALA,116540.0,235838,2946.7,11902230.2,30300.4,1.886923077
Rice,2001,Summer     ,KERALA,43850.0,105032,2946.7,4478400.5,11401.0,2.151428571
Rice,2001,Winter     ,KERALA,161978.0,362634,2946.7,16542813.14,42114.28,2.153571429
Sesamum,2001,Kharif     ,KERALA,878.0,284,2946.7,89670.14,228.28,0.325
Sugarcane,2001,Whole Year ,KERALA,3267.0,269780,2946.7,333658.71,849.42,88.77583333
Sweet potato,2001,Whole Year ,KERALA,747.0,8672,2946.7,76291.11,194.22,11.49153846
Tapioca,2001,Whole Year ,KERALA,111189.0,2455880,2946.7,11355732.57,28909.14,23.09642857
Tobacco,2001,Whole Year ,KERALA,71.0,395,2946.7,7251.23,18.46,5.56
Turmeric,2001,Whole Year ,KERALA,3558.0,7895,2946.7,363378.54,925.08,2.066428571
Arecanut,2002,Whole Year ,KERALA,97485.0,107279,2511.2,9228904.95,24371.25,0.910714286
Banana,2002,Whole Year ,KERALA,55668.0,421809,2511.2,5270089.56,13917.0,8.055714286
Black pepper,2002,Whole Year ,KERALA,208607.0,67358,2511.2,19748824.69,52151.75,0.222142857
Cardamom,2002,Whole Year ,KERALA,41412.0,8680,2511.2,3920474.04,10353.0,0.068
Cashewnut,2002,Whole Year ,KERALA,88548.0,66087,2511.2,8382839.16,22137.0,0.574285714
Coconut ,2002,Whole Year ,KERALA,899198.0,5709000000,2511.2,85127074.66,224799.5,5969.78
Cotton(lint),2002,Kharif     ,KERALA,3400.0,5488,2511.2,321878.0,850.0,1.61
Garlic,2002,Whole Year ,KERALA,616.0,10472,2511.2,58316.72,154.0,17.0
Ginger,2002,Whole Year ,KERALA,8998.0,32412,2511.2,851840.66,2249.5,2.951428571
Groundnut,2002,Kharif     ,KERALA,2422.0,1801,2511.2,229290.74,605.5,0.74
Jowar,2002,Kharif     ,KERALA,2571.0,1311,2511.2,243396.57,642.75,0.5025
Ragi,2002,Kharif     ,KERALA,1320.0,1068,2511.2,124964.4,330.0,0.87
Rice,2002,Autumn     ,KERALA,112438.0,233217,2511.2,10644505.46,28109.5,2.130769231
Rice,2002,Summer     ,KERALA,41079.0,111850,2511.2,3888948.93,10269.75,2.212142857
Rice,2002,Winter     ,KERALA,157004.0,343792,2511.2,14863568.68,39251.0,2.123571429
Sesamum,2002,Kharif     ,KERALA,811.0,260,2511.2,76777.37,202.75,0.277272727
Sugarcane,2002,Whole Year ,KERALA,3758.0,312830,2511.2,355769.86,939.5,88.46083333
Sweet potato,2002,Whole Year ,KERALA,850.0,10463,2511.2,80469.5,212.5,11.46928571
Tapioca,2002,Whole Year ,KERALA,104179.0,2413217,2511.2,9862625.93,26044.75,24.47785714
Tobacco,2002,Whole Year ,KERALA,90.0,501,2511.2,8520.3,22.5,5.57
Turmeric,2002,Whole Year ,KERALA,3140.0,6938,2511.2,297263.8,785.0,2.062857143
other oilseeds,2002,Whole Year ,KERALA,2253.0,0,2511.2,213291.51,563.25,0.0
Arecanut,2002,Whole Year ,TAMIL NADU,4956.0,0,315.9,469184.52,1239.0,0.0
Arhar/Tur,2002,Kharif     ,TAMIL NADU,44127.0,24067,315.9,4177503.09,11031.75,0.535416667
Bajra,2002,Kharif     ,TAMIL NADU,102020.0,88682,315.9,9658233.4,25505.0,1.041666667
Banana,2002,Whole Year ,TAMIL NADU,76771.0,2836916,315.9,7267910.57,19192.75,34.81964286
Cashewnut,2002,Whole Year ,TAMIL NADU,95217.0,35885,315.9,9014193.39,23804.25,0.3108
Castor seed,2002,Kharif     ,TAMIL NADU,17749.0,5600,315.9,1680297.83,4437.25,0.376666667
Coconut ,2002,Whole Year ,TAMIL NADU,345825.0,2860700000,315.9,32739252.75,86456.25,8497.531111
Coriander,2002,Whole Year ,TAMIL NADU,25326.0,4707,315.9,2397612.42,6331.5,0.191818182
Cotton(lint),2002,Kharif     ,TAMIL NADU,75572.0,83542,315.9,7154401.24,18893.0,1.429230769
Dry chillies,2002,Whole Year ,TAMIL NADU,68566.0,40646,315.9,6491143.22,17141.5,0.640740741
Garlic,2002,Whole Year ,TAMIL NADU,565.0,3378,315.9,53488.55,141.25,5.69
Ginger,2002,Whole Year ,TAMIL NADU,416.0,6665,315.9,39382.72,104.0,16.00888889
Gram,2002,Rabi       ,TAMIL NADU,6199.0,4172,315.9,586859.33,1549.75,0.581666667
Groundnut,2002,Kharif     ,TAMIL NADU,502090.0,717403,315.9,47532860.3,125522.5,1.509285714
Horse-gram,2002,Kharif     ,TAMIL NADU,81711.0,20782,315.9,7735580.37,20427.75,0.25125
Jowar,2002,Kharif     ,TAMIL NADU,319607.0,213639,315.9,30257194.69,79901.75,0.765652174
Maize,2002,Kharif     ,TAMIL NADU,121057.0,191646,315.9,11460466.19,30264.25,1.806956522
Moong(Green Gram),2002,Kharif     ,TAMIL NADU,112812.0,48053,315.9,10679912.04,28203.0,0.411851852
Onion,2002,Whole Year ,TAMIL NADU,23492.0,198715,315.9,2223987.64,5873.0,8.54625
Other Kharif pulses,2002,Kharif     ,TAMIL NADU,121255.0,24850,315.9,11479210.85,30313.75,0.197037037
Potato,2002,Whole Year ,TAMIL NADU,4537.0,73362,315.9,429517.79,1134.25,18.3475
Ragi,2002,Kharif     ,TAMIL NADU,104286.0,140169,315.9,9872755.62,26071.5,1.6392
Rapeseed &Mustard,2002,Rabi       ,TAMIL NADU,585.0,142,315.9,55381.95,146.25,0.206
Rice,2002,Kharif     ,TAMIL NADU,1516537.0,3577108,315.9,143570557.8,379134.25,2.884642857
Sesamum,2002,Kharif     ,TAMIL NADU,64481.0,28047,315.9,6104416.27,16120.25,0.401785714
Small millets,2002,Kharif     ,TAMIL NADU,7348.0,4137,315.9,695635.16,1837.0,0.575454545
Sugarcane,2002,Whole Year ,TAMIL NADU,261416.0,24165390,315.9,24748252.72,65354.0,89.04185185
Sunflower,2002,Kharif     ,TAMIL NADU,7709.0,8908,315.9,729811.03,1927.25,1.075217391
Sweet potato,2002,Whole Year ,TAMIL NADU,814.0,11121,315.9,77061.38,203.5,13.8292
Tapioca,2002,Whole Year ,TAMIL NADU,67951.0,2146534,315.9,6432921.17,16987.75,32.53576923
Tobacco,2002,Whole Year ,TAMIL NADU,8213.0,12630,315.9,777524.71,2053.25,1.435454545
Turmeric,2002,Whole Year ,TAMIL NADU,17298.0,64536,315.9,1637601.66,4324.5,3.67
Urad,2002,Kharif     ,TAMIL NADU,196888.0,78555,315.9,18639386.96,49222.0,0.422962963
Arecanut,2003,Whole Year ,KERALA,102504.0,105490,2386.0,10145845.92,24600.96,0.86
Banana,2003,Whole Year ,KERALA,55906.0,442220,2386.0,5533575.88,13417.44,8.215
Black pepper,2003,Whole Year ,KERALA,216440.0,69015,2386.0,21423231.2,51945.6,0.222857143
Cardamom,2003,Whole Year ,KERALA,41332.0,8875,2386.0,4091041.36,9919.68,0.07
Cashewnut,2003,Whole Year ,KERALA,86376.0,65655,2386.0,8549496.48,20730.24,0.559285714
Coconut ,2003,Whole Year ,KERALA,898498.0,5876000000,2386.0,88933332.04,215639.52,6097.778571
Cotton(lint),2003,Kharif     ,KERALA,2949.0,4748,2386.0,291892.02,707.76,1.61
Garlic,2003,Whole Year ,KERALA,638.0,10846,2386.0,63149.24,153.12,17.0
Ginger,2003,Whole Year ,KERALA,8516.0,32972,2386.0,842913.68,2043.84,2.874285714
Groundnut,2003,Kharif     ,KERALA,2687.0,1988,2386.0,265959.26,644.88,0.74
Jowar,2003,Kharif     ,KERALA,2129.0,1087,2386.0,210728.42,510.96,0.628571429
Ragi,2003,Kharif     ,KERALA,1504.0,1217,2386.0,148865.92,360.96,0.76
Rice,2003,Autumn     ,KERALA,102770.0,220132,2386.0,10172174.6,24664.8,2.140769231
Rice,2003,Summer     ,KERALA,37186.0,83239,2386.0,3680670.28,8924.64,1.845
Rice,2003,Winter     ,KERALA,147384.0,266674,2386.0,14588068.32,35372.16,1.960714286
Sesamum,2003,Kharif     ,KERALA,1204.0,285,2386.0,119171.92,288.96,0.245555556
Small millets,2003,Kharif     ,KERALA,1233.0,960,2386.0,122042.34,295.92,0.726666667
Sugarcane,2003,Whole Year ,KERALA,3535.0,290980,2386.0,349894.3,848.4,82.35
Sweet potato,2003,Whole Year ,KERALA,1002.0,11981,2386.0,99177.96,240.48,11.52307692
Tapioca,2003,Whole Year ,KERALA,94297.0,2540790,2386.0,9333517.06,22631.28,28.62785714
Tobacco,2003,Whole Year ,KERALA,76.0,423,2386.0,7522.48,18.24,5.57
Turmeric,2003,Whole Year ,KERALA,2774.0,5652,2386.0,274570.52,665.76,1.967857143
Arecanut,2003,Whole Year ,TAMIL NADU,5219.0,0,345.6,516576.62,1252.56,0.0
Arhar/Tur,2003,Kharif     ,TAMIL NADU,44914.0,27475,345.6,4445587.72,10779.36,0.6396
Bajra,2003,Kharif     ,TAMIL NADU,158851.0,172342,345.6,15723071.98,38124.24,1.0744
Banana,2003,Whole Year ,TAMIL NADU,71088.0,2514729,345.6,7036290.24,17061.12,34.52965517
Black pepper,2003,Whole Year ,TAMIL NADU,4179.0,933,345.6,413637.42,1002.96,0.141666667
Cardamom,2003,Whole Year ,TAMIL NADU,5221.0,478,345.6,516774.58,1253.04,0.079
Cashewnut,2003,Whole Year ,TAMIL NADU,102763.0,39380,345.6,10171481.74,24663.12,0.361153846
Castor seed,2003,Kharif     ,TAMIL NADU,8720.0,2975,345.6,863105.6,2092.8,0.409545455
Coconut ,2003,Whole Year ,TAMIL NADU,352710.0,2560500000,345.6,34911235.8,84650.4,7781.805714
Coriander,2003,Whole Year ,TAMIL NADU,27722.0,8052,345.6,2743923.56,6653.28,0.300740741
Cotton(lint),2003,Kharif     ,TAMIL NADU,97777.0,119687,345.6,9677967.46,23466.48,1.504615385
Dry chillies,2003,Whole Year ,TAMIL NADU,75206.0,40067,345.6,7443889.88,18049.44,0.64
Garlic,2003,Whole Year ,TAMIL NADU,595.0,3411,345.6,58893.1,142.8,5.54
Ginger,2003,Kharif     ,TAMIL NADU,395.0,5599,345.6,39097.1,94.8,14.11833333
Gram,2003,Rabi       ,TAMIL NADU,6625.0,4349,345.6,655742.5,1590.0,0.586666667
Groundnut,2003,Kharif     ,TAMIL NADU,591696.0,918241,345.6,58566070.08,142007.04,1.513928571
Horse-gram,2003,Kharif     ,TAMIL NADU,68092.0,18240,345.6,6739746.16,16342.08,0.273043478
Jowar,2003,Kharif     ,TAMIL NADU,401607.0,245933,345.6,39751060.86,96385.68,0.7376
Maize,2003,Kharif     ,TAMIL NADU,160159.0,250992,345.6,15852537.82,38438.16,1.7856
Moong(Green Gram),2003,Kharif     ,TAMIL NADU,125690.0,53315,345.6,12440796.2,30165.6,0.407037037
Onion,2003,Whole Year ,TAMIL NADU,23452.0,211173,345.6,2321278.96,5628.48,8.768076923
Other Kharif pulses,2003,Kharif     ,TAMIL NADU,105792.0,21757,345.6,10471292.16,25390.08,0.239642857
Potato,2003,Whole Year ,TAMIL NADU,4341.0,70103,345.6,429672.18,1041.84,17.054
Ragi,2003,Kharif     ,TAMIL NADU,118439.0,176381,345.6,11723092.22,28425.36,1.792962963
Rapeseed &Mustard,2003,Rabi       ,TAMIL NADU,376.0,93,345.6,37216.48,90.24,0.386666667
Rice,2003,Kharif     ,TAMIL NADU,1396651.0,3222776,345.6,138240516.0,335196.24,2.728214286
Sesamum,2003,Kharif     ,TAMIL NADU,83835.0,29004,345.6,8297988.3,20120.4,0.347142857
Small millets,2003,Kharif     ,TAMIL NADU,68609.0,42529,345.6,6790918.82,16466.16,2.611153846
Sugarcane,2003,Whole Year ,TAMIL NADU,192069.0,19529277,345.6,19010989.62,46096.56,96.11384615
Sunflower,2003,Kharif     ,TAMIL NADU,10367.0,13408,345.6,1026125.66,2488.08,1.1916
Sweet potato,2003,Whole Year ,TAMIL NADU,1039.0,15049,345.6,102840.22,249.36,14.55
Tapioca,2003,Whole Year ,TAMIL NADU,95022.0,3201414,345.6,9405277.56,22805.28,33.38214286
Turmeric,2003,Whole Year ,TAMIL NADU,16181.0,67250,345.6,1601595.38,3883.44,3.909615385
Urad,2003,Kharif     ,TAMIL NADU,185732.0,75920,345.6,18383753.36,44575.68,0.412962963
Arecanut,2004,Whole Year ,KERALA,107572.0,110342,2880.2,11654350.48,22590.12,0.854285714
Banana,2004,Whole Year ,KERALA,58866.0,475371,2880.2,6377542.44,12361.86,7.803571429
Black pepper,2004,Whole Year ,KERALA,237669.0,74980,2880.2,25749059.46,49910.49,0.222857143
Cardamom,2004,Whole Year ,KERALA,41378.0,8616,2880.2,4482892.52,8689.38,0.069
Cashewnut,2004,Whole Year ,KERALA,81547.0,60584,2880.2,8834801.98,17124.87,0.56
Coconut ,2004,Whole Year ,KERALA,899267.0,6001000000,2880.2,97426586.78,188846.07,6112.145714
Cotton(lint),2004,Kharif     ,KERALA,1472.0,2370,2880.2,159476.48,309.12,1.61
Garlic,2004,Whole Year ,KERALA,306.0,5202,2880.2,33152.04,64.26,17.0
Ginger,2004,Whole Year ,KERALA,9991.0,45305,2880.2,1082424.94,2098.11,3.022857143
Groundnut,2004,Kharif     ,KERALA,1346.0,996,2880.2,145825.64,282.66,0.74
Jowar,2004,Kharif     ,KERALA,2566.0,1309,2880.2,278000.44,538.86,0.505
Other Cereals,2004,Kharif     ,KERALA,955.0,746,2880.2,103464.7,200.55,0.8475
Ragi,2004,Kharif     ,KERALA,1383.0,1119,2880.2,149834.22,290.43,0.782
Rice,2004,Autumn     ,KERALA,105349.0,241824,2880.2,11413510.66,22123.29,2.271538462
Rice,2004,Summer     ,KERALA,35732.0,89752,2880.2,3871204.88,7503.72,2.256923077
Rice,2004,Winter     ,KERALA,148893.0,335529,2880.2,16131067.62,31267.53,2.175714286
Sesamum,2004,Kharif     ,KERALA,883.0,260,2880.2,95664.22,185.43,0.228333333
Sugarcane,2004,Whole Year ,KERALA,1921.0,154300,2880.2,208121.14,403.41,82.35153846
Sweet potato,2004,Whole Year ,KERALA,836.0,10013,2880.2,90572.24,175.56,11.52769231
Tapioca,2004,Whole Year ,KERALA,88486.0,2400043,2880.2,9586573.24,18582.06,28.10571429
Tobacco,2004,Whole Year ,KERALA,40.0,223,2880.2,4333.6,8.4,5.58
Turmeric,2004,Whole Year ,KERALA,2881.0,6244,2880.2,312127.54,605.01,2.025
Arecanut,2004,Whole Year ,TAMIL NADU,5077.0,7390,1034.0,550042.18,1066.17,1.55
Arhar/Tur,2004,Kharif     ,TAMIL NADU,43416.0,28979,1034.0,4703689.44,9117.36,0.6684
Bajra,2004,Kharif     ,TAMIL NADU,97608.0,124300,1034.0,10574850.72,20497.68,1.408846154
Banana,2004,Whole Year ,TAMIL NADU,81498.0,3461788,1034.0,8829493.32,17114.58,41.73931034
Cardamom,2004,Whole Year ,TAMIL NADU,4936.0,450,1034.0,534766.24,1036.56,0.071818182
Cashewnut,2004,Whole Year ,TAMIL NADU,104659.0,44497,1034.0,11338756.06,21978.39,0.34037037
Castor seed,2004,Kharif     ,TAMIL NADU,8269.0,2598,1034.0,895863.46,1736.49,0.3392
Coconut ,2004,Whole Year ,TAMIL NADU,357056.0,4097000000,1034.0,38683447.04,74981.76,10877.70276
Coriander,2004,Whole Year ,TAMIL NADU,19350.0,8391,1034.0,2096379.0,4063.5,0.4236
Cotton(lint),2004,Kharif     ,TAMIL NADU,129364.0,185960,1034.0,14015295.76,27166.44,1.571153846
Dry chillies,2004,Whole Year ,TAMIL NADU,66990.0,44631,1034.0,7257696.6,14067.9,0.761724138
Garlic,2004,Whole Year ,TAMIL NADU,443.0,2632,1034.0,47994.62,93.03,5.854
Ginger,2004,Kharif     ,TAMIL NADU,574.0,11076,1034.0,62187.16,120.54,19.255
Gram,2004,Rabi       ,TAMIL NADU,6420.0,3942,1034.0,695542.8,1348.2,0.545
Groundnut,2004,Kharif     ,TAMIL NADU,615877.0,1005342,1034.0,66724114.18,129334.17,1.790714286
Horse-gram,2004,Kharif     ,TAMIL NADU,67513.0,20110,1034.0,7314358.42,14177.73,0.3068
Jowar,2004,Kharif     ,TAMIL NADU,376739.0,252063,1034.0,40815903.26,79115.19,0.825
Maize,2004,Kharif     ,TAMIL NADU,189893.0,294717,1034.0,20573007.62,39877.53,1.758846154
Moong(Green Gram),2004,Kharif     ,TAMIL NADU,154959.0,61760,1034.0,16788258.06,32541.39,0.417777778
Niger seed,2004,Kharif     ,TAMIL NADU,1239.0,0,1034.0,134233.26,260.19,0.0
Onion,2004,Whole Year ,TAMIL NADU,26491.0,256359,1034.0,2870034.94,5563.11,9.490357143
Other Kharif pulses,2004,Kharif     ,TAMIL NADU,91578.0,18642,1034.0,9921560.52,19231.38,0.201071429
Potato,2004,Whole Year ,TAMIL NADU,5034.0,79060,1034.0,545383.56,1057.14,16.0325
Ragi,2004,Kharif     ,TAMIL NADU,108845.0,154085,1034.0,11792267.3,22857.45,1.742307692
Rapeseed &Mustard,2004,Rabi       ,TAMIL NADU,452.0,109,1034.0,48969.68,94.92,0.25
Rice,2004,Kharif     ,TAMIL NADU,1872822.0,5061622,1034.0,202901535.5,393292.62,3.015172414
Sesamum,2004,Kharif     ,TAMIL NADU,72725.0,33840,1034.0,7879026.5,15272.25,0.397857143
Small millets,2004,Kharif     ,TAMIL NADU,50576.0,42869,1034.0,5479403.84,10620.96,0.8724
Sugarcane,2004,Whole Year ,TAMIL NADU,222188.0,24457244,1034.0,24071847.92,46659.48,104.66
Sunflower,2004,Kharif     ,TAMIL NADU,18152.0,19303,1034.0,1966587.68,3811.92,1.002962963
Sweet potato,2004,Whole Year ,TAMIL NADU,1397.0,21118,1034.0,151350.98,293.37,14.9992
Tapioca,2004,Whole Year ,TAMIL NADU,110589.0,4563776,1034.0,11981212.26,23223.69,41.5525
Turmeric,2004,Whole Year ,TAMIL NADU,21616.0,118447,1034.0,2341877.44,4539.36,5.096071429
Urad,2004,Kharif     ,TAMIL NADU,226364.0,82998,1034.0,24524275.76,47536.44,0.4075
Arecanut,2005,Whole Year ,KERALA,108590.0,119309,3030.9,13022112.8,22803.9,0.958571429
Banana,2005,Whole Year ,KERALA,61400.0,491823,3030.9,7363088.0,12894.0,8.060714286
Black pepper,2005,Whole Year ,KERALA,237998.0,87605,3030.9,28540720.16,49979.58,0.239285714
Cardamom,2005,Whole Year ,KERALA,41367.0,9765,3030.9,4960730.64,8687.07,0.065
Cashewnut,2005,Whole Year ,KERALA,78285.0,68262,3030.9,9387937.2,16439.85,0.621428571
Coconut ,2005,Whole Year ,KERALA,897833.0,6326000000,3030.9,107668133.4,188544.93,6500.859286
Cotton(lint),2005,Kharif     ,KERALA,2655.0,3452,3030.9,318387.6,557.55,1.3
Garlic,2005,Whole Year ,KERALA,65.0,1105,3030.9,7794.8,13.65,17.0
Ginger,2005,Whole Year ,KERALA,12226.0,56288,3030.9,1466141.92,2567.46,3.258571429
Groundnut,2005,Kharif     ,KERALA,3299.0,2441,3030.9,395616.08,692.79,0.74
Jowar,2005,Kharif     ,KERALA,2450.0,1248,3030.9,293804.0,514.5,0.2525
Other Cereals,2005,Kharif     ,KERALA,11.0,21,3030.9,1319.12,2.31,1.91
Ragi,2005,Kharif     ,KERALA,414.0,335,3030.9,49646.88,86.94,0.81
Rice,2005,Autumn     ,KERALA,98256.0,212520,3030.9,11782859.52,20633.76,2.096923077
Rice,2005,Summer     ,KERALA,21857.0,59733,3030.9,2621091.44,4589.97,2.345714286
Rice,2005,Winter     ,KERALA,155629.0,357734,3030.9,18663029.68,32682.09,2.189285714
Sesamum,2005,Kharif     ,KERALA,600.0,210,3030.9,71952.0,126.0,0.314545455
Sugarcane,2005,Whole Year ,KERALA,1222.0,91650,3030.9,146542.24,256.62,66.14538462
Sweet potato,2005,Whole Year ,KERALA,711.0,9013,3030.9,85263.12,149.31,11.48692308
Tapioca,2005,Whole Year ,KERALA,90539.0,2568284,3030.9,10857436.88,19013.19,28.00928571
Tobacco,2005,Whole Year ,KERALA,43.0,69,3030.9,5156.56,9.03,1.6
Turmeric,2005,Whole Year ,KERALA,3384.0,8237,3030.9,405809.28,710.64,2.211428571
Arecanut,2005,Whole Year ,TAMIL NADU,4773.0,9198,1364.1,572378.16,1002.33,1.212727273
Arhar/Tur,2005,Kharif     ,TAMIL NADU,37769.0,20400,1364.1,4529258.48,7931.49,0.6375
Bajra,2005,Kharif     ,TAMIL NADU,81925.0,94799,1364.1,9824446.0,17204.25,1.3144
Banana,2005,Whole Year ,TAMIL NADU,94648.0,4647635,1364.1,11350188.16,19876.08,48.51965517
Black pepper,2005,Whole Year ,TAMIL NADU,3745.0,851,1364.1,449100.4,786.45,0.173076923
Cardamom,2005,Whole Year ,TAMIL NADU,4887.0,448,1364.1,586049.04,1026.27,0.072727273
Cashewnut,2005,Whole Year ,TAMIL NADU,106059.0,43856,1364.1,12718595.28,22272.39,0.368571429
Castor seed,2005,Kharif     ,TAMIL NADU,8391.0,2777,1364.1,1006248.72,1762.11,0.313333333
Coconut ,2005,Whole Year ,TAMIL NADU,370515.0,4867100000,1364.1,44432158.8,77808.15,11777.93172
Coriander,2005,Whole Year ,TAMIL NADU,21062.0,6424,1364.1,2525755.04,4423.02,0.296956522
Cotton(lint),2005,Kharif     ,TAMIL NADU,109742.0,168154,1364.1,13160260.64,23045.82,1.643703704
Dry chillies,2005,Whole Year ,TAMIL NADU,49033.0,31830,1364.1,5880037.36,10296.93,0.797241379
Garlic,2005,Whole Year ,TAMIL NADU,428.0,2561,1364.1,51325.76,89.88,5.854
Ginger,2005,Kharif     ,TAMIL NADU,660.0,12735,1364.1,79147.2,138.6,19.31714286
Gram,2005,Rabi       ,TAMIL NADU,5907.0,4007,1364.1,708367.44,1240.47,0.493125
Groundnut,2005,Kharif     ,TAMIL NADU,618835.0,1097592,1364.1,74210693.2,129955.35,1.91
Horse-gram,2005,Kharif     ,TAMIL NADU,60415.0,22023,1364.1,7244966.8,12687.15,0.3724
Jowar,2005,Kharif     ,TAMIL NADU,316274.0,231449,1364.1,37927578.08,66417.54,0.897083333
Maize,2005,Kharif     ,TAMIL NADU,202830.0,0,1364.1,24323373.6,42594.3,0.0
Mesta,2005,Kharif     ,TAMIL NADU,1.0,0,1364.1,119.92,0.21,0.0
Moong(Green Gram),2005,Kharif     ,TAMIL NADU,136699.0,45881,1364.1,16392944.08,28706.79,0.383571429
Niger seed,2005,Kharif     ,TAMIL NADU,638.0,0,1364.1,76508.96,133.98,0.0
Onion,2005,Whole Year ,TAMIL NADU,29169.0,233796,1364.1,3497946.48,6125.49,8.07826087
Other Kharif pulses,2005,Kharif     ,TAMIL NADU,68999.0,21356,1364.1,8274360.08,14489.79,0.366923077
Potato,2005,Whole Year ,TAMIL NADU,5005.0,74593,1364.1,600199.6,1051.05,15.32
Ragi,2005,Kharif     ,TAMIL NADU,99549.0,132172,1364.1,11937916.08,20905.29,1.621923077
Rapeseed &Mustard,2005,Rabi       ,TAMIL NADU,528.0,130,1364.1,63317.76,110.88,0.25
Rice,2005,Kharif     ,TAMIL NADU,2050455.0,5209433,1364.1,245890563.6,430595.55,2.895517241
Sannhamp,2005,Kharif     ,TAMIL NADU,10.0,0,1364.1,1199.2,2.1,0.0
Sesamum,2005,Kharif     ,TAMIL NADU,65118.0,30772,1364.1,7808950.56,13674.78,0.414444444
Small millets,2005,Kharif     ,TAMIL NADU,40366.0,30071,1364.1,4840690.72,8476.86,0.77375
Soyabean,2005,Kharif     ,TAMIL NADU,630.0,0,1364.1,75549.6,132.3,0.0
Sugarcane,2005,Whole Year ,TAMIL NADU,335397.0,35113269,1364.1,40220808.24,70433.37,102.4842857
Sunflower,2005,Kharif     ,TAMIL NADU,17056.0,21148,1364.1,2045355.52,3581.76,1.18037037
Sweet potato,2005,Whole Year ,TAMIL NADU,1417.0,29555,1364.1,169926.64,297.57,20.8868
Tapioca,2005,Whole Year ,TAMIL NADU,127122.0,4857440,1364.1,15244470.24,26695.62,38.21481481
Tobacco,2005,Whole Year ,TAMIL NADU,5102.0,7792,1364.1,611831.84,1071.42,1.451
Turmeric,2005,Whole Year ,TAMIL NADU,25970.0,143358,1364.1,3114322.4,5453.7,5.547037037
Urad,2005,Kharif     ,TAMIL NADU,215448.0,70758,1364.1,25836524.16,45244.08,0.403571429
Arecanut,2006,Whole Year ,KERALA,102078.0,109968,3429.7,13036381.38,22457.16,0.933571429
Banana,2006,Whole Year ,KERALA,59143.0,463766,3429.7,7553152.53,13011.46,7.988571429
Black pepper,2006,Whole Year ,KERALA,216709.0,64264,3429.7,27675906.39,47675.98,0.217857143
Cardamom,2006,Whole Year ,KERALA,41362.0,8545,3429.7,5282341.02,9099.64,0.057
Cashewnut,2006,Whole Year ,KERALA,70463.0,61680,3429.7,8998829.73,15501.86,0.577857143
Coconut ,2006,Whole Year ,KERALA,872943.0,6054000000,3429.7,111483550.5,192047.46,6522.32
Cotton(lint),2006,Kharif     ,KERALA,1300.0,1690,3429.7,166023.0,286.0,1.3
Garlic,2006,Whole Year ,KERALA,221.0,3757,3429.7,28223.91,48.62,17.0
Ginger,2006,Whole Year ,KERALA,11082.0,42496,3429.7,1415282.22,2438.04,3.239285714
Groundnut,2006,Kharif     ,KERALA,2813.0,2081,3429.7,359248.23,618.86,0.74
Jowar,2006,Kharif     ,KERALA,1827.0,929,3429.7,233326.17,401.94,0.593333333
Other Cereals,2006,Kharif     ,KERALA,625.0,489,3429.7,79818.75,137.5,0.793333333
Ragi,2006,Kharif     ,KERALA,516.0,417,3429.7,65898.36,113.52,0.7225
Rice,2006,Autumn     ,KERALA,83859.0,191241,3429.7,10709632.89,18448.98,2.270769231
Rice,2006,Summer     ,KERALA,35946.0,103571,3429.7,4590663.66,7908.12,2.497857143
Rice,2006,Winter     ,KERALA,143724.0,346763,3429.7,18354992.04,31619.28,2.286428571
Sesamum,2006,Kharif     ,KERALA,732.0,294,3429.7,93483.72,161.04,0.397
Sugarcane,2006,Whole Year ,KERALA,1161.0,65790,3429.7,148271.31,255.42,33.668
Sweet potato,2006,Whole Year ,KERALA,505.0,6405,3429.7,64493.55,111.1,11.50071429
Tapioca,2006,Whole Year ,KERALA,87128.0,2518999,3429.7,11127116.88,19168.16,29.46214286
Tobacco,2006,Whole Year ,KERALA,31.0,50,3429.7,3959.01,6.82,1.61
Turmeric,2006,Whole Year ,KERALA,3917.0,9980,3429.7,500240.07,861.74,2.168571429
Arecanut,2006,Whole Year ,TAMIL NADU,5526.0,11904,927.9,705725.46,1215.72,1.603636364
Arhar/Tur,2006,Whole Year ,TAMIL NADU,29127.0,21334,927.9,3719809.17,6407.94,0.744
Bajra,2006,Whole Year ,TAMIL NADU,65512.0,98969,927.9,8366537.52,14412.64,1.588333333
Banana,2006,Whole Year ,TAMIL NADU,105206.0,5637371,927.9,13435858.26,23145.32,54.02931034
Black pepper,2006,Whole Year ,TAMIL NADU,3703.0,843,927.9,472910.13,814.66,0.186923077
Cardamom,2006,Whole Year ,TAMIL NADU,4441.0,404,927.9,567160.11,977.02,0.0675
Cashewnut,2006,Whole Year ,TAMIL NADU,103968.0,51057,927.9,13277753.28,22872.96,0.503571429
Castor seed,2006,Whole Year ,TAMIL NADU,5289.0,1674,927.9,675458.19,1163.58,0.35375
Coconut ,2006,Whole Year ,TAMIL NADU,374604.0,5429900000,927.9,47840676.84,82412.88,13584.69138
Coriander,2006,Whole Year ,TAMIL NADU,17425.0,5676,927.9,2225346.75,3833.5,0.321304348
Cotton(lint),2006,Whole Year ,TAMIL NADU,100339.0,220864,927.9,12814293.69,22074.58,2.281111111
Dry chillies,2006,Whole Year ,TAMIL NADU,61418.0,42719,927.9,7843692.78,13511.96,0.803928571
Garlic,2006,Whole Year ,TAMIL NADU,528.0,3139,927.9,67430.88,116.16,5.304
Ginger,2006,Whole Year ,TAMIL NADU,669.0,12468,927.9,85437.99,147.18,18.65625
Gram,2006,Whole Year ,TAMIL NADU,5933.0,3831,927.9,757703.43,1305.26,0.53
Groundnut,2006,Whole Year ,TAMIL NADU,508032.0,1006475,927.9,64880766.72,111767.04,2.085357143
Horse-gram,2006,Whole Year ,TAMIL NADU,55635.0,32549,927.9,7105145.85,12239.7,0.5884
Jowar,2006,Whole Year ,TAMIL NADU,294376.0,293940,927.9,37594758.96,64762.72,1.212916667
Maize,2006,Whole Year ,TAMIL NADU,197782.0,759112,927.9,25258739.22,43512.04,4.483076923
Moong(Green Gram),2006,Whole Year ,TAMIL NADU,134071.0,77404,927.9,17122207.41,29495.62,0.588214286
Onion,2006,Whole Year ,TAMIL NADU,29587.0,258333,927.9,3778555.77,6509.14,8.720454545
Potato,2006,Whole Year ,TAMIL NADU,5190.0,77443,927.9,662814.9,1141.8,15.11333333
Ragi,2006,Whole Year ,TAMIL NADU,95478.0,148148,927.9,12193495.38,21005.16,2.046153846
Rapeseed &Mustard,2006,Whole Year ,TAMIL NADU,344.0,80,927.9,43932.24,75.68,0.150769231
Rice,2006,Kharif     ,TAMIL NADU,1931397.0,6610607,927.9,246658710.9,424907.34,3.584827586
Sesamum,2006,Whole Year ,TAMIL NADU,52624.0,27328,927.9,6720611.04,11577.28,0.491111111
Small millets,2006,Kharif     ,TAMIL NADU,52702.0,61473,927.9,6730572.42,11594.44,1.057826087
Sugarcane,2006,Whole Year ,TAMIL NADU,391201.0,48037332,927.9,49960279.71,86064.22,118.1746429
Sunflower,2006,Whole Year ,TAMIL NADU,26194.0,47884,927.9,3345235.74,5762.68,1.726538462
Sweet potato,2006,Whole Year ,TAMIL NADU,1127.0,18933,927.9,143929.17,247.94,17.74740741
Tapioca,2006,Whole Year ,TAMIL NADU,139628.0,5635436,927.9,17831891.88,30718.16,41.62785714
Tobacco,2006,Whole Year ,TAMIL NADU,5041.0,7724,927.9,643786.11,1109.02,1.443333333
Turmeric,2006,Whole Year ,TAMIL NADU,30528.0,175388,927.9,3898730.88,6716.16,5.748148148
Urad,2006,Whole Year ,TAMIL NADU,251014.0,143053,927.9,32056997.94,55223.08,0.6425
Arecanut,2007,Whole Year ,KERALA,99787.0,114690,3489.6,13311585.8,15965.92,0.921428571
Banana,2007,Whole Year ,KERALA,59341.0,439803,3489.6,7916089.4,9494.56,7.534285714
Black pepper,2007,Whole Year ,KERALA,175679.0,41952,3489.6,23435578.6,28108.64,0.19
Cardamom,2007,Whole Year ,KERALA,39763.0,7031,3489.6,5304384.2,6362.08,0.047272727
Cashewnut,2007,Whole Year ,KERALA,58381.0,52402,3489.6,7788025.4,9340.96,0.579285714
Coconut ,2007,Whole Year ,KERALA,818812.0,5641000000,3489.6,109229520.8,131009.92,6390.165714
Cotton(lint),2007,Kharif     ,KERALA,1295.0,1680,3489.6,172753.0,207.2,0.65
Garlic,2007,Whole Year ,KERALA,350.0,5950,3489.6,46690.0,56.0,17.0
Ginger,2007,Whole Year ,KERALA,8865.0,31726,3489.6,1182591.0,1418.4,3.017142857
Groundnut,2007,Kharif     ,KERALA,2911.0,2154,3489.6,388327.4,465.76,0.87
Jowar,2007,Kharif     ,KERALA,3083.0,1573,3489.6,411272.2,493.28,0.6425
Other Cereals,2007,Kharif     ,KERALA,341.0,267,3489.6,45489.4,54.56,0.853333333
Ragi,2007,Kharif     ,KERALA,266.0,216,3489.6,35484.4,42.56,0.968333333
Rice,2007,Autumn     ,KERALA,77533.0,168108,3489.6,10342902.2,12405.28,2.07
Rice,2007,Summer     ,KERALA,45447.0,109277,3489.6,6062629.8,7271.52,2.335714286
Rice,2007,Winter     ,KERALA,105958.0,251103,3489.6,14134797.2,16953.28,2.252857143
Sesamum,2007,Kharif     ,KERALA,533.0,171,3489.6,71102.2,85.28,0.305
Sugarcane,2007,Whole Year ,KERALA,2991.0,159150,3489.6,398999.4,478.56,37.17272727
Sweet potato,2007,Whole Year ,KERALA,499.0,6343,3489.6,66566.6,79.84,11.49785714
Tapioca,2007,Whole Year ,KERALA,83990.0,2556455,3489.6,11204266.0,13438.4,29.41142857
Tobacco,2007,Whole Year ,KERALA,43.0,69,3489.6,5736.2,6.88,1.6
Turmeric,2007,Whole Year ,KERALA,3155.0,7434,3489.6,420877.0,504.8,2.167857143
Arecanut,2007,Whole Year ,TAMIL NADU,5553.0,11739,1067.2,740770.2,888.48,2.057391304
Arhar/Tur,2007,Whole Year ,TAMIL NADU,30057.0,21077,1067.2,4009603.8,4809.12,0.73375
Bajra,2007,Whole Year ,TAMIL NADU,59798.0,85840,1067.2,7977053.2,9567.68,1.6084
Banana,2007,Whole Year ,TAMIL NADU,112793.0,5384825,1067.2,15046586.2,18046.88,48.00758621
Black pepper,2007,Whole Year ,TAMIL NADU,3130.0,719,1067.2,417542.0,500.8,0.145333333
Cardamom,2007,Whole Year ,TAMIL NADU,4404.0,402,1067.2,587493.6,704.64,0.078
Cashewnut,2007,Whole Year ,TAMIL NADU,101309.0,57905,1067.2,13514620.6,16209.44,0.548148148
Castor seed,2007,Whole Year ,TAMIL NADU,5184.0,1624,1067.2,691545.6,829.44,0.344782609
Coconut ,2007,Whole Year ,TAMIL NADU,383366.0,5438500000,1067.2,51141024.4,61338.56,13190.09759
Coriander,2007,Whole Year ,TAMIL NADU,13288.0,5120,1067.2,1772619.2,2126.08,0.385909091
Cotton(lint),2007,Whole Year ,TAMIL NADU,99335.0,200673,1067.2,13251289.0,15893.6,2.013928571
Dry chillies,2007,Whole Year ,TAMIL NADU,67408.0,34084,1067.2,8992227.2,10785.28,0.627586207
Garlic,2007,Whole Year ,TAMIL NADU,505.0,2994,1067.2,67367.0,80.8,5.763333333
Ginger,2007,Whole Year ,TAMIL NADU,625.0,11898,1067.2,83375.0,100.0,18.97857143
Gram,2007,Whole Year ,TAMIL NADU,6800.0,4587,1067.2,907120.0,1088.0,0.5575
Groundnut,2007,Whole Year ,TAMIL NADU,535211.0,1047586,1067.2,71397147.4,85633.76,1.850357143
Horse-gram,2007,Whole Year ,TAMIL NADU,48448.0,21339,1067.2,6462963.2,7751.68,0.4488
Jowar,2007,Whole Year ,TAMIL NADU,283526.0,247836,1067.2,37822368.4,45364.16,1.0528
Maize,2007,Whole Year ,TAMIL NADU,223428.0,810057,1067.2,29805295.2,35748.48,4.077307692
Moong(Green Gram),2007,Whole Year ,TAMIL NADU,158691.0,46213,1067.2,21169379.4,25390.56,0.414285714
Onion,2007,Whole Year ,TAMIL NADU,29809.0,287208,1067.2,3976520.6,4769.44,9.574347826
Potato,2007,Whole Year ,TAMIL NADU,4066.0,68169,1067.2,542404.4,650.56,17.018
Ragi,2007,Whole Year ,TAMIL NADU,93701.0,175944,1067.2,12499713.4,14992.16,1.996538462
Rapeseed &Mustard,2007,Whole Year ,TAMIL NADU,275.0,67,1067.2,36685.0,44.0,0.204545455
Rice,2007,Kharif     ,TAMIL NADU,1789170.0,5039954,1067.2,238675278.0,286267.2,3.213793103
Sesamum,2007,Whole Year ,TAMIL NADU,74376.0,32201,1067.2,9921758.4,11900.16,0.434814815
Small millets,2007,Kharif     ,TAMIL NADU,38240.0,37084,1067.2,5101216.0,6118.4,0.956956522
Sugarcane,2007,Whole Year ,TAMIL NADU,354022.0,38070965,1067.2,47226534.8,56643.52,104.9803571
Sunflower,2007,Whole Year ,TAMIL NADU,44177.0,70203,1067.2,5893211.8,7068.32,1.513076923
Sweet potato,2007,Whole Year ,TAMIL NADU,1088.0,14780,1067.2,145139.2,174.08,13.7055
Tapioca,2007,Whole Year ,TAMIL NADU,140092.0,5912307,1067.2,18688272.8,22414.72,42.09785714
Tobacco,2007,Whole Year ,TAMIL NADU,5903.0,9056,1067.2,787460.2,944.48,1.4625
Turmeric,2007,Whole Year ,TAMIL NADU,27303.0,146008,1067.2,3642220.2,4368.48,5.253846154
Urad,2007,Whole Year ,TAMIL NADU,307515.0,79980,1067.2,41022501.0,49202.4,0.397857143
Arecanut,2008,Whole Year ,KERALA,97492.0,125654,2524.8,13945255.68,8774.28,1.047142857
Banana,2008,Whole Year ,KERALA,54739.0,435979,2524.8,7829866.56,4926.51,7.93
Black pepper,2008,Whole Year ,KERALA,153711.0,33991,2524.8,21986821.44,13833.99,0.182857143
Cardamom,2008,Whole Year ,KERALA,41588.0,8550,2524.8,5948747.52,3742.92,0.061111111
Cashewnut,2008,Whole Year ,KERALA,53007.0,42334,2524.8,7582121.28,4770.63,0.518571429
Coconut ,2008,Whole Year ,KERALA,787769.0,5802000000,2524.8,112682477.8,70899.21,6765.202857
Cotton(lint),2008,Kharif     ,KERALA,1152.0,1498,2524.8,164782.08,103.68,1.3
Garlic,2008,Whole Year ,KERALA,320.0,5440,2524.8,45772.8,28.8,17.0
Ginger,2008,Whole Year ,KERALA,7421.0,30809,2524.8,1061499.84,667.89,3.17
Groundnut,2008,Kharif     ,KERALA,1733.0,1282,2524.8,247888.32,155.97,0.74
Jowar,2008,Kharif     ,KERALA,2306.0,1177,2524.8,329850.24,207.54,0.6525
Other Cereals,2008,Kharif     ,KERALA,371.0,290,2524.8,53067.84,33.39,0.91
Ragi,2008,Kharif     ,KERALA,608.0,492,2524.8,86968.32,54.72,0.856
Rice,2008,Autumn     ,KERALA,79381.0,192770,2524.8,11354658.24,7144.29,2.295384615
Rice,2008,Summer     ,KERALA,49762.0,148370,2524.8,7117956.48,4478.58,2.446428571
Rice,2008,Winter     ,KERALA,105122.0,249101,2524.8,15036650.88,9460.98,2.260714286
Sesamum,2008,Kharif     ,KERALA,576.0,308,2524.8,82391.04,51.84,0.465714286
Sugarcane,2008,Whole Year ,KERALA,3392.0,275480,2524.8,485191.68,305.28,73.525
Sweet potato,2008,Whole Year ,KERALA,386.0,4827,2524.8,55213.44,34.74,11.5
Tapioca,2008,Whole Year ,KERALA,87241.0,2712114,2524.8,12478952.64,7851.69,31.64142857
Tobacco,2008,Whole Year ,KERALA,39.0,63,2524.8,5578.56,3.51,1.62
Turmeric,2008,Whole Year ,KERALA,2782.0,6364,2524.8,397937.28,250.38,2.169285714
Arecanut,2008,Whole Year ,TAMIL NADU,5612.0,11061,1201.9,802740.48,505.08,1.708333333
Arhar/Tur,2008,Whole Year ,TAMIL NADU,27483.0,16703,1201.9,3931168.32,2473.47,0.606923077
Bajra,2008,Whole Year ,TAMIL NADU,56672.0,84021,1201.9,8106362.88,5100.48,2.5968
Banana,2008,Whole Year ,TAMIL NADU,115804.0,5148134,1201.9,16564604.16,10422.36,44.54483871
Black pepper,2008,Whole Year ,TAMIL NADU,3122.0,716,1201.9,446570.88,280.98,0.155
Cardamom,2008,Whole Year ,TAMIL NADU,4051.0,370,1201.9,579455.04,364.59,0.094
Cashewnut,2008,Whole Year ,TAMIL NADU,99168.0,51667,1201.9,14184990.72,8925.12,338.5489655
Castor seed,2008,Whole Year ,TAMIL NADU,5523.0,1702,1201.9,790009.92,497.07,0.322222222
Coconut ,2008,Whole Year ,TAMIL NADU,389429.0,5362000000,1201.9,55703924.16,35048.61,13834.07258
Coriander,2008,Whole Year ,TAMIL NADU,14139.0,4815,1201.9,2022442.56,1272.51,0.357826087
Cotton(lint),2008,Whole Year ,TAMIL NADU,114516.0,187673,1201.9,16380368.64,10306.44,1.797586207
Dry chillies,2008,Whole Year ,TAMIL NADU,65412.0,32924,1201.9,9356532.48,5887.08,0.651290323
Garlic,2008,Whole Year ,TAMIL NADU,351.0,2067,1201.9,50207.04,31.59,5.76
Ginger,2008,Whole Year ,TAMIL NADU,817.0,16340,1201.9,116863.68,73.53,20.0
Gram,2008,Whole Year ,TAMIL NADU,6852.0,4355,1201.9,980110.08,616.68,0.534761905
Groundnut,2008,Whole Year ,TAMIL NADU,489844.0,974768,1201.9,70067285.76,44085.96,2.373666667
Horse-gram,2008,Whole Year ,TAMIL NADU,44749.0,21052,1201.9,6400896.96,4027.41,0.459230769
Jowar,2008,Whole Year ,TAMIL NADU,258876.0,213436,1201.9,37029623.04,23298.84,1.152142857
Maize,2008,Whole Year ,TAMIL NADU,286639.0,1257882,1201.9,41000842.56,25797.51,5.226296296
Moong(Green Gram),2008,Whole Year ,TAMIL NADU,138598.0,31336,1201.9,19825057.92,12473.82,0.336333333
Onion,2008,Whole Year ,TAMIL NADU,30255.0,286040,1201.9,4327675.2,2722.95,10.1544
Potato,2008,Whole Year ,TAMIL NADU,4367.0,80538,1201.9,624655.68,393.03,19.39
Ragi,2008,Whole Year ,TAMIL NADU,90079.0,169944,1201.9,12884900.16,8107.11,2.228928571
Rapeseed &Mustard,2008,Whole Year ,TAMIL NADU,257.0,63,1201.9,36761.28,23.13,0.282222222
Rice,2008,Kharif     ,TAMIL NADU,1931603.0,5183385,1201.9,276296493.1,173844.27,3.562580645
Sesamum,2008,Whole Year ,TAMIL NADU,63693.0,32242,1201.9,9110646.72,5732.37,0.467777778
Small millets,2008,Kharif     ,TAMIL NADU,33512.0,25697,1201.9,4793556.48,3016.08,1.742
Sugarcane,2008,Whole Year ,TAMIL NADU,308800.0,32798888,1201.9,44170752.0,27792.0,111.4553333
Sunflower,2008,Whole Year ,TAMIL NADU,25755.0,34356,1201.9,3683995.2,2317.95,1.768571429
Sweet potato,2008,Whole Year ,TAMIL NADU,658.0,8743,1201.9,94120.32,59.22,13.52565217
Tapioca,2008,Whole Year ,TAMIL NADU,124301.0,4533359,1201.9,17780015.04,11187.09,35.91833333
Tobacco,2008,Whole Year ,TAMIL NADU,5379.0,8214,1201.9,769412.16,484.11,1.593333333
Turmeric,2008,Whole Year ,TAMIL NADU,29875.0,172334,1201.9,4273320.0,2688.75,5.326296296
Urad,2008,Whole Year ,TAMIL NADU,263671.0,82983,1201.9,37715499.84,23730.39,0.666666667
Arecanut,2009,Whole Year ,KERALA,99190.0,116763,2821.5,15455785.8,16862.3,0.976428571
Banana,2009,Whole Year ,KERALA,51275.0,406242,2821.5,7989670.5,8716.75,7.835714286
Black pepper,2009,Whole Year ,KERALA,171489.0,42460,2821.5,26721415.98,29153.13,0.190714286
Cardamom,2009,Whole Year ,KERALA,41593.0,7800,2821.5,6481021.26,7070.81,0.057777778
Cashewnut,2009,Whole Year ,KERALA,48972.0,35818,2821.5,7630817.04,8325.24,0.482857143
Coconut ,2009,Whole Year ,KERALA,778618.0,5667000000,2821.5,121324256.8,132365.06,6728.865
Cotton(lint),2009,Kharif     ,KERALA,1018.0,1324,2821.5,158624.76,173.06,1.3
Garlic,2009,Whole Year ,KERALA,336.0,5712,2821.5,52355.52,57.12,17.0
Ginger,2009,Whole Year ,KERALA,5408.0,28603,2821.5,842674.56,919.36,3.402142857
Groundnut,2009,Kharif     ,KERALA,1340.0,992,2821.5,208798.8,227.8,0.87
Jowar,2009,Kharif     ,KERALA,2547.0,1305,2821.5,396873.54,432.99,0.6675
Other Cereals,2009,Kharif     ,KERALA,226.0,176,2821.5,35215.32,38.42,0.765
Ragi,2009,Kharif     ,KERALA,293.0,236,2821.5,45655.26,49.81,0.405
Rice,2009,Autumn     ,KERALA,77249.0,192050,2821.5,12036939.18,13132.33,2.303076923
Rice,2009,Summer     ,KERALA,49279.0,134005,2821.5,7678653.78,8377.43,2.385
Rice,2009,Winter     ,KERALA,107485.0,272284,2821.5,16748312.7,18272.45,2.286428571
Sesamum,2009,Kharif     ,KERALA,608.0,206,2821.5,94738.56,103.36,0.28
Sugarcane,2009,Whole Year ,KERALA,2972.0,284970,2821.5,463097.04,505.24,50.8875
Sweet potato,2009,Whole Year ,KERALA,399.0,4575,2821.5,62172.18,67.83,11.49857143
Tapioca,2009,Whole Year ,KERALA,74925.0,2525384,2821.5,11674813.5,12737.25,34.51142857
Tobacco,2009,Whole Year ,KERALA,29.0,34,2821.5,4518.78,4.93,1.17
Turmeric,2009,Whole Year ,KERALA,2438.0,6066,2821.5,379889.16,414.46,2.276428571
Arecanut,2009,Whole Year ,TAMIL NADU,5456.0,10437,928.5,850153.92,927.52,1.605
Arhar/Tur,2009,Whole Year ,TAMIL NADU,26558.0,20274,928.5,4138267.56,4514.86,0.709615385
Bajra,2009,Whole Year ,TAMIL NADU,54427.0,82652,928.5,8480815.14,9252.59,1.649615385
Banana,2009,Whole Year ,TAMIL NADU,113681.0,4887841,928.5,17713773.42,19325.77,43.52
Black pepper,2009,Whole Year ,TAMIL NADU,2790.0,643,928.5,434737.8,474.3,0.153846154
Cardamom,2009,Whole Year ,TAMIL NADU,3650.0,330,928.5,568743.0,620.5,0.058461538
Cashewnut,2009,Whole Year ,TAMIL NADU,99043.0,49550,928.5,15432880.26,16837.31,0.496785714
Castor seed,2009,Whole Year ,TAMIL NADU,4896.0,1521,928.5,762894.72,832.32,0.313703704
Coconut ,2009,Whole Year ,TAMIL NADU,400466.0,5547100000,928.5,62400612.12,68079.22,14134.65935
Coriander,2009,Whole Year ,TAMIL NADU,15977.0,6315,928.5,2489536.14,2716.09,0.355416667
Cotton(lint),2009,Whole Year ,TAMIL NADU,104095.0,225448,928.5,16220082.9,17696.15,2.502333333
Dry chillies,2009,Whole Year ,TAMIL NADU,58476.0,31230,928.5,9111730.32,9940.92,0.629032258
Garlic,2009,Whole Year ,TAMIL NADU,330.0,1954,928.5,51420.6,56.1,4.256
Ginger,2009,Whole Year ,TAMIL NADU,864.0,13867,928.5,134628.48,146.88,16.036
Gram,2009,Whole Year ,TAMIL NADU,7432.0,4542,928.5,1158054.24,1263.44,0.523
Groundnut,2009,Whole Year ,TAMIL NADU,413011.0,895718,928.5,64355374.02,70211.87,2.120322581
Horse-gram,2009,Whole Year ,TAMIL NADU,47231.0,21816,928.5,7359534.42,8029.27,0.4292
Jowar,2009,Whole Year ,TAMIL NADU,238476.0,221960,928.5,37159330.32,40540.92,1.287777778
Maize,2009,Whole Year ,TAMIL NADU,244159.0,1138126,928.5,38044855.38,41507.03,4.798888889
Moong(Green Gram),2009,Whole Year ,TAMIL NADU,138138.0,47673,928.5,21524663.16,23483.46,0.410322581
Onion,2009,Whole Year ,TAMIL NADU,31024.0,302563,928.5,4834159.68,5274.08,9.8704
Potato,2009,Whole Year ,TAMIL NADU,4611.0,84683,928.5,718486.02,783.87,19.2475
Ragi,2009,Whole Year ,TAMIL NADU,82335.0,160939,928.5,12829439.7,13996.95,2.344642857
Rapeseed &Mustard,2009,Whole Year ,TAMIL NADU,262.0,62,928.5,40824.84,44.54,0.167777778
Rice,2009,Kharif     ,TAMIL NADU,1845553.0,5665258,928.5,287574068.5,313744.01,3.539677419
Sesamum,2009,Whole Year ,TAMIL NADU,62677.0,29021,928.5,9766330.14,10655.09,0.413448276
Small millets,2009,Kharif     ,TAMIL NADU,33141.0,31244,928.5,5164030.62,5633.97,0.932173913
Sugarcane,2009,Whole Year ,TAMIL NADU,293329.0,29758209,928.5,45706524.78,49865.93,100.2083333
Sunflower,2009,Whole Year ,TAMIL NADU,14268.0,18975,928.5,2223239.76,2425.56,1.448518519
Sweet potato,2009,Whole Year ,TAMIL NADU,778.0,11381,928.5,121227.96,132.26,14.6992
Tapioca,2009,Whole Year ,TAMIL NADU,118647.0,4089545,928.5,18487575.54,20169.99,35.70034483
Tobacco,2009,Whole Year ,TAMIL NADU,7051.0,10741,928.5,1098686.82,1198.67,1.407857143
Turmeric,2009,Whole Year ,TAMIL NADU,33366.0,169071,928.5,5199090.12,5672.22,5.103076923
Urad,2009,Whole Year ,TAMIL NADU,259722.0,98712,928.5,40469882.04,44152.74,0.392333333
Arecanut,2010,Whole Year ,KERALA,99833.5,99909,3131.8,16583342.68,23960.04,0.827857143
Banana,2010,Whole Year ,KERALA,58671.14,483667,3131.8,9745863.065,14081.0736,8.239285714
Black pepper,2010,Whole Year ,KERALA,172181.55,45267,3131.8,28601077.27,41323.572,0.180714286
Cashewnut,2010,Whole Year ,KERALA,43847.75,34752,3131.8,7283549.752,10523.46,0.47
Coconut ,2010,Whole Year ,KERALA,770473.13,5286561000,3131.8,127983291.6,184913.5512,6501.544286
Ginger,2010,Whole Year ,KERALA,6087.93,33197,3131.8,1011266.052,1461.1032,3.533571429
Rice,2010,Autumn     ,KERALA,70498.28,170262,3131.8,11710469.29,16919.5872,2.236923077
Rice,2010,Summer     ,KERALA,51132.63,137465,3131.8,8493641.169,12271.8312,2.48
Rice,2010,Winter     ,KERALA,91555.59,215011,3131.8,15208299.05,21973.3416,2.202142857
Sesamum,2010,Kharif     ,KERALA,518.81,228,3131.8,86179.5291,124.5144,0.258571429
Sugarcane,2010,Whole Year ,KERALA,2844.91,271845,3131.8,472568.0001,682.7784,41.51714286
Tapioca,2010,Whole Year ,KERALA,72284.1,2408962,3131.8,12007111.85,17348.184,34.24
Turmeric,2010,Whole Year ,KERALA,2390.78,6198,3131.8,397132.4658,573.7872,2.415
Arecanut,2011,Whole Year ,KERALA,104548.36,121623,3035.1,17513941.27,34500.9588,0.92
Banana,2011,Whole Year ,KERALA,59069.4,514054,3035.1,9895305.888,19492.902,8.229285714
Black pepper,2011,Whole Year ,KERALA,85335.38,37501,3035.1,14295382.86,28160.6754,0.369285714
Cardamom,2011,Whole Year ,KERALA,8510.0,723,3035.1,1425595.2,2808.3,0.03875
Cashewnut,2011,Whole Year ,KERALA,54052.21,36743,3035.1,9054826.219,17837.2293,0.381428571
Coconut ,2011,Whole Year ,KERALA,820866.94,5940564000,3035.1,137511629.8,270886.0902,6884.550714
Ginger,2011,Whole Year ,KERALA,6907.59,37125,3035.1,1157159.477,2279.5047,3.563571429
Potato,2011,Whole Year ,KERALA,386.0,4827,3035.1,64662.72,127.38,11.5
Rice,2011,Autumn     ,KERALA,68134.83,171662,3035.1,11413946.72,22484.4939,2.301538462
Rice,2011,Summer     ,KERALA,47290.01,149217,3035.1,7922022.475,15605.7033,2.7
Rice,2011,Winter     ,KERALA,92734.9,248114,3035.1,15534950.45,30602.517,2.426428571
Sesamum,2011,Kharif     ,KERALA,196.56,76,3035.1,32927.7312,64.8648,0.25375
Sugarcane,2011,Whole Year ,KERALA,2604.41,263034,3035.1,436290.7632,859.4553,38.00357143
Tapioca,2011,Whole Year ,KERALA,74497.84,2547399,3035.1,12479878.16,24584.2872,34.15642857
Tobacco,2011,Whole Year ,KERALA,43.0,69,3035.1,7203.36,14.19,1.6
Turmeric,2011,Whole Year ,KERALA,2970.45,7946,3035.1,497609.784,980.2485,2.467142857
Arecanut,2011,Whole Year ,TAMIL NADU,6509.0,15948,926.5,1090387.68,2147.97,2.054583333
Arhar/Tur,2011,Whole Year ,TAMIL NADU,35968.0,31292,926.5,6025359.36,11869.44,0.867037037
Bajra,2011,Kharif     ,TAMIL NADU,30837.0,68165,926.5,5165814.24,10176.21,2.1
Bajra,2011,Rabi       ,TAMIL NADU,15827.0,46282,926.5,2651339.04,5222.91,2.827272727
Banana,2011,Whole Year ,TAMIL NADU,103107.0,4505435,926.5,17272484.64,34025.31,43.34580645
Black pepper,2011,Whole Year ,TAMIL NADU,3767.0,856,926.5,631047.84,1243.11,0.174285714
Cardamom,2011,Whole Year ,TAMIL NADU,4321.0,393,926.5,723853.92,1425.93,0.073636364
Cashewnut,2011,Whole Year ,TAMIL NADU,97033.0,25532,926.5,16254968.16,32020.89,0.285172414
Castor seed,2011,Whole Year ,TAMIL NADU,6202.0,1861,926.5,1038959.04,2046.66,0.767407407
Coconut ,2011,Whole Year ,TAMIL NADU,419400.0,6200900000,926.5,70257888.0,138402.0,13248.16226
Coriander,2011,Whole Year ,TAMIL NADU,10804.0,5049,926.5,1809886.08,3565.32,0.454583333
Cotton(lint),2011,Kharif     ,TAMIL NADU,107036.0,302611,926.5,17930670.72,35321.88,3.036923077
Cotton(lint),2011,Rabi       ,TAMIL NADU,28769.0,79158,926.5,4819382.88,9493.77,2.83
Dry chillies,2011,Whole Year ,TAMIL NADU,56442.0,24640,926.5,9455163.84,18625.86,0.532258065
Garlic,2011,Whole Year ,TAMIL NADU,442.0,2544,926.5,74043.84,145.86,4.335
Ginger,2011,Whole Year ,TAMIL NADU,635.0,7011,926.5,106375.2,209.55,11.01444444
Gram,2011,Whole Year ,TAMIL NADU,8592.0,5520,926.5,1439331.84,2835.36,0.590625
Groundnut,2011,Kharif     ,TAMIL NADU,249079.0,548503,926.5,41725714.08,82196.07,2.228
Groundnut,2011,Rabi       ,TAMIL NADU,136533.0,512151,926.5,22872008.16,45055.89,3.583793103
Horse-gram,2011,Whole Year ,TAMIL NADU,68968.0,37181,926.5,11553519.36,22759.44,0.5356
Jowar,2011,Kharif     ,TAMIL NADU,134231.0,147052,926.5,22486377.12,44296.23,1.18173913
Jowar,2011,Rabi       ,TAMIL NADU,63465.0,105469,926.5,10631656.8,20943.45,1.6525
Jute,2011,Kharif     ,TAMIL NADU,3.0,0,926.5,502.56,0.99,0.0
Maize,2011,Kharif     ,TAMIL NADU,176287.0,1001667,926.5,29531598.24,58174.71,5.832307692
Maize,2011,Rabi       ,TAMIL NADU,104342.0,693800,926.5,17479371.84,34432.86,6.611481481
Moong(Green Gram),2011,Whole Year ,TAMIL NADU,164069.0,85118,926.5,27484838.88,54142.77,0.600344828
Onion,2011,Whole Year ,TAMIL NADU,34913.0,376947,926.5,5848625.76,11521.29,11.16703704
Potato,2011,Whole Year ,TAMIL NADU,4673.0,92207,926.5,782820.96,1542.09,19.59125
Ragi,2011,Kharif     ,TAMIL NADU,68835.0,181491,926.5,11531239.2,22715.55,2.607083333
Ragi,2011,Rabi       ,TAMIL NADU,13970.0,43371,926.5,2340254.4,4610.1,2.879090909
Rapeseed &Mustard,2011,Rabi       ,TAMIL NADU,344.0,84,926.5,57626.88,113.52,0.226666667
Rice,2011,Kharif     ,TAMIL NADU,1903772.0,7458657,926.5,318919885.4,628244.76,4.226451613
Sesamum,2011,Whole Year ,TAMIL NADU,43175.0,26447,926.5,7232676.0,14247.75,0.577931034
Small millets,2011,Whole Year ,TAMIL NADU,30150.0,36407,926.5,5050728.0,9949.5,1.311304348
Sugarcane,2011,Whole Year ,TAMIL NADU,346350.0,38974842,926.5,58020552.0,114295.5,113.736
Sunflower,2011,Whole Year ,TAMIL NADU,13610.0,24622,926.5,2279947.2,4491.3,1.779230769
Sweet potato,2011,Whole Year ,TAMIL NADU,390.0,7991,926.5,65332.8,128.7,20.57238095
Tapioca,2011,Whole Year ,TAMIL NADU,105350.0,3967751,926.5,17648232.0,34765.5,37.77344828
Tobacco,2011,Whole Year ,TAMIL NADU,2868.0,8205,926.5,480447.36,946.44,2.648333333
Turmeric,2011,Whole Year ,TAMIL NADU,67246.0,368413,926.5,11265049.92,22191.18,5.563793103
Urad,2011,Whole Year ,TAMIL NADU,308263.0,178816,926.5,51640217.76,101726.79,0.663333333
Arecanut,2012,Whole Year ,KERALA,101775.0,118233,2187.6,15347670.0,31550.25,0.895714286
Arhar/Tur,2012,Whole Year ,KERALA,1186.0,1892,2187.6,178848.8,367.66,1.496
Banana,2012,Whole Year ,KERALA,61011.0,515607,2187.6,9200458.8,18913.41,8.320714286
Black pepper,2012,Whole Year ,KERALA,84707.0,46298,2187.6,12773815.6,26259.17,0.391428571
Cardamom,2012,Whole Year ,KERALA,41600.0,10222,2187.6,6273280.0,12896.0,0.075555556
Cashewnut,2012,Whole Year ,KERALA,52086.0,37919,2187.6,7854568.8,16146.66,0.390714286
Coconut ,2012,Whole Year ,KERALA,798162.0,5799000000,2187.6,120362829.6,247430.22,6706.261429
Cowpea(Lobia),2012,Whole Year ,KERALA,1085.0,0,2187.6,163618.0,336.35,0.0
Garlic,2012,Whole Year ,KERALA,72.0,658,2187.6,10857.6,22.32,9.14
Ginger,2012,Whole Year ,KERALA,4505.0,22064,2187.6,679354.0,1396.55,3.365714286
Groundnut,2012,Whole Year ,KERALA,784.0,976,2187.6,118227.2,243.04,1.24
Horse-gram,2012,Whole Year ,KERALA,105.0,0,2187.6,15834.0,32.55,0.0
Jowar,2012,Whole Year ,KERALA,148.0,116,2187.6,22318.4,45.88,0.87
Maize,2012,Whole Year ,KERALA,180.0,15,2187.6,27144.0,55.8,0.535
Moong(Green Gram),2012,Whole Year ,KERALA,101.0,0,2187.6,15230.8,31.31,0.0
Onion,2012,Whole Year ,KERALA,40.0,0,2187.6,6032.0,12.4,0.0
Potato,2012,Whole Year ,KERALA,975.0,19050,2187.6,147030.0,302.25,18.905
Ragi,2012,Whole Year ,KERALA,113.0,123,2187.6,17040.4,35.03,0.55
Rice,2012,Autumn     ,KERALA,63232.0,161083,2187.6,9535385.6,19601.92,2.41
Rice,2012,Summer     ,KERALA,47294.0,134609,2187.6,7131935.2,14661.14,2.482142857
Rice,2012,Winter     ,KERALA,86751.0,212607,2187.6,13082050.8,26892.81,2.355
Sesamum,2012,Whole Year ,KERALA,260.0,98,2187.6,39208.0,80.6,0.34375
Sesamum,2012,Winter     ,KERALA,260.0,98,2187.6,39208.0,80.6,0.34375
Small millets,2012,Whole Year ,KERALA,62.0,61,2187.6,9349.6,19.22,0.98
Soyabean,2012,Whole Year ,KERALA,7.0,10,2187.6,1055.6,2.17,1.43
Sugarcane,2012,Whole Year ,KERALA,1742.0,165720,2187.6,262693.6,540.02,48.69090909
Sweet potato,2012,Whole Year ,KERALA,282.0,4780,2187.6,42525.6,87.42,13.72230769
Tapioca,2012,Whole Year ,KERALA,69586.0,2458515,2187.6,10493568.8,21571.66,35.29428571
Tobacco,2012,Whole Year ,KERALA,13.0,23,2187.6,1960.4,4.03,1.77
Turmeric,2012,Whole Year ,KERALA,2628.0,6904,2187.6,396302.4,814.68,2.421428571
Urad,2012,Whole Year ,KERALA,265.0,0,2187.6,39962.0,82.15,0.0
Wheat,2012,Whole Year ,KERALA,1.0,0,2187.6,150.8,0.31,0.0
Arecanut,2013,Whole Year ,KERALA,100008.0,100018,3255.4,14450155.92,27002.16,0.805
Arhar/Tur,2013,Whole Year ,KERALA,888.0,1429,3255.4,128307.12,239.76,1.512
Banana,2013,Whole Year ,KERALA,62261.0,531299,3255.4,8996091.89,16810.47,8.377857143
Black pepper,2013,Whole Year ,KERALA,84065.0,29408,3255.4,12146551.85,22697.55,0.352142857
Cardamom,2013,Whole Year ,KERALA,39730.0,14000,3255.4,5740587.7,10727.1,0.114285714
Cashewnut,2013,Whole Year ,KERALA,49105.0,33375,3255.4,7095181.45,13258.35,0.391428571
Coconut ,2013,Whole Year ,KERALA,808647.0,5921000000,3255.4,116841405.0,218334.69,6785.354286
Cowpea(Lobia),2013,Whole Year ,KERALA,775.0,0,3255.4,111979.75,209.25,0.0
Garlic,2013,Whole Year ,KERALA,146.0,1314,3255.4,21095.54,39.42,9.0
Ginger,2013,Whole Year ,KERALA,4538.0,21521,3255.4,655695.62,1225.26,3.392857143
Groundnut,2013,Whole Year ,KERALA,710.0,868,3255.4,102587.9,191.7,1.22
Horse-gram,2013,Whole Year ,KERALA,69.0,0,3255.4,9969.81,18.63,0.0
Jowar,2013,Whole Year ,KERALA,150.0,119,3255.4,21673.5,40.5,0.846666667
Maize,2013,Whole Year ,KERALA,51.0,71,3255.4,7368.99,13.77,1.445
Moong(Green Gram),2013,Whole Year ,KERALA,121.0,0,3255.4,17483.29,32.67,0.0
Onion,2013,Whole Year ,KERALA,103.0,0,3255.4,14882.47,27.81,0.0
Potato,2013,Whole Year ,KERALA,759.0,14846,3255.4,109667.91,204.93,19.56
Ragi,2013,Whole Year ,KERALA,82.0,85,3255.4,11848.18,22.14,1.04
Rice,2013,Autumn     ,KERALA,51922.0,141234,3255.4,7502209.78,14018.94,2.416923077
Rice,2013,Summer     ,KERALA,46865.0,137477,3255.4,6771523.85,12653.55,2.673571429
Rice,2013,Winter     ,KERALA,100824.0,285614,3255.4,14568059.76,27222.48,2.506428571
Sesamum,2013,Whole Year ,KERALA,265.0,88,3255.4,38289.85,71.55,0.255714286
Small millets,2013,Whole Year ,KERALA,40.0,35,3255.4,5779.6,10.8,0.88
Soyabean,2013,Whole Year ,KERALA,6.0,9,3255.4,866.94,1.62,1.5
Sugarcane,2013,Whole Year ,KERALA,2210.29,221520,3255.4,319364.8021,596.7783,59.56181818
Sweet potato,2013,Whole Year ,KERALA,330.0,5451,3255.4,47681.7,89.1,14.14285714
Tapioca,2013,Whole Year ,KERALA,67589.0,2473070,3255.4,9765934.61,18249.03,36.01214286
Tobacco,2013,Whole Year ,KERALA,9.0,17,3255.4,1300.41,2.43,1.89
Turmeric,2013,Whole Year ,KERALA,2430.0,6253,3255.4,351110.7,656.1,2.362857143
Urad,2013,Whole Year ,KERALA,374.0,0,3255.4,54039.26,100.98,0.0
Arecanut,2013,Whole Year ,TAMIL NADU,6695.0,8619,740.9,967360.55,1807.65,1.22
Arhar/Tur,2013,Whole Year ,TAMIL NADU,59643.0,57666,740.9,8617817.07,16103.61,0.955172414
Bajra,2013,Kharif     ,TAMIL NADU,30322.0,69197,740.9,4381225.78,8186.94,2.3008
Bajra,2013,Rabi       ,TAMIL NADU,24090.0,48239,740.9,3480764.1,6504.3,2.14
Banana,2013,Whole Year ,TAMIL NADU,92463.0,3840375,740.9,13359978.87,24965.01,42.13096774
Black pepper,2013,Whole Year ,TAMIL NADU,3918.0,860,740.9,566111.82,1057.86,0.184166667
Cardamom,2013,Whole Year ,TAMIL NADU,4044.0,366,740.9,584317.56,1091.88,0.064166667
Cashewnut,2013,Whole Year ,TAMIL NADU,92138.0,26273,740.9,13313019.62,24877.26,0.254
Castor seed,2013,Kharif     ,TAMIL NADU,6377.0,1990,740.9,921412.73,1721.79,0.35
Coconut ,2013,Whole Year ,TAMIL NADU,428538.0,4668000000,740.9,61919455.62,115705.26,9606.394516
Coriander,2013,Whole Year ,TAMIL NADU,7527.0,2614,740.9,1087576.23,2032.29,0.349166667
Cotton(lint),2013,Kharif     ,TAMIL NADU,116495.0,333808,740.9,16832362.55,31453.65,2.815
Cotton(lint),2013,Rabi       ,TAMIL NADU,34468.0,82752,740.9,4980281.32,9306.36,2.478888889
Dry chillies,2013,Whole Year ,TAMIL NADU,41401.0,11294,740.9,5982030.49,11178.27,0.363333333
Garlic,2013,Whole Year ,TAMIL NADU,506.0,2889,740.9,73111.94,136.62,4.194285714
Ginger,2013,Whole Year ,TAMIL NADU,304.0,2117,740.9,43924.96,82.08,6.993333333
Gram,2013,Whole Year ,TAMIL NADU,8908.0,5823,740.9,1287116.92,2405.16,0.6575
Groundnut,2013,Kharif     ,TAMIL NADU,215825.0,477595,740.9,31184554.25,58272.75,2.305862069
Groundnut,2013,Rabi       ,TAMIL NADU,120796.0,438289,740.9,17453814.04,32614.92,3.385666667
Horse-gram,2013,Kharif     ,TAMIL NADU,13732.0,8570,740.9,1984136.68,3707.64,0.595454545
Horse-gram,2013,Rabi       ,TAMIL NADU,75001.0,48299,740.9,10836894.49,20250.27,0.688076923
Jowar,2013,Kharif     ,TAMIL NADU,225010.0,250454,740.9,32511694.9,60752.7,1.271153846
Jowar,2013,Rabi       ,TAMIL NADU,122121.0,262859,740.9,17645263.29,32972.67,2.102592593
Maize,2013,Kharif     ,TAMIL NADU,223113.0,1458297,740.9,32237597.37,60240.51,6.161111111
Maize,2013,Rabi       ,TAMIL NADU,157316.0,786919,740.9,22730588.84,42475.32,5.431724138
Moong(Green Gram),2013,Kharif     ,TAMIL NADU,25034.0,14083,740.9,3617162.66,6759.18,0.572307692
Moong(Green Gram),2013,Rabi       ,TAMIL NADU,170251.0,137317,740.9,24599566.99,45967.77,0.774074074
Onion,2013,Kharif     ,TAMIL NADU,9104.0,105866,740.9,1315436.96,2458.08,11.31961538
Onion,2013,Rabi       ,TAMIL NADU,15883.0,134505,740.9,2294934.67,4288.41,8.304615385
Potato,2013,Kharif     ,TAMIL NADU,3875.0,70206,740.9,559898.75,1046.25,18.37333333
Potato,2013,Rabi       ,TAMIL NADU,2044.0,52531,740.9,295337.56,551.88,24.145
Ragi,2013,Kharif     ,TAMIL NADU,88166.0,241241,740.9,12739105.34,23804.82,2.782083333
Ragi,2013,Rabi       ,TAMIL NADU,30533.0,121102,740.9,4411713.17,8243.91,3.823333333
Rapeseed &Mustard,2013,Rabi       ,TAMIL NADU,576.0,140,740.9,83226.24,155.52,0.18
Rice,2013,Kharif     ,TAMIL NADU,1725730.0,7115195,740.9,249350727.7,465947.1,4.491935484
Sesamum,2013,Kharif     ,TAMIL NADU,19500.0,10879,740.9,2817555.0,5265.0,0.50962963
Sesamum,2013,Rabi       ,TAMIL NADU,37091.0,22829,740.9,5359278.59,10014.57,0.571724138
Small millets,2013,Whole Year ,TAMIL NADU,32404.0,35171,740.9,4682053.96,8749.08,1.009166667
Sugarcane,2013,Whole Year ,TAMIL NADU,313343.0,32454135,740.9,45274930.07,84602.61,97.58677419
Sunflower,2013,Kharif     ,TAMIL NADU,2155.0,3893,740.9,311375.95,581.85,1.71875
Sunflower,2013,Rabi       ,TAMIL NADU,5827.0,5800,740.9,841943.23,1573.29,1.340869565
Sweet potato,2013,Whole Year ,TAMIL NADU,592.0,12496,740.9,85538.08,159.84,22.102
Tapioca,2013,Whole Year ,TAMIL NADU,83526.0,2499280,740.9,12068671.74,22552.02,32.50806452
Tobacco,2013,Whole Year ,TAMIL NADU,3725.0,5691,740.9,538225.25,1005.75,1.284166667
Turmeric,2013,Whole Year ,TAMIL NADU,31968.0,117416,740.9,4619056.32,8631.36,3.797777778
Urad,2013,Kharif     ,TAMIL NADU,69872.0,58712,740.9,10095805.28,18865.44,0.824827586
Urad,2013,Rabi       ,TAMIL NADU,295256.0,251946,740.9,42661539.44,79719.12,0.788
Arecanut,2014,Whole Year ,KERALA,96686.0,125926,3046.4,14595718.56,31906.38,0.973571429
Arhar/Tur,2014,Whole Year ,KERALA,1476.0,1903,3046.4,222816.96,487.08,1.156666667
Banana,2014,Whole Year ,KERALA,61936.0,545431,3046.4,9349858.56,20438.88,8.282857143
Black pepper,2014,Whole Year ,KERALA,85431.0,40690,3046.4,12896663.76,28192.23,0.382857143
Cardamom,2014,Whole Year ,KERALA,39730.0,16000,3046.4,5997640.8,13110.9,0.124285714
Cashewnut,2014,Whole Year ,KERALA,45436.0,29715,3046.4,6859018.56,14993.88,0.360714286
Coconut ,2014,Whole Year ,KERALA,793856.0,5947000000,3046.4,119840501.8,261972.48,6883.315
Cowpea(Lobia),2014,Whole Year ,KERALA,1004.0,0,3046.4,151563.84,331.32,0.0
Garlic,2014,Whole Year ,KERALA,75.0,625,3046.4,11322.0,24.75,8.33
Ginger,2014,Whole Year ,KERALA,4800.0,22989,3046.4,724608.0,1584.0,3.689285714
Groundnut,2014,Whole Year ,KERALA,480.0,692,3046.4,72460.8,158.4,1.44
Horse-gram,2014,Whole Year ,KERALA,111.0,0,3046.4,16756.56,36.63,0.0
Jowar,2014,Whole Year ,KERALA,173.0,128,3046.4,26116.08,57.09,0.74
Maize,2014,Whole Year ,KERALA,67.0,69,3046.4,10114.32,22.11,1.166666667
Moong(Green Gram),2014,Whole Year ,KERALA,163.0,0,3046.4,24606.48,53.79,0.0
Onion,2014,Whole Year ,KERALA,61.0,0,3046.4,9208.56,20.13,0.0
Potato,2014,Whole Year ,KERALA,852.0,15811,3046.4,128617.92,281.16,18.56
Ragi,2014,Whole Year ,KERALA,79.0,78,3046.4,11925.84,26.07,0.995
Rice,2014,Autumn     ,KERALA,63981.0,161477,3046.4,9658571.76,21113.73,2.215384615
Rice,2014,Summer     ,KERALA,45188.0,146165,3046.4,6821580.48,14912.04,2.801428571
Rice,2014,Winter     ,KERALA,88990.0,254450,3046.4,13433930.4,29366.7,2.500714286
Sesamum,2014,Whole Year ,KERALA,262.0,88,3046.4,39551.52,86.46,0.31625
Small millets,2014,Whole Year ,KERALA,27.0,21,3046.4,4075.92,8.91,0.78
Soyabean,2014,Whole Year ,KERALA,1.0,1,3046.4,150.96,0.33,1.4
Sugarcane,2014,Whole Year ,KERALA,1517.06,148530,3046.4,229015.3776,500.6298,45.05384615
Sweet potato,2014,Whole Year ,KERALA,361.0,5123,3046.4,54496.56,119.13,13.18642857
Tapioca,2014,Whole Year ,KERALA,75493.0,2943919,3046.4,11396423.28,24912.69,38.105
Tobacco,2014,Whole Year ,KERALA,13.0,21,3046.4,1962.48,4.29,1.62
Turmeric,2014,Whole Year ,KERALA,2470.0,6820,3046.4,372871.2,815.1,2.691428571
Urad,2014,Whole Year ,KERALA,403.0,0,3046.4,60836.88,132.99,0.0
Wheat,2014,Whole Year ,KERALA,1.0,3,3046.4,150.96,0.33,3.0
Arecanut,2014,Whole Year ,TAMIL NADU,6732.0,8837,911.3,1016262.72,2221.56,1.561904762
Bajra,2014,Kharif     ,TAMIL NADU,33124.0,100137,911.3,5000399.04,10930.92,3.060416667
Bajra,2014,Rabi       ,TAMIL NADU,24584.0,77433,911.3,3711200.64,8112.72,3.18
Banana,2014,Whole Year ,TAMIL NADU,91410.0,3725937,911.3,13799253.6,30165.3,42.5
Black pepper,2014,Whole Year ,TAMIL NADU,3997.0,898,911.3,603387.12,1319.01,0.186666667
Cardamom,2014,Whole Year ,TAMIL NADU,3992.0,361,911.3,602632.32,1317.36,0.07
Cashewnut,2014,Whole Year ,TAMIL NADU,89021.0,36561,911.3,13438610.16,29376.93,0.468571429
Castor seed,2014,Kharif     ,TAMIL NADU,5132.0,1695,911.3,774726.72,1693.56,0.3575
Coconut ,2014,Whole Year ,TAMIL NADU,427841.0,4986500000,911.3,64586877.36,141187.53,10713.87226
Coriander,2014,Whole Year ,TAMIL NADU,9230.0,8048,911.3,1393360.8,3045.9,0.855384615
Cotton(lint),2014,Kharif     ,TAMIL NADU,138386.0,434108,911.3,20890750.56,45667.38,3.09962963
Cotton(lint),2014,Rabi       ,TAMIL NADU,48307.0,164831,911.3,7292424.72,15941.31,3.393214286
Dry chillies,2014,Whole Year ,TAMIL NADU,44606.0,29391,911.3,6733721.76,14719.98,0.811935484
Garlic,2014,Whole Year ,TAMIL NADU,449.0,2567,911.3,67781.04,148.17,2.711666667
Ginger,2014,Whole Year ,TAMIL NADU,311.0,1316,911.3,46948.56,102.63,4.132222222
Gram,2014,Rabi       ,TAMIL NADU,6820.0,4177,911.3,1029547.2,2250.6,0.535789474
Groundnut,2014,Kharif     ,TAMIL NADU,210285.0,491299,911.3,31744623.6,69394.05,2.411724138
Groundnut,2014,Rabi       ,TAMIL NADU,126229.0,433883,911.3,19055529.84,41655.57,3.297666667
Horse-gram,2014,Kharif     ,TAMIL NADU,13931.0,10597,911.3,2103023.76,4597.23,0.764583333
Horse-gram,2014,Rabi       ,TAMIL NADU,78131.0,57707,911.3,11794655.76,25783.23,0.735833333
Jowar,2014,Kharif     ,TAMIL NADU,235479.0,475144,911.3,35547909.84,77708.07,2.24125
Jowar,2014,Rabi       ,TAMIL NADU,179624.0,393796,911.3,27116039.04,59275.92,2.174
Maize,2014,Kharif     ,TAMIL NADU,191481.0,1663616,911.3,28905971.76,63188.73,8.406538462
Maize,2014,Rabi       ,TAMIL NADU,130471.0,984135,911.3,19695902.16,43055.43,7.637586207
Masoor,2014,Kharif     ,TAMIL NADU,72389.0,90950,911.3,10927843.44,23888.37,1.206333333
Moong(Green Gram),2014,Kharif     ,TAMIL NADU,28296.0,17906,911.3,4271564.16,9337.68,0.633076923
Moong(Green Gram),2014,Rabi       ,TAMIL NADU,201265.0,162820,911.3,30382964.4,66417.45,0.821
Onion,2014,Kharif     ,TAMIL NADU,11835.0,100221,911.3,1786611.6,3905.55,8.114074074
Onion,2014,Rabi       ,TAMIL NADU,16270.0,140110,911.3,2456119.2,5369.1,8.551111111
Potato,2014,Kharif     ,TAMIL NADU,3018.0,68463,911.3,455597.28,995.94,21.70833333
Potato,2014,Rabi       ,TAMIL NADU,1719.0,43468,911.3,259500.24,567.27,22.54
Ragi,2014,Kharif     ,TAMIL NADU,74309.0,223204,911.3,11217686.64,24521.97,3.029583333
Ragi,2014,Rabi       ,TAMIL NADU,30117.0,126424,911.3,4546462.32,9938.61,4.1516
Rapeseed &Mustard,2014,Rabi       ,TAMIL NADU,302.0,72,911.3,45589.92,99.66,0.161428571
Rice,2014,Kharif     ,TAMIL NADU,1794991.0,7949437,911.3,270971841.4,592347.03,4.730322581
Sesamum,2014,Kharif     ,TAMIL NADU,21289.0,13371,911.3,3213787.44,7025.37,0.559642857
Sesamum,2014,Rabi       ,TAMIL NADU,42953.0,31377,911.3,6484184.88,14174.49,0.7
Small millets,2014,Kharif     ,TAMIL NADU,20444.0,29892,911.3,3086226.24,6746.52,1.504090909
Small millets,2014,Rabi       ,TAMIL NADU,660.0,1385,911.3,99633.6,217.8,1.928
Sugarcane,2014,Whole Year ,TAMIL NADU,263066.0,28092784,911.3,39712443.36,86811.78,99.26033333
Sunflower,2014,Kharif     ,TAMIL NADU,2782.0,4214,911.3,419970.72,918.06,1.645833333
Sunflower,2014,Rabi       ,TAMIL NADU,6122.0,8327,911.3,924177.12,2020.26,1.4275
Sweet potato,2014,Whole Year ,TAMIL NADU,631.0,11094,911.3,95255.76,208.23,17.51894737
Tapioca,2014,Whole Year ,TAMIL NADU,87924.0,2851761,911.3,13273007.04,29014.92,35.751
Tobacco,2014,Whole Year ,TAMIL NADU,5478.0,8334,911.3,826958.88,1807.74,1.497
Turmeric,2014,Whole Year ,TAMIL NADU,26072.0,105002,911.3,3935829.12,8603.76,4.3492
Urad,2014,Kharif     ,TAMIL NADU,61525.0,50094,911.3,9287814.0,20303.25,0.825357143
Urad,2014,Rabi       ,TAMIL NADU,312257.0,308801,911.3,47138316.72,103044.81,0.946
Arecanut,2015,Whole Year ,KERALA,99125.71,132452,2602.9,15652940.87,32711.4843,0.96
Arhar/Tur,2015,Whole Year ,KERALA,1431.0,1845,2602.9,225969.21,472.23,1.193333333
Banana,2015,Whole Year ,KERALA,59834.61,536155,2602.9,9448483.265,19745.4213,8.779285714
Black pepper,2015,Whole Year ,KERALA,85947.77,42132,2602.9,13572012.36,28362.7641,0.354285714
Cardamom,2015,Whole Year ,KERALA,39730.0,19500,2602.9,6273764.3,13110.9,0.138571429
Cashewnut,2015,Whole Year ,KERALA,43089.84,24733,2602.9,6804316.634,14219.6472,0.327857143
Coconut ,2015,Whole Year ,KERALA,790223.0,5873000000,2602.9,124784113.9,260773.59,6721.946429
Cotton(lint),2015,Kharif     ,KERALA,109.0,196,2602.9,17212.19,35.97,1.8
Garlic,2015,Whole Year ,KERALA,62.0,375,2602.9,9790.42,20.46,6.05
Ginger,2015,Whole Year ,KERALA,4986.01,22044,2602.9,787340.8391,1645.3833,3.549285714
Groundnut,2015,Whole Year ,KERALA,449.0,619,2602.9,70901.59,148.17,1.38
Jowar,2015,Whole Year ,KERALA,178.0,132,2602.9,28107.98,58.74,0.74
Maize,2015,Whole Year ,KERALA,59.0,74,2602.9,9316.69,19.47,1.73
Onion,2015,Whole Year ,KERALA,27.0,0,2602.9,4263.57,8.91,0.0
Other Kharif pulses,2015,Kharif     ,KERALA,2333.0,2420,2602.9,368404.03,769.89,1.027857143
Potato,2015,Whole Year ,KERALA,491.0,6581,2602.9,77533.81,162.03,7.215
Ragi,2015,Whole Year ,KERALA,64.0,76,2602.9,10106.24,21.12,1.405
Rice,2015,Autumn     ,KERALA,60418.0,160894,2602.9,9540606.38,19937.94,2.327692308
Rice,2015,Summer     ,KERALA,47334.0,144706,2602.9,7474511.94,15620.22,2.67
Rice,2015,Winter     ,KERALA,89118.0,243675,2602.9,14072623.38,29408.94,2.370714286
Sesamum,2015,Whole Year ,KERALA,187.0,46,2602.9,29529.17,61.71,0.281111111
Small millets,2015,Whole Year ,KERALA,14.0,10,2602.9,2210.74,4.62,0.71
Soyabean,2015,Whole Year ,KERALA,1.0,1,2602.9,157.91,0.33,1.0
Sugarcane,2015,Whole Year ,KERALA,1361.588,138125,2602.9,215008.3611,449.32404,42.25571429
Sweet potato,2015,Whole Year ,KERALA,279.0,3922,2602.9,44056.89,92.07,13.18642857
Tapioca,2015,Whole Year ,KERALA,69404.71,2662610,2602.9,10959697.76,22903.5543,38.13857143
Tobacco,2015,Whole Year ,KERALA,9.0,15,2602.9,1421.19,2.97,1.67
Turmeric,2015,Whole Year ,KERALA,2602.89,7112,2602.9,411022.3599,858.9537,2.628571429
Wheat,2015,Whole Year ,KERALA,2.0,3,2602.9,315.82,0.66,1.5
Arecanut,2015,Whole Year ,TAMIL NADU,6884.0,11829,1201.9,1087052.44,2271.72,1.597142857
Bajra,2015,Kharif     ,TAMIL NADU,35460.0,95506,1201.9,5599488.6,11701.8,2.82
Bajra,2015,Rabi       ,TAMIL NADU,16146.0,38825,1201.9,2549614.86,5328.18,2.496
Banana,2015,Whole Year ,TAMIL NADU,94214.0,3610173,1201.9,14877332.74,31090.62,38.35645161
Black pepper,2015,Whole Year ,TAMIL NADU,4349.0,974,1201.9,686750.59,1435.17,0.173076923
Cardamom,2015,Whole Year ,TAMIL NADU,3983.0,307,1201.9,628955.53,1314.39,0.653636364
Cashewnut,2015,Whole Year ,TAMIL NADU,88415.0,27094,1201.9,13961612.65,29176.95,0.3
Castor seed,2015,Kharif     ,TAMIL NADU,5495.0,1763,1201.9,867715.45,1813.35,0.325416667
Coconut ,2015,Whole Year ,TAMIL NADU,434875.0,5962500000,1201.9,68671111.25,143508.75,11907.64581
Coriander,2015,Whole Year ,TAMIL NADU,11084.0,6569,1201.9,1750274.44,3657.72,0.596956522
Cotton(lint),2015,Kharif     ,TAMIL NADU,102251.0,190658,1201.9,16146455.41,33742.83,2.151851852
Cotton(lint),2015,Rabi       ,TAMIL NADU,45836.0,136001,1201.9,7237962.76,15125.88,2.932857143
Dry chillies,2015,Whole Year ,TAMIL NADU,46522.0,23762,1201.9,7346289.02,15352.26,0.7025
Garlic,2015,Whole Year ,TAMIL NADU,581.0,3334,1201.9,91745.71,191.73,4.412
Ginger,2015,Whole Year ,TAMIL NADU,390.0,3448,1201.9,61584.9,128.7,8.910833333
Gram,2015,Rabi       ,TAMIL NADU,4876.0,3176,1201.9,769969.16,1609.08,0.6
Groundnut,2015,Kharif     ,TAMIL NADU,222820.0,484630,1201.9,35185506.2,73530.6,2.3675
Groundnut,2015,Rabi       ,TAMIL NADU,123791.0,407650,1201.9,19547836.81,40851.03,3.264333333
Horse-gram,2015,Kharif     ,TAMIL NADU,11492.0,6908,1201.9,1814701.72,3792.36,0.623181818
Horse-gram,2015,Rabi       ,TAMIL NADU,64411.0,37706,1201.9,10171141.01,21255.63,0.580952381
Jowar,2015,Kharif     ,TAMIL NADU,185193.0,193845,1201.9,29243826.63,61113.69,1.340833333
Jowar,2015,Rabi       ,TAMIL NADU,153973.0,245774,1201.9,24313876.43,50811.09,1.734
Maize,2015,Kharif     ,TAMIL NADU,201750.0,1483163,1201.9,31858342.5,66577.5,7.782
Maize,2015,Rabi       ,TAMIL NADU,153314.0,1049167,1201.9,24209813.74,50593.62,6.849655172
Masoor,2015,Kharif     ,TAMIL NADU,59007.0,59968,1201.9,9317795.37,19472.31,1.063928571
Moong(Green Gram),2015,Kharif     ,TAMIL NADU,34470.0,27328,1201.9,5443157.7,11375.1,0.789285714
Moong(Green Gram),2015,Rabi       ,TAMIL NADU,204372.0,106918,1201.9,32272382.52,67442.76,0.577037037
Onion,2015,Kharif     ,TAMIL NADU,16013.0,154375,1201.9,2528612.83,5284.29,9.524166667
Onion,2015,Rabi       ,TAMIL NADU,19796.0,128339,1201.9,3125986.36,6532.68,6.711071429
Other Kharif pulses,2015,Kharif     ,TAMIL NADU,113836.0,66594,1201.9,17975842.76,37565.88,0.598888889
Potato,2015,Kharif     ,TAMIL NADU,3235.0,65799,1201.9,510838.85,1067.55,20.9825
Potato,2015,Rabi       ,TAMIL NADU,1071.0,24164,1201.9,169121.61,353.43,22.4075
Ragi,2015,Kharif     ,TAMIL NADU,68487.0,203942,1201.9,10814782.17,22600.71,2.978333333
Ragi,2015,Rabi       ,TAMIL NADU,21499.0,78112,1201.9,3394907.09,7094.67,3.523333333
Rapeseed &Mustard,2015,Rabi       ,TAMIL NADU,351.0,83,1201.9,55426.41,115.83,0.186
Rice,2015,Kharif     ,TAMIL NADU,2000212.0,7374681,1201.9,315853476.9,660069.96,4.061290323
Sesamum,2015,Kharif     ,TAMIL NADU,18547.0,12391,1201.9,2928756.77,6120.51,0.625769231
Sesamum,2015,Rabi       ,TAMIL NADU,27470.0,16978,1201.9,4337787.7,9065.1,0.586551724
Small millets,2015,Kharif     ,TAMIL NADU,22406.0,31304,1201.9,3538131.46,7393.98,1.206956522
Small millets,2015,Rabi       ,TAMIL NADU,758.0,1200,1201.9,119695.78,250.14,1.55875
Sugarcane,2015,Whole Year ,TAMIL NADU,252272.0,25508824,1201.9,39836271.52,83249.76,98.0
Sunflower,2015,Kharif     ,TAMIL NADU,1957.0,2768,1201.9,309029.87,645.81,1.38952381
Sunflower,2015,Rabi       ,TAMIL NADU,6328.0,6014,1201.9,999254.48,2088.24,1.042727273
Sweet potato,2015,Whole Year ,TAMIL NADU,586.0,9536,1201.9,92535.26,193.38,17.21473684
Tapioca,2015,Whole Year ,TAMIL NADU,86236.0,2366723,1201.9,13617526.76,28457.88,30.10548387
Tobacco,2015,Whole Year ,TAMIL NADU,3348.0,5161,1201.9,528682.68,1104.84,1.505
Turmeric,2015,Whole Year ,TAMIL NADU,29877.0,115351,1201.9,4717877.07,9859.41,3.897777778
Urad,2015,Kharif     ,TAMIL NADU,59145.0,40922,1201.9,9339586.95,19517.85,0.709285714
Urad,2015,Rabi       ,TAMIL NADU,336041.0,235449,1201.9,53064234.31,110893.53,0.696333333
Arhar/Tur,1997,Kharif     ,BIHAR,64898.0,83722,1303.7,6176342.66,20118.38,1.186363636
Bajra,1997,Kharif     ,BIHAR,5894.0,3594,1303.7,560931.98,1827.14,0.603225806
Banana,1997,Whole Year ,BIHAR,18197.0,440763,1303.7,1731808.49,5641.07,24.0412
Barley,1997,Rabi       ,BIHAR,42838.0,44140,1303.7,4076892.46,13279.78,1.04
Castor seed,1997,Kharif     ,BIHAR,967.0,761,1303.7,92029.39,299.77,0.781538462
Coriander,1997,Whole Year ,BIHAR,3097.0,1509,1303.7,294741.49,960.07,0.462051282
Cotton(lint),1997,Kharif     ,BIHAR,200.0,400,1303.7,19034.0,62.0,2.0
Dry chillies,1997,Whole Year ,BIHAR,5231.0,4450,1303.7,497834.27,1621.61,0.881777778
Garlic,1997,Whole Year ,BIHAR,3068.0,4095,1303.7,291981.56,951.08,1.317560976
Ginger,1997,Kharif     ,BIHAR,629.0,887,1303.7,59861.93,194.99,1.321428571
Gram,1997,Rabi       ,BIHAR,121670.0,91316,1303.7,11579333.9,37717.7,0.805471698
Groundnut,1997,Kharif     ,BIHAR,5245.0,6294,1303.7,499166.65,1625.95,1.125384615
Jowar,1997,Kharif     ,BIHAR,3129.0,2690,1303.7,297786.93,969.99,0.874761905
Jute,1997,Kharif     ,BIHAR,147527.0,1327863,1303.7,14040144.59,45733.37,8.642631579
Linseed,1997,Rabi       ,BIHAR,60265.0,33814,1303.7,5735420.05,18682.15,0.555471698
Maize,1997,Kharif     ,BIHAR,375000.0,456375,1303.7,35688750.0,116250.0,1.260185185
Maize,1997,Rabi       ,BIHAR,181914.0,546011,1303.7,17312755.38,56393.34,2.803555556
Maize,1997,Summer     ,BIHAR,143522.0,307134,1303.7,13658988.74,44491.82,2.025192308
Mesta,1997,Kharif     ,BIHAR,19855.0,135202,1303.7,1889600.35,6155.05,8.318387097
Niger seed,1997,Kharif     ,BIHAR,24751.0,15643,1303.7,2355552.67,7672.81,0.617058824
Onion,1997,Whole Year ,BIHAR,18061.0,137869,1303.7,1718865.37,5598.91,7.817272727
Other  Rabi pulses,1997,Rabi       ,BIHAR,5641.0,3950,1303.7,536853.97,1748.71,0.701836735
Other Kharif pulses,1997,Kharif     ,BIHAR,15730.0,9337,1303.7,1497024.1,4876.3,0.572830189
Potato,1997,Whole Year ,BIHAR,168074.0,1465659,1303.7,15995602.58,52102.94,8.929636364
Ragi,1997,Whole Year ,BIHAR,74292.0,64976,1303.7,7070369.64,23030.52,0.8998
Rapeseed &Mustard,1997,Rabi       ,BIHAR,101428.0,82367,1303.7,9652902.76,31442.68,0.718909091
Rice,1997,Autumn     ,BIHAR,749671.0,892725,1303.7,71346189.07,232398.01,1.102244898
Rice,1997,Summer     ,BIHAR,124429.0,236446,1303.7,11841907.93,38572.99,1.683265306
Rice,1997,Winter     ,BIHAR,4238204.0,6004120,1303.7,403349874.7,1313843.24,1.354363636
Safflower,1997,Rabi       ,BIHAR,480.0,302,1303.7,45681.6,148.8,0.653636364
Sannhamp,1997,Whole Year ,BIHAR,3844.0,2282,1303.7,365833.48,1191.64,0.583095238
Sesamum,1997,Kharif     ,BIHAR,17628.0,10580,1303.7,1677656.76,5464.68,0.605217391
Small millets,1997,Kharif     ,BIHAR,38633.0,20296,1303.7,3676702.61,11976.23,0.777916667
Sugarcane,1997,Whole Year ,BIHAR,107424.0,4939899,1303.7,10223542.08,33301.44,50.18152174
Sunflower,1997,Rabi       ,BIHAR,15122.0,11389,1303.7,1439160.74,4687.82,0.824761905
Sweet potato,1997,Whole Year ,BIHAR,14114.0,186123,1303.7,1343229.38,4375.34,13.03461538
Tobacco,1997,Rabi       ,BIHAR,20561.0,14763,1303.7,1956790.37,6373.91,0.755263158
Turmeric,1997,Whole Year ,BIHAR,2904.0,3216,1303.7,276373.68,900.24,1.173333333
Wheat,1997,Rabi       ,BIHAR,2067610.0,4048699,1303.7,196774443.7,640959.1,1.811090909
Arhar/Tur,1997,Kharif     ,PUNJAB,11000.0,8200,690.1,1046870.0,3410.0,0.766153846
Bajra,1997,Kharif     ,PUNJAB,8000.0,8000,690.1,761360.0,2480.0,1.0
Barley,1997,Rabi       ,PUNJAB,37000.0,111000,690.1,3521290.0,11470.0,2.995454545
Cotton(lint),1997,Whole Year ,PUNJAB,724000.0,937000,690.1,68903080.0,224440.0,1.324
Gram,1997,Rabi       ,PUNJAB,13300.0,11000,690.1,1265761.0,4123.0,0.844615385
Groundnut,1997,Kharif     ,PUNJAB,8000.0,8000,690.1,761360.0,2480.0,1.0
Maize,1997,Kharif     ,PUNJAB,165000.0,345000,690.1,15703050.0,51150.0,2.102727273
Masoor,1997,Rabi       ,PUNJAB,5200.0,3400,690.1,494884.0,1612.0,0.72625
Moong(Green Gram),1997,Whole Year ,PUNJAB,49300.0,31700,690.1,4691881.0,15283.0,0.601666667
Rapeseed &Mustard,1997,Rabi       ,PUNJAB,72000.0,63000,690.1,6852240.0,22320.0,0.925882353
Rice,1997,Kharif     ,PUNJAB,2281000.0,7904000,690.1,217082770.0,707110.0,3.476470588
Sesamum,1997,Kharif     ,PUNJAB,14300.0,4500,690.1,1360931.0,4433.0,0.447
Sugarcane,1997,Whole Year ,PUNJAB,126000.0,7150000,690.1,11991420.0,39060.0,58.046875
Urad,1997,Kharif     ,PUNJAB,4700.0,1900,690.1,447299.0,1457.0,0.446666667
Wheat,1997,Rabi       ,PUNJAB,3300000.0,12715000,690.1,314061000.0,1023000.0,3.781176471
Arhar/Tur,1998,Kharif     ,BIHAR,65771.0,98963,1332.5,6498174.8,19073.59,1.447037037
Bajra,1998,Kharif     ,BIHAR,6180.0,3640,1332.5,610584.0,1792.2,0.578787879
Banana,1998,Whole Year ,BIHAR,17743.0,323667,1332.5,1753008.4,5145.47,17.85958333
Barley,1998,Rabi       ,BIHAR,40907.0,47295,1332.5,4041611.6,11863.03,1.191346154
Castor seed,1998,Kharif     ,BIHAR,975.0,810,1332.5,96330.0,282.75,0.835454545
Coriander,1998,Whole Year ,BIHAR,2971.0,1821,1332.5,293534.8,861.59,0.680512821
Cotton(lint),1998,Kharif     ,BIHAR,43.0,88,1332.5,4248.4,12.47,2.05
Dry chillies,1998,Whole Year ,BIHAR,6304.0,6362,1332.5,622835.2,1828.16,0.970666667
Garlic,1998,Whole Year ,BIHAR,2927.0,4252,1332.5,289187.6,848.83,1.415365854
Ginger,1998,Whole Year ,BIHAR,798.0,1116,1332.5,78842.4,231.42,1.4005
Gram,1998,Rabi       ,BIHAR,109134.0,118982,1332.5,10782439.2,31648.86,0.923148148
Groundnut,1998,Kharif     ,BIHAR,4856.0,6149,1332.5,479772.8,1408.24,1.008823529
Jowar,1998,Kharif     ,BIHAR,2635.0,2477,1332.5,260338.0,764.15,0.97
Jute,1998,Kharif     ,BIHAR,146328.0,695831,1332.5,14457206.4,42435.12,5.061176471
Linseed,1998,Rabi       ,BIHAR,58070.0,36567,1332.5,5737316.0,16840.3,0.641153846
Maize,1998,Kharif     ,BIHAR,369521.0,395957,1332.5,36508674.8,107161.09,1.276363636
Maize,1998,Rabi       ,BIHAR,190119.0,541979,1332.5,18783757.2,55134.51,2.834545455
Maize,1998,Summer     ,BIHAR,151459.0,364449,1332.5,14964149.2,43923.11,2.175306122
Mesta,1998,Kharif     ,BIHAR,19457.0,121098,1332.5,1922351.6,5642.53,6.356896552
Niger seed,1998,Kharif     ,BIHAR,26042.0,15888,1332.5,2572949.6,7552.18,0.6045
Onion,1998,Whole Year ,BIHAR,20408.0,192991,1332.5,2016310.4,5918.32,9.368181818
Other  Rabi pulses,1998,Rabi       ,BIHAR,564333.0,477621,1332.5,55756100.4,163656.57,0.799056604
Other Kharif pulses,1998,Kharif     ,BIHAR,153558.0,96737,1332.5,15171530.4,44531.82,0.621730769
Potato,1998,Whole Year ,BIHAR,178428.0,1721987,1332.5,17628686.4,51744.12,9.751454545
Ragi,1998,Kharif     ,BIHAR,72015.0,60565,1332.5,7115082.0,20884.35,0.8698
Rapeseed &Mustard,1998,Rabi       ,BIHAR,107250.0,88517,1332.5,10596300.0,31102.5,0.809259259
Rice,1998,Summer     ,BIHAR,132836.0,270992,1332.5,13124196.8,38522.44,1.765777778
Rice,1998,Winter     ,BIHAR,4234443.0,5722449,1332.5,418362968.4,1227988.47,1.242909091
Safflower,1998,Rabi       ,BIHAR,713.0,407,1332.5,70444.4,206.77,0.595714286
Sannhamp,1998,Whole Year ,BIHAR,4196.0,2380,1332.5,414564.8,1216.84,0.535833333
Sesamum,1998,Kharif     ,BIHAR,18265.0,9535,1332.5,1804582.0,5296.85,0.562765957
Small millets,1998,Kharif     ,BIHAR,32028.0,18325,1332.5,3164366.4,9288.12,0.6296
Sugarcane,1998,Whole Year ,BIHAR,106935.0,5101066,1332.5,10565178.0,31011.15,39.29543478
Sunflower,1998,Kharif     ,BIHAR,22870.0,18036,1332.5,2259556.0,6632.3,0.85775
Sweet potato,1998,Whole Year ,BIHAR,17925.0,193770,1332.5,1770990.0,5198.25,11.04475
Tobacco,1998,Whole Year ,BIHAR,17537.0,13380,1332.5,1732655.6,5085.73,0.816111111
Turmeric,1998,Whole Year ,BIHAR,3106.0,3288,1332.5,306872.8,900.74,1.114615385
Urad,1998,Kharif     ,BIHAR,25116.0,18601,1332.5,2481460.8,7283.64,0.751612903
Wheat,1998,Rabi       ,BIHAR,2121335.0,4403655,1332.5,209587898.0,615187.15,1.889272727
Arhar/Tur,1998,Kharif     ,HIMACHAL PRADESH,128.0,30,1381.6,12646.4,37.12,0.255
Bajra,1998,Kharif     ,HIMACHAL PRADESH,469.0,266,1381.6,46337.2,136.01,1.476666667
Barley,1998,Rabi       ,HIMACHAL PRADESH,26752.0,27756,1381.6,2643097.6,7758.08,1.112727273
Coriander,1998,Rabi       ,HIMACHAL PRADESH,395.0,128,1381.6,39026.0,114.55,0.512857143
Cotton(lint),1998,Whole Year ,HIMACHAL PRADESH,57.0,30,1381.6,5631.6,16.53,0.548333333
Dry chillies,1998,Whole Year ,HIMACHAL PRADESH,1007.0,224,1381.6,99491.6,292.03,0.205
Garlic,1998,Whole Year ,HIMACHAL PRADESH,663.0,700,1381.6,65504.4,192.27,1.087272727
Ginger,1998,Whole Year ,HIMACHAL PRADESH,1822.0,2631,1381.6,180013.6,528.38,1.19
Gram,1998,Rabi       ,HIMACHAL PRADESH,1908.0,1653,1381.6,188510.4,553.32,0.734444444
Groundnut,1998,Kharif     ,HIMACHAL PRADESH,282.0,286,1381.6,27861.6,81.78,0.714285714
Horse-gram,1998,Kharif     ,HIMACHAL PRADESH,3028.0,1475,1381.6,299166.4,878.12,0.467
Linseed,1998,Rabi       ,HIMACHAL PRADESH,2384.0,617,1381.6,235539.2,691.36,0.294
Maize,1998,Kharif     ,HIMACHAL PRADESH,300976.0,662272,1381.6,29736428.8,87283.04,2.23
Masoor,1998,Rabi       ,HIMACHAL PRADESH,1168.0,518,1381.6,115398.4,338.72,0.546363636
Moong(Green Gram),1998,Kharif     ,HIMACHAL PRADESH,62.0,25,1381.6,6125.6,17.98,0.375
Peas & beans (Pulses),1998,Rabi       ,HIMACHAL PRADESH,4845.0,10919,1381.6,478686.0,1405.05,1.848333333
Potato,1998,Kharif     ,HIMACHAL PRADESH,10580.0,124547,1381.6,1045304.0,3068.2,11.007
Potato,1998,Rabi       ,HIMACHAL PRADESH,3251.0,28756,1381.6,321198.8,942.79,10.772
Rapeseed &Mustard,1998,Rabi       ,HIMACHAL PRADESH,10551.0,5733,1381.6,1042438.8,3059.79,0.745833333
Rice,1998,Kharif     ,HIMACHAL PRADESH,82125.0,116997,1381.6,8113950.0,23816.25,1.455454545
Sesamum,1998,Kharif     ,HIMACHAL PRADESH,4563.0,2122,1381.6,450824.4,1323.27,0.397777778
Small millets,1998,Kharif     ,HIMACHAL PRADESH,14771.0,9881,1381.6,1459374.8,4283.59,0.436
Soyabean,1998,Kharif     ,HIMACHAL PRADESH,585.0,1153,1381.6,57798.0,169.65,2.537142857
Tobacco,1998,Whole Year ,HIMACHAL PRADESH,59.0,20,1381.6,5829.2,17.11,0.63
Turmeric,1998,Whole Year ,HIMACHAL PRADESH,84.0,59,1381.6,8299.2,24.36,0.67
Urad,1998,Kharif     ,HIMACHAL PRADESH,15155.0,6167,1381.6,1497314.0,4394.95,0.512727273
Wheat,1998,Rabi       ,HIMACHAL PRADESH,379718.0,481267,1381.6,37516138.4,110118.22,1.363333333
Arhar/Tur,1998,Kharif     ,PUNJAB,8700.0,5400,588.6,859560.0,2523.0,0.685
Bajra,1998,Kharif     ,PUNJAB,4000.0,4000,588.6,395200.0,1160.0,1.0
Barley,1998,Rabi       ,PUNJAB,31000.0,100000,588.6,3062800.0,8990.0,3.122727273
Cotton(lint),1998,Kharif     ,PUNJAB,562000.0,595000,588.6,55525600.0,162980.0,1.004
Gram,1998,Rabi       ,PUNJAB,15200.0,10400,588.6,1501760.0,4408.0,0.765833333
Groundnut,1998,Kharif     ,PUNJAB,6000.0,5000,588.6,592800.0,1740.0,0.9175
Linseed,1998,Rabi       ,PUNJAB,300.0,300,588.6,29640.0,87.0,1.0
Maize,1998,Kharif     ,PUNJAB,154000.0,352000,588.6,15215200.0,44660.0,2.42
Masoor,1998,Rabi       ,PUNJAB,4800.0,3200,588.6,474240.0,1392.0,0.73125
Moong(Green Gram),1998,Kharif     ,PUNJAB,42300.0,25600,588.6,4179240.0,12267.0,0.596666667
Peas & beans (Pulses),1998,Rabi       ,PUNJAB,4300.0,4100,588.6,424840.0,1247.0,0.944444444
Rapeseed &Mustard,1998,Rabi       ,PUNJAB,73000.0,69000,588.6,7212400.0,21170.0,1.067058824
Rice,1998,Kharif     ,PUNJAB,2519000.0,7940000,588.6,248877200.0,730510.0,3.099411765
Sesamum,1998,Kharif     ,PUNJAB,12100.0,4200,588.6,1195480.0,3509.0,0.3425
Sugarcane,1998,Whole Year ,PUNJAB,103000.0,6130000,588.6,10176400.0,29870.0,60.698
Urad,1998,Kharif     ,PUNJAB,4100.0,2000,588.6,405080.0,1189.0,0.496
Wheat,1998,Rabi       ,PUNJAB,3338000.0,14460000,588.6,329794400.0,968020.0,4.298823529
Arhar/Tur,1998,Kharif     ,TAMIL NADU,113783.0,99516,1077.1,11241760.4,32997.07,0.8125
Bajra,1998,Kharif     ,TAMIL NADU,196002.0,309644,1077.1,19364997.6,56840.58,1.783043478
Banana,1998,Whole Year ,TAMIL NADU,74681.0,3649318,1077.1,7378482.8,21657.49,44.85214286
Black pepper,1998,Whole Year ,TAMIL NADU,2633.0,520,1077.1,260140.4,763.57,0.212222222
Cardamom,1998,Whole Year ,TAMIL NADU,4197.0,311,1077.1,414663.6,1217.13,0.07875
Cashewnut,1998,Whole Year ,TAMIL NADU,78475.0,15162,1077.1,7753330.0,22757.75,0.2235
Castor seed,1998,Whole Year ,TAMIL NADU,42634.0,14626,1077.1,4212239.2,12363.86,0.347647059
Coriander,1998,Whole Year ,TAMIL NADU,63042.0,14750,1077.1,6228549.6,18282.18,0.283181818
Cotton(lint),1998,Kharif     ,TAMIL NADU,242830.0,429535,1077.1,23991604.0,70420.7,1.9364
Dry chillies,1998,Whole Year ,TAMIL NADU,65980.0,39657,1077.1,6518824.0,19134.2,0.635555556
Garlic,1998,Whole Year ,TAMIL NADU,2015.0,10629,1077.1,199082.0,584.35,5.474285714
Ginger,1998,Kharif     ,TAMIL NADU,600.0,19006,1077.1,59280.0,174.0,31.69166667
Gram,1998,Rabi       ,TAMIL NADU,7620.0,6348,1077.1,752856.0,2209.8,0.843333333
Groundnut,1998,Kharif     ,TAMIL NADU,1086462.0,1960643,1077.1,107342445.6,315073.98,1.822962963
Horse-gram,1998,Kharif     ,TAMIL NADU,123050.0,61658,1077.1,12157340.0,35684.5,0.5325
Jowar,1998,Kharif     ,TAMIL NADU,498583.0,585616,1077.1,49260000.4,144589.07,1.285416667
Maize,1998,Kharif     ,TAMIL NADU,70179.0,111983,1077.1,6933685.2,20351.91,1.606666667
Mesta,1998,Kharif     ,TAMIL NADU,383.0,1790,1077.1,37840.4,111.07,4.675
Moong(Green Gram),1998,Kharif     ,TAMIL NADU,183249.0,91770,1077.1,18105001.2,53142.21,0.488148148
Onion,1998,Whole Year ,TAMIL NADU,37185.0,289717,1077.1,3673878.0,10783.65,7.577727273
Potato,1998,Whole Year ,TAMIL NADU,2864.0,47513,1077.1,282963.2,830.56,19.0875
Ragi,1998,Kharif     ,TAMIL NADU,161000.0,334162,1077.1,15906800.0,46690.0,2.2164
Rapeseed &Mustard,1998,Whole Year ,TAMIL NADU,555.0,136,1077.1,54834.0,160.95,0.26
Rice,1998,Kharif     ,TAMIL NADU,2386399.0,8215286,1077.1,235776221.2,692055.71,3.445
Sannhamp,1998,Whole Year ,TAMIL NADU,2558.0,1865,1077.1,252730.4,741.82,0.755
Sesamum,1998,Kharif     ,TAMIL NADU,163232.0,81359,1077.1,16127321.6,47337.28,0.473076923
Small millets,1998,Kharif     ,TAMIL NADU,248000.0,117400,1077.1,24502400.0,71920.0,0.49
Sugarcane,1998,Whole Year ,TAMIL NADU,347910.0,46672800,1077.1,34373508.0,100893.9,136.0751852
Sunflower,1998,Kharif     ,TAMIL NADU,25114.0,24686,1077.1,2481263.2,7283.06,1.02875
Sweet potato,1998,Whole Year ,TAMIL NADU,718.0,12462,1077.1,70938.4,208.22,17.78736842
Tapioca,1998,Whole Year ,TAMIL NADU,78346.0,2909934,1077.1,7740584.8,22720.34,37.1056
Tobacco,1998,Whole Year ,TAMIL NADU,5775.0,8678,1077.1,570570.0,1674.75,1.409090909
Turmeric,1998,Whole Year ,TAMIL NADU,21657.0,126569,1077.1,2139711.6,6280.53,6.06
Urad,1998,Kharif     ,TAMIL NADU,446130.0,218245,1077.1,44077644.0,129377.7,0.505925926
Arhar/Tur,1999,Kharif     ,BIHAR,43024.0,53433,1402.7,4566137.12,11616.48,1.382162162
Bajra,1999,Kharif     ,BIHAR,1629.0,990,1402.7,172885.77,439.83,0.631666667
Banana,1999,Whole Year ,BIHAR,15386.0,207607,1402.7,1632916.18,4154.22,12.55909091
Coriander,1999,Whole Year ,BIHAR,3086.0,1624,1402.7,327517.18,833.22,0.537241379
Dry chillies,1999,Whole Year ,BIHAR,5504.0,5688,1402.7,584139.52,1486.08,1.091428571
Garlic,1999,Whole Year ,BIHAR,2777.0,3983,1402.7,294723.01,749.79,1.380967742
Ginger,1999,Kharif     ,BIHAR,796.0,1063,1402.7,84479.48,214.92,1.346428571
Gram,1999,Rabi       ,BIHAR,78657.0,78738,1402.7,8347867.41,21237.39,0.947428571
Groundnut,1999,Kharif     ,BIHAR,336.0,392,1402.7,35659.68,90.72,1.00625
Horse-gram,1999,Kharif     ,BIHAR,16021.0,12028,1402.7,1700308.73,4325.67,0.73125
Jowar,1999,Kharif     ,BIHAR,28442.0,38407,1402.7,3018549.46,7679.34,1.374054054
Jute,1999,Kharif     ,BIHAR,149123.0,1098574,1402.7,15826423.99,40263.21,7.803888889
Khesari,1999,Rabi       ,BIHAR,160964.0,160007,1402.7,17083109.32,43460.28,0.840285714
Linseed,1999,Rabi       ,BIHAR,43996.0,24687,1402.7,4669295.48,11878.92,0.565135135
Maize,1999,Kharif     ,BIHAR,385865.0,595085,1402.7,40951852.45,104183.55,1.615272727
Maize,1999,Rabi       ,BIHAR,199600.0,600608,1402.7,21183548.0,53892.0,2.928333333
Maize,1999,Summer     ,BIHAR,152658.0,365675,1402.7,16201593.54,41217.66,2.511666667
Masoor,1999,Rabi       ,BIHAR,170647.0,170117,1402.7,18110766.11,46074.69,0.825945946
Mesta,1999,Kharif     ,BIHAR,26199.0,177851,1402.7,2780499.87,7073.73,6.502083333
Moong(Green Gram),1999,Kharif     ,BIHAR,8821.0,4654,1402.7,936172.73,2381.67,0.552068966
Moong(Green Gram),1999,Rabi       ,BIHAR,172631.0,95154,1402.7,18321328.03,46610.37,0.567096774
Onion,1999,Whole Year ,BIHAR,17783.0,196037,1402.7,1887309.79,4801.41,11.98918919
Other  Rabi pulses,1999,Rabi       ,BIHAR,4033.0,3352,1402.7,428022.29,1088.91,0.823636364
Peas & beans (Pulses),1999,Rabi       ,BIHAR,25402.0,18164,1402.7,2695914.26,6858.54,0.727837838
Potato,1999,Whole Year ,BIHAR,144461.0,1381179,1402.7,15331645.93,39004.47,9.737297297
Ragi,1999,Kharif     ,BIHAR,65724.0,64673,1402.7,6975288.12,17745.48,0.9724
Rapeseed &Mustard,1999,Rabi       ,BIHAR,88908.0,70456,1402.7,9435806.04,24005.16,0.792162162
Rice,1999,Kharif     ,BIHAR,744230.0,862282,1402.7,78985129.9,200942.1,1.061666667
Rice,1999,Summer     ,BIHAR,124874.0,246807,1402.7,13252877.62,33715.98,1.700666667
Safflower,1999,Rabi       ,BIHAR,610.0,346,1402.7,64739.3,164.7,0.553333333
Sesamum,1999,Kharif     ,BIHAR,3599.0,1881,1402.7,381961.87,971.73,0.553103448
Sugarcane,1999,Whole Year ,BIHAR,97198.0,4088505,1402.7,10315623.74,26243.46,36.62083333
Sunflower,1999,Kharif     ,BIHAR,18274.0,16680,1402.7,1939419.62,4933.98,1.010666667
Sweet potato,1999,Whole Year ,BIHAR,5804.0,79132,1402.7,615978.52,1567.08,13.63172414
Tobacco,1999,Whole Year ,BIHAR,17389.0,17613,1402.7,1845494.57,4695.03,1.006666667
Turmeric,1999,Whole Year ,BIHAR,3134.0,3302,1402.7,332611.42,846.18,1.154210526
Urad,1999,Kharif     ,BIHAR,30571.0,23155,1402.7,3244500.23,8254.17,0.7275
Wheat,1999,Rabi       ,BIHAR,2080847.0,4583515,1402.7,220840292.1,561828.69,2.113513514
Arhar/Tur,1999,Kharif     ,HIMACHAL PRADESH,155.0,33,1144.9,16450.15,41.85,0.136666667
Barley,1999,Rabi       ,HIMACHAL PRADESH,25901.0,32496,1144.9,2748873.13,6993.27,1.228333333
Dry chillies,1999,Whole Year ,HIMACHAL PRADESH,859.0,276,1144.9,91165.67,231.93,0.311111111
Gram,1999,Rabi       ,HIMACHAL PRADESH,1691.0,1594,1144.9,179465.83,456.57,0.825555556
Groundnut,1999,Kharif     ,HIMACHAL PRADESH,179.0,150,1144.9,18997.27,48.33,0.558333333
Horse-gram,1999,Kharif     ,HIMACHAL PRADESH,3307.0,1634,1144.9,350971.91,892.89,0.475555556
Linseed,1999,Rabi       ,HIMACHAL PRADESH,2937.0,890,1144.9,311703.81,792.99,0.23
Maize,1999,Kharif     ,HIMACHAL PRADESH,299906.0,681424,1144.9,31829023.78,80974.62,2.324166667
Masoor,1999,Kharif     ,HIMACHAL PRADESH,1061.0,440,1144.9,112603.93,286.47,0.41
Moong(Green Gram),1999,Kharif     ,HIMACHAL PRADESH,342.0,139,1144.9,36296.46,92.34,0.255
Peas & beans (Pulses),1999,Kharif     ,HIMACHAL PRADESH,5046.0,11895,1144.9,535531.98,1362.42,1.59
Potato,1999,Whole Year ,HIMACHAL PRADESH,627.0,5395,1144.9,66543.51,169.29,5.58
Rapeseed &Mustard,1999,Rabi       ,HIMACHAL PRADESH,11079.0,5739,1144.9,1175814.27,2991.33,0.659090909
Rice,1999,Kharif     ,HIMACHAL PRADESH,80222.0,120365,1144.9,8513960.86,21659.94,1.55
Sesamum,1999,Kharif     ,HIMACHAL PRADESH,4056.0,2080,1144.9,430463.28,1095.12,0.415
Small millets,1999,Kharif     ,HIMACHAL PRADESH,15200.0,9818,1144.9,1613176.0,4104.0,0.457777778
Soyabean,1999,Kharif     ,HIMACHAL PRADESH,553.0,716,1144.9,58689.89,149.31,1.095
Sugarcane,1999,Whole Year ,HIMACHAL PRADESH,3005.0,15470,1144.9,318920.65,811.35,5.206666667
Urad,1999,Kharif     ,HIMACHAL PRADESH,14612.0,5418,1144.9,1550771.56,3945.24,0.495454545
Wheat,1999,Rabi       ,HIMACHAL PRADESH,370587.0,583300,1144.9,39330398.31,100058.49,1.5775
Arhar/Tur,1999,Kharif     ,PUNJAB,8600.0,7200,364.4,912718.0,2322.0,0.854166667
Bajra,1999,Kharif     ,PUNJAB,5000.0,4000,364.4,530650.0,1350.0,0.833333333
Barley,1999,Rabi       ,PUNJAB,30000.0,106000,364.4,3183900.0,8100.0,3.483
Cotton(lint),1999,Kharif     ,PUNJAB,475000.0,950000,364.4,50411750.0,128250.0,1.794
Gram,1999,Rabi       ,PUNJAB,6300.0,6100,364.4,668619.0,1701.0,1.000833333
Groundnut,1999,Kharif     ,PUNJAB,6000.0,6000,364.4,636780.0,1620.0,1.0
Linseed,1999,Rabi       ,PUNJAB,300.0,300,364.4,31839.0,81.0,1.0
Maize,1999,Kharif     ,PUNJAB,162000.0,417000,364.4,17193060.0,43740.0,2.711666667
Masoor,1999,Rabi       ,PUNJAB,3900.0,2600,364.4,413907.0,1053.0,0.695
Moong(Green Gram),1999,Kharif     ,PUNJAB,38300.0,22800,364.4,4064779.0,10341.0,0.636666667
Peas & beans (Pulses),1999,Rabi       ,PUNJAB,4300.0,2800,364.4,456359.0,1161.0,0.628333333
Rapeseed &Mustard,1999,Rabi       ,PUNJAB,56000.0,63000,364.4,5943280.0,15120.0,1.083529412
Rice,1999,Kharif     ,PUNJAB,2604000.0,8716000,364.4,276362520.0,703080.0,3.332352941
Sesamum,1999,Kharif     ,PUNJAB,15100.0,5200,364.4,1602563.0,4077.0,0.255
Sugarcane,1999,Whole Year ,PUNJAB,108000.0,6770000,364.4,11462040.0,29160.0,62.67266667
Urad,1999,Kharif     ,PUNJAB,3600.0,1710,364.4,382068.0,972.0,0.402
Wheat,1999,Rabi       ,PUNJAB,3388000.0,15910000,364.4,359568440.0,914760.0,4.651764706
Arhar/Tur,1999,Kharif     ,TAMIL NADU,87782.0,62411,922.8,9316303.66,23701.14,0.680769231
Bajra,1999,Kharif     ,TAMIL NADU,177406.0,258774,922.8,18828098.78,47899.62,1.7384
Banana,1999,Whole Year ,TAMIL NADU,86449.0,2762324,922.8,9174832.37,23341.23,29.60071429
Black pepper,1999,Whole Year ,TAMIL NADU,563.0,122,922.8,59751.19,152.01,0.167142857
Cardamom,1999,Whole Year ,TAMIL NADU,1213.0,112,922.8,128735.69,327.51,0.094
Cashewnut,1999,Whole Year ,TAMIL NADU,75832.0,20341,922.8,8048050.16,20474.64,0.309130435
Castor seed,1999,Kharif     ,TAMIL NADU,36034.0,11843,922.8,3824288.42,9729.18,0.351666667
Coriander,1999,Whole Year ,TAMIL NADU,24030.0,5500,922.8,2550303.9,6488.1,0.234090909
Cotton(lint),1999,Kharif     ,TAMIL NADU,184707.0,287965,922.8,19602953.91,49870.89,1.762222222
Dry chillies,1999,Whole Year ,TAMIL NADU,58302.0,32696,922.8,6187591.26,15741.54,0.720740741
Garlic,1999,Whole Year ,TAMIL NADU,543.0,3145,922.8,57628.59,146.61,5.8
Ginger,1999,Kharif     ,TAMIL NADU,468.0,12354,922.8,49668.84,126.36,25.9
Gram,1999,Rabi       ,TAMIL NADU,8283.0,5374,922.8,879074.79,2236.41,0.514615385
Groundnut,1999,Kharif     ,TAMIL NADU,865295.0,1537806,922.8,91833758.35,233629.65,1.731071429
Guar seed,1999,Whole Year ,TAMIL NADU,332323.0,3514258,922.8,35269439.99,89727.21,10.65148148
Horse-gram,1999,Kharif     ,TAMIL NADU,132166.0,57685,922.8,14026777.58,35684.82,0.440833333
Jowar,1999,Kharif     ,TAMIL NADU,491707.0,484265,922.8,52184863.91,132760.89,1.158695652
Maize,1999,Kharif     ,TAMIL NADU,115803.0,183765,922.8,12290172.39,31266.81,1.688
Mesta,1999,Kharif     ,TAMIL NADU,59.0,273,922.8,6261.67,15.93,4.526
Moong(Green Gram),1999,Kharif     ,TAMIL NADU,175337.0,93209,922.8,18608515.81,47340.99,0.541538462
Onion,1999,Whole Year ,TAMIL NADU,38384.0,315748,922.8,4073693.92,10363.68,8.005217391
Potato,1999,Whole Year ,TAMIL NADU,3803.0,72239,922.8,403612.39,1026.81,18.72
Ragi,1999,Kharif     ,TAMIL NADU,163024.0,282833,922.8,17301737.12,44016.48,1.647916667
Rapeseed &Mustard,1999,Rabi       ,TAMIL NADU,631.0,152,922.8,66968.03,170.37,0.206666667
Rice,1999,Kharif     ,TAMIL NADU,2204046.0,7225373,922.8,233915402.0,595092.42,3.499642857
Sannhamp,1999,Whole Year ,TAMIL NADU,7263.0,5298,922.8,770822.19,1961.01,0.73375
Sesamum,1999,Kharif     ,TAMIL NADU,172173.0,92906,922.8,18272720.49,46486.71,0.483846154
Sugarcane,1999,Whole Year ,TAMIL NADU,332332.0,35501817,922.8,35270395.16,89729.64,107.9448148
Sunflower,1999,Kharif     ,TAMIL NADU,22994.0,21913,922.8,2440353.22,6208.38,0.999583333
Sweet potato,1999,Whole Year ,TAMIL NADU,1860.0,22519,922.8,197401.8,502.2,12.04052632
Tapioca,1999,Whole Year ,TAMIL NADU,97165.0,3425515,922.8,10312121.45,26234.55,35.97692308
Tobacco,1999,Whole Year ,TAMIL NADU,5992.0,9369,922.8,635930.96,1617.84,1.476363636
Turmeric,1999,Whole Year ,TAMIL NADU,28325.0,149977,922.8,3006132.25,7647.75,5.419130435
Urad,1999,Kharif     ,TAMIL NADU,439604.0,218071,922.8,46655172.52,118693.08,0.517777778
Arhar/Tur,2000,Kharif     ,BIHAR,43604.0,58858,1207.0,4280604.68,11337.04,1.334324324
Bajra,2000,Kharif     ,BIHAR,1534.0,1266,1207.0,150592.78,398.84,0.7475
Banana,2000,Whole Year ,BIHAR,16186.0,339988,1207.0,1588979.62,4208.36,17.94875
Barley,2000,Rabi       ,BIHAR,22573.0,26499,1207.0,2215991.41,5868.98,1.188378378
Coriander,2000,Whole Year ,BIHAR,2511.0,1187,1207.0,246504.87,652.86,0.502
Dry chillies,2000,Whole Year ,BIHAR,4385.0,4641,1207.0,430475.45,1140.1,1.03
Garlic,2000,Whole Year ,BIHAR,2560.0,3611,1207.0,251315.2,665.6,1.365
Ginger,2000,Kharif     ,BIHAR,711.0,978,1207.0,69798.87,184.86,1.295714286
Gram,2000,Rabi       ,BIHAR,76155.0,78726,1207.0,7476136.35,19800.3,0.956969697
Groundnut,2000,Kharif     ,BIHAR,96.0,106,1207.0,9424.32,24.96,1.094
Horse-gram,2000,Kharif     ,BIHAR,17533.0,13548,1207.0,1721214.61,4558.58,0.74826087
Jowar,2000,Kharif     ,BIHAR,1087.0,994,1207.0,106710.79,282.62,0.926
Jute,2000,Kharif     ,BIHAR,135296.0,1083701,1207.0,13282008.32,35176.96,8.147692308
Khesari,2000,Rabi       ,BIHAR,157086.0,143687,1207.0,15421132.62,40842.36,0.835833333
Linseed,2000,Rabi       ,BIHAR,41828.0,28351,1207.0,4106254.76,10875.28,0.713055556
Maize,2000,Kharif     ,BIHAR,272957.0,477141,1207.0,26796188.69,70968.82,1.728918919
Maize,2000,Rabi       ,BIHAR,191502.0,549109,1207.0,18799751.34,49790.52,2.568571429
Maize,2000,Summer     ,BIHAR,156046.0,461059,1207.0,15319035.82,40571.96,2.77
Masoor,2000,Rabi       ,BIHAR,172202.0,170805,1207.0,16905070.34,44772.52,0.946216216
Mesta,2000,Kharif     ,BIHAR,31906.0,246248,1207.0,3132212.02,8295.56,6.971052632
Moong(Green Gram),2000,Kharif     ,BIHAR,9229.0,5165,1207.0,906010.93,2399.54,0.605333333
Moong(Green Gram),2000,Rabi       ,BIHAR,177813.0,103366,1207.0,17455902.21,46231.38,0.566470588
Onion,2000,Whole Year ,BIHAR,13788.0,140786,1207.0,1353567.96,3584.88,10.16783784
Other  Rabi pulses,2000,Rabi       ,BIHAR,3637.0,2333,1207.0,357044.29,945.62,0.667894737
Other Kharif pulses,2000,Kharif     ,BIHAR,1667.0,920,1207.0,163649.39,433.42,0.512380952
Peas & beans (Pulses),2000,Rabi       ,BIHAR,25712.0,24810,1207.0,2524147.04,6685.12,0.95
Potato,2000,Whole Year ,BIHAR,144563.0,1400358,1207.0,14191749.71,37586.38,9.984594595
Ragi,2000,Kharif     ,BIHAR,22452.0,24827,1207.0,2204112.84,5837.52,1.332903226
Rapeseed &Mustard,2000,Rabi       ,BIHAR,97011.0,84355,1207.0,9523569.87,25222.86,0.877567568
Rice,2000,Autumn     ,BIHAR,2939790.0,4444354,1207.0,288599184.3,764345.4,1.399189189
Rice,2000,Kharif     ,BIHAR,591705.0,786858,1207.0,58087679.85,153843.3,1.310645161
Rice,2000,Summer     ,BIHAR,125349.0,213158,1207.0,12305511.33,32590.74,1.590645161
Safflower,2000,Rabi       ,BIHAR,275.0,220,1207.0,26996.75,71.5,0.847777778
Sesamum,2000,Kharif     ,BIHAR,3581.0,1996,1207.0,351546.77,931.06,0.592142857
Small millets,2000,Kharif     ,BIHAR,7824.0,4315,1207.0,768082.08,2034.24,0.5756
Sugarcane,2000,Whole Year ,BIHAR,93529.0,3985577,1207.0,9181741.93,24317.54,37.13647059
Sunflower,2000,Kharif     ,BIHAR,10838.0,16707,1207.0,1063966.46,2817.88,1.407586207
Sweet potato,2000,Whole Year ,BIHAR,5009.0,60707,1207.0,491733.53,1302.34,12.08833333
Tobacco,2000,Whole Year ,BIHAR,15432.0,17947,1207.0,1514959.44,4012.32,1.154375
Turmeric,2000,Whole Year ,BIHAR,3121.0,3035,1207.0,306388.57,811.46,1.01
Urad,2000,Kharif     ,BIHAR,32064.0,20298,1207.0,3147722.88,8336.64,0.6309375
Wheat,2000,Rabi       ,BIHAR,2067333.0,4437958,1207.0,202950080.6,537506.58,2.073513514
Arhar/Tur,2000,Kharif     ,CHHATTISGARH,49383.0,21185,896.4,4847929.11,12839.58,0.42625
Bajra,2000,Kharif     ,CHHATTISGARH,78.0,31,896.4,7657.26,20.28,0.473333333
Bajra,2000,Whole Year ,CHHATTISGARH,201.0,8187,896.4,19732.17,52.26,38.278
Barley,2000,Rabi       ,CHHATTISGARH,4611.0,3873,896.4,452661.87,1198.86,0.77
Castor seed,2000,Kharif     ,CHHATTISGARH,133.0,36,896.4,13056.61,34.58,0.256666667
Coriander,2000,Whole Year ,CHHATTISGARH,3415.0,892,896.4,335250.55,887.9,0.256
Cotton(lint),2000,Kharif     ,CHHATTISGARH,69.0,10,896.4,6773.73,17.94,0.245
Dry chillies,2000,Whole Year ,CHHATTISGARH,5434.0,1380,896.4,533455.78,1412.84,0.250625
Garlic,2000,Whole Year ,CHHATTISGARH,708.0,2035,896.4,69504.36,184.08,2.946923077
Ginger,2000,Whole Year ,CHHATTISGARH,1652.0,1539,896.4,162176.84,429.52,1.069166667
Gram,2000,Rabi       ,CHHATTISGARH,140070.0,72136,896.4,13750671.9,36418.2,0.573125
Groundnut,2000,Kharif     ,CHHATTISGARH,34187.0,31965,896.4,3356137.79,8888.62,0.924375
Horse-gram,2000,Kharif     ,CHHATTISGARH,61595.0,18258,896.4,6046781.15,16014.7,0.276875
Jowar,2000,Kharif     ,CHHATTISGARH,10386.0,6907,896.4,1019593.62,2700.36,0.669333333
Khesari,2000,Rabi       ,CHHATTISGARH,250812.0,108852,896.4,24622214.04,65211.12,0.452
Linseed,2000,Rabi       ,CHHATTISGARH,74020.0,15840,896.4,7266543.4,19245.2,0.226666667
Maize,2000,Kharif     ,CHHATTISGARH,93364.0,125668,896.4,9165543.88,24274.64,1.168125
Masoor,2000,Rabi       ,CHHATTISGARH,12614.0,3418,896.4,1238316.38,3279.64,0.285333333
Mesta,2000,Kharif     ,CHHATTISGARH,1393.0,2803,896.4,136750.81,362.18,1.941333333
Moong(Green Gram),2000,Kharif     ,CHHATTISGARH,9836.0,2639,896.4,965600.12,2557.36,0.216875
Moong(Green Gram),2000,Rabi       ,CHHATTISGARH,4327.0,940,896.4,424781.59,1125.02,0.200666667
Niger seed,2000,Kharif     ,CHHATTISGARH,74256.0,13143,896.4,7289711.52,19306.56,0.165384615
Onion,2000,Whole Year ,CHHATTISGARH,3362.0,26533,896.4,330047.54,874.12,7.798
Other  Rabi pulses,2000,Rabi       ,CHHATTISGARH,1003.0,341,896.4,98464.51,260.78,0.327692308
Other Kharif pulses,2000,Kharif     ,CHHATTISGARH,4695.0,1558,896.4,460908.15,1220.7,0.335625
Peas & beans (Pulses),2000,Rabi       ,CHHATTISGARH,8855.0,3208,896.4,869295.35,2302.3,0.328666667
Potato,2000,Whole Year ,CHHATTISGARH,9092.0,66090,896.4,892561.64,2363.92,7.36625
Ragi,2000,Kharif     ,CHHATTISGARH,11183.0,2630,896.4,1097835.11,2907.58,0.213333333
Rapeseed &Mustard,2000,Rabi       ,CHHATTISGARH,48187.0,15950,896.4,4730517.79,12528.62,0.311875
Rice,2000,Kharif     ,CHHATTISGARH,3769746.0,2369295,896.4,370075964.8,980133.96,0.6575
Safflower,2000,Rabi       ,CHHATTISGARH,949.0,204,896.4,93163.33,246.74,0.274444444
Sannhamp,2000,Whole Year ,CHHATTISGARH,1788.0,502,896.4,175527.96,464.88,0.290625
Sesamum,2000,Kharif     ,CHHATTISGARH,23393.0,3953,896.4,2296490.81,6082.18,0.170625
Small millets,2000,Kharif     ,CHHATTISGARH,289664.0,45922,896.4,28436314.88,75312.64,0.146875
Soyabean,2000,Kharif     ,CHHATTISGARH,12662.0,6926,896.4,1243028.54,3292.12,0.580666667
Sugarcane,2000,Whole Year ,CHHATTISGARH,3317.0,8628,896.4,325629.89,862.42,2.739333333
Sunflower,2000,Kharif     ,CHHATTISGARH,1235.0,513,896.4,121239.95,321.1,0.4275
Sweet potato,2000,Whole Year ,CHHATTISGARH,2870.0,16869,896.4,281747.9,746.2,5.77875
Tobacco,2000,Whole Year ,CHHATTISGARH,42.0,20,896.4,4123.14,10.92,0.346666667
Turmeric,2000,Whole Year ,CHHATTISGARH,635.0,642,896.4,62337.95,165.1,1.060666667
Urad,2000,Kharif     ,CHHATTISGARH,116722.0,32851,896.4,11458598.74,30347.72,0.2825
Urad,2000,Rabi       ,CHHATTISGARH,5201.0,1247,896.4,510582.17,1352.26,0.210833333
Wheat,2000,Rabi       ,CHHATTISGARH,77844.0,79488,896.4,7641945.48,20239.44,1.214375
Arhar/Tur,2000,Kharif     ,HIMACHAL PRADESH,272.0,44,1068.4,26702.24,70.72,0.305714286
Bajra,2000,Kharif     ,HIMACHAL PRADESH,116.0,41,1068.4,11387.72,30.16,0.51
Barley,2000,Rabi       ,HIMACHAL PRADESH,25639.0,21414,1068.4,2516980.63,6666.14,0.8325
Gram,2000,Rabi       ,HIMACHAL PRADESH,1403.0,857,1068.4,137732.51,364.78,0.553333333
Groundnut,2000,Kharif     ,HIMACHAL PRADESH,137.0,82,1068.4,13449.29,35.62,0.408333333
Horse-gram,2000,Kharif     ,HIMACHAL PRADESH,2807.0,805,1068.4,275563.19,729.82,0.278181818
Jowar,2000,Kharif     ,HIMACHAL PRADESH,287.0,89,1068.4,28174.79,74.62,0.15
Linseed,2000,Rabi       ,HIMACHAL PRADESH,2444.0,349,1068.4,239927.48,635.44,0.113333333
Maize,2000,Kharif     ,HIMACHAL PRADESH,298052.0,683642,1068.4,29259764.84,77493.52,2.3325
Masoor,2000,Kharif     ,HIMACHAL PRADESH,993.0,276,1068.4,97482.81,258.18,0.419090909
Moong(Green Gram),2000,Kharif     ,HIMACHAL PRADESH,288.0,81,1068.4,28272.96,74.88,0.3775
Other Kharif pulses,2000,Kharif     ,HIMACHAL PRADESH,5644.0,2358,1068.4,554071.48,1467.44,0.531818182
Peas & beans (Pulses),2000,Kharif     ,HIMACHAL PRADESH,5510.0,11886,1068.4,540916.7,1432.6,1.345555556
Rapeseed &Mustard,2000,Rabi       ,HIMACHAL PRADESH,9686.0,3637,1068.4,950874.62,2518.36,0.500909091
Rice,2000,Kharif     ,HIMACHAL PRADESH,81519.0,124893,1068.4,8002720.23,21194.94,1.55
Sesamum,2000,Kharif     ,HIMACHAL PRADESH,4596.0,1738,1068.4,451189.32,1194.96,0.263333333
Small millets,2000,Kharif     ,HIMACHAL PRADESH,15278.0,6548,1068.4,1499841.26,3972.28,0.35
Soyabean,2000,Kharif     ,HIMACHAL PRADESH,649.0,585,1068.4,63712.33,168.74,0.912857143
Sugarcane,2000,Whole Year ,HIMACHAL PRADESH,2817.0,7854,1068.4,276544.89,732.42,2.665714286
Urad,2000,Kharif     ,HIMACHAL PRADESH,14161.0,4153,1068.4,1390185.37,3681.86,0.401818182
Wheat,2000,Rabi       ,HIMACHAL PRADESH,362660.0,261319,1068.4,35602332.2,94291.6,0.803333333
Arhar/Tur,2000,Kharif     ,PUNJAB,8700.0,7600,405.3,854079.0,2262.0,0.913846154
Bajra,2000,Kharif     ,PUNJAB,6000.0,5000,405.3,589020.0,1560.0,0.875
Barley,2000,Rabi       ,PUNJAB,32000.0,109000,405.3,3141440.0,8320.0,3.314
Cotton(lint),2000,Kharif     ,PUNJAB,474000.0,1199000,405.3,46532580.0,123240.0,2.131
Gram,2000,Rabi       ,PUNJAB,7700.0,7300,405.3,755909.0,2002.0,0.92125
Groundnut,2000,Kharif     ,PUNJAB,4000.0,4000,405.3,392680.0,1040.0,1.0
Linseed,2000,Rabi       ,PUNJAB,600.0,600,405.3,58902.0,156.0,1.0
Maize,2000,Kharif     ,PUNJAB,165000.0,461000,405.3,16198050.0,42900.0,2.904615385
Masoor,2000,Rabi       ,PUNJAB,4700.0,3100,405.3,461399.0,1222.0,0.77375
Moong(Green Gram),2000,Kharif     ,PUNJAB,29500.0,18400,405.3,2896015.0,7670.0,0.665
Moth,2000,Kharif     ,PUNJAB,300.0,300,405.3,29451.0,78.0,1.0
Other  Rabi pulses,2000,Rabi       ,PUNJAB,5900.0,6300,405.3,579203.0,1534.0,1.006363636
Rice,2000,Kharif     ,PUNJAB,2611000.0,9154000,405.3,256321870.0,678860.0,3.501764706
Sesamum,2000,Kharif     ,PUNJAB,19200.0,7660,405.3,1884864.0,4992.0,0.282142857
Sugarcane,2000,Whole Year ,PUNJAB,121000.0,7770000,405.3,11878570.0,31460.0,65.445625
Wheat,2000,Rabi       ,PUNJAB,3408000.0,15551000,405.3,334563360.0,886080.0,4.503529412
Arhar/Tur,2000,Kharif     ,TAMIL NADU,84929.0,60293,971.1,8337479.93,22081.54,0.674347826
Bajra,2000,Kharif     ,TAMIL NADU,199655.0,303245,971.1,19600131.35,51910.3,1.5484
Banana,2000,Whole Year ,TAMIL NADU,77485.0,2473512,971.1,7606702.45,20146.1,29.60107143
Black pepper,2000,Whole Year ,TAMIL NADU,1640.0,449,971.1,160998.8,426.4,0.184285714
Cardamom,2000,Whole Year ,TAMIL NADU,2144.0,204,971.1,210476.48,557.44,0.078
Cashewnut,2000,Whole Year ,TAMIL NADU,88123.0,20348,971.1,8651034.91,22911.98,0.304782609
Castor seed,2000,Kharif     ,TAMIL NADU,38930.0,12658,971.1,3821758.1,10121.8,0.334736842
Coriander,2000,Whole Year ,TAMIL NADU,19170.0,4132,971.1,1881918.9,4984.2,0.2365
Cotton(lint),2000,Kharif     ,TAMIL NADU,193850.0,325079,971.1,19030254.5,50401.0,1.807777778
Dry chillies,2000,Whole Year ,TAMIL NADU,66601.0,35263,971.1,6538220.17,17316.26,0.692592593
Garlic,2000,Whole Year ,TAMIL NADU,601.0,3516,971.1,59000.17,156.26,5.74
Ginger,2000,Kharif     ,TAMIL NADU,95.0,2515,971.1,9326.15,24.7,26.405
Gram,2000,Rabi       ,TAMIL NADU,5688.0,3514,971.1,558390.96,1478.88,0.546153846
Groundnut,2000,Kharif     ,TAMIL NADU,825063.0,1456648,971.1,80996434.71,214516.38,1.723571429
Horse-gram,2000,Kharif     ,TAMIL NADU,148579.0,65066,971.1,14586000.43,38630.54,0.429545455
Jowar,2000,Kharif     ,TAMIL NADU,491681.0,496607,971.1,48268323.77,127837.06,1.012727273
Maize,2000,Kharif     ,TAMIL NADU,119802.0,193854,971.1,11760962.34,31148.52,1.629090909
Mesta,2000,Kharif     ,TAMIL NADU,134.0,594,971.1,13154.78,34.84,3.683333333
Moong(Green Gram),2000,Kharif     ,TAMIL NADU,198603.0,90864,971.1,19496856.51,51636.78,0.484814815
Onion,2000,Whole Year ,TAMIL NADU,29822.0,265887,971.1,2927625.74,7753.72,8.016666667
Other Cereals,2000,Kharif     ,TAMIL NADU,87384.0,75741,971.1,8578487.28,22719.84,0.826315789
Other Kharif pulses,2000,Kharif     ,TAMIL NADU,167657.0,33762,971.1,16458887.69,43590.82,0.1988
Potato,2000,Whole Year ,TAMIL NADU,2723.0,49126,971.1,267316.91,707.98,18.08
Ragi,2000,Kharif     ,TAMIL NADU,165144.0,283091,971.1,16212186.48,42937.44,1.63125
Rapeseed &Mustard,2000,Rabi       ,TAMIL NADU,753.0,185,971.1,73922.01,195.78,0.228
Rice,2000,Kharif     ,TAMIL NADU,2113344.0,7217903,971.1,207466980.5,549469.44,3.611785714
Sannhamp,2000,Whole Year ,TAMIL NADU,10538.0,7681,971.1,1034515.46,2739.88,0.725625
Sesamum,2000,Kharif     ,TAMIL NADU,177943.0,100187,971.1,17468664.31,46265.18,0.506296296
Sugarcane,2000,Whole Year ,TAMIL NADU,317473.0,34062855,971.1,31166324.41,82542.98,108.0914815
Sunflower,2000,Kharif     ,TAMIL NADU,13345.0,14389,971.1,1310078.65,3469.7,1.040434783
Sweet potato,2000,Whole Year ,TAMIL NADU,916.0,10581,971.1,89923.72,238.16,11.92647059
Tapioca,2000,Whole Year ,TAMIL NADU,109681.0,4017008,971.1,10767383.77,28517.06,36.006
Tobacco,2000,Whole Year ,TAMIL NADU,5926.0,9225,971.1,581755.42,1540.76,1.527
Turmeric,2000,Whole Year ,TAMIL NADU,28675.0,149252,971.1,2815024.75,7455.5,5.306086957
Urad,2000,Kharif     ,TAMIL NADU,503982.0,244412,971.1,49475912.94,131035.32,0.517777778
Arhar/Tur,2000,Kharif     ,UTTARAKHAND,1890.0,981,1413.4,185541.3,491.4,0.631
Bajra,2000,Kharif     ,UTTARAKHAND,11.0,15,1413.4,1079.87,2.86,1.36
Barley,2000,Rabi       ,UTTARAKHAND,25797.0,25064,1413.4,2532491.49,6707.22,0.978461538
Garlic,2000,Whole Year ,UTTARAKHAND,2062.0,16274,1413.4,202426.54,536.12,5.604761905
Gram,2000,Rabi       ,UTTARAKHAND,993.0,683,1413.4,97482.81,258.18,0.688
Groundnut,2000,Kharif     ,UTTARAKHAND,1750.0,1481,1413.4,171797.5,455.0,0.89
Horse-gram,2000,Kharif     ,UTTARAKHAND,9223.0,4787,1413.4,905421.91,2397.98,0.555454545
Linseed,2000,Rabi       ,UTTARAKHAND,17.0,5,1413.4,1668.89,4.42,0.186666667
Maize,2000,Kharif     ,UTTARAKHAND,33467.0,48302,1413.4,3285455.39,8701.42,1.337692308
Maize,2000,Rabi       ,UTTARAKHAND,63.0,99,1413.4,6184.71,16.38,1.535
Masoor,2000,Rabi       ,UTTARAKHAND,15290.0,8156,1413.4,1501019.3,3975.4,0.512307692
Moong(Green Gram),2000,Kharif     ,UTTARAKHAND,45.0,16,1413.4,4417.65,11.7,0.393333333
Moong(Green Gram),2000,Rabi       ,UTTARAKHAND,110.0,31,1413.4,10798.7,28.6,0.353333333
Moth,2000,Kharif     ,UTTARAKHAND,44.0,17,1413.4,4319.48,11.44,0.36
Onion,2000,Whole Year ,UTTARAKHAND,1781.0,11027,1413.4,174840.77,463.06,7.395384615
Other  Rabi pulses,2000,Rabi       ,UTTARAKHAND,127.0,54,1413.4,12467.59,33.02,0.39375
Other Cereals,2000,Kharif     ,UTTARAKHAND,5596.0,1587,1413.4,549359.32,1454.96,0.285
Other Cereals,2000,Rabi       ,UTTARAKHAND,1307.0,1323,1413.4,128308.19,339.82,1.028571429
Other Kharif pulses,2000,Kharif     ,UTTARAKHAND,11548.0,6844,1413.4,1133667.16,3002.48,0.593333333
Peas & beans (Pulses),2000,Rabi       ,UTTARAKHAND,3402.0,2598,1413.4,333974.34,884.52,0.681538462
Potato,2000,Kharif     ,UTTARAKHAND,6286.0,138309,1413.4,617096.62,1634.36,21.66555556
Potato,2000,Rabi       ,UTTARAKHAND,6473.0,148125,1413.4,635454.41,1682.98,21.60538462
Ragi,2000,Kharif     ,UTTARAKHAND,127733.0,162286,1413.4,12539548.61,33210.58,1.335454545
Rapeseed &Mustard,2000,Rabi       ,UTTARAKHAND,13406.0,8127,1413.4,1316067.02,3485.56,0.51
Rice,2000,Kharif     ,UTTARAKHAND,285545.0,579074,1413.4,28031952.65,74241.7,1.649230769
Rice,2000,Rabi       ,UTTARAKHAND,3062.0,9578,1413.4,300596.54,796.12,3.125
Sesamum,2000,Kharif     ,UTTARAKHAND,2700.0,442,1413.4,265059.0,702.0,0.166666667
Small millets,2000,Kharif     ,UTTARAKHAND,73164.0,80384,1413.4,7182509.88,19022.64,1.115454545
Small millets,2000,Rabi       ,UTTARAKHAND,2.0,3,1413.4,196.34,0.52,1.5
Soyabean,2000,Kharif     ,UTTARAKHAND,6478.0,4382,1413.4,635945.26,1684.28,0.654545455
Sugarcane,2000,Whole Year ,UTTARAKHAND,116478.0,6831440,1413.4,11434645.26,30284.28,58.175
Sunflower,2000,Kharif     ,UTTARAKHAND,213.0,227,1413.4,20910.21,55.38,1.083333333
Tobacco,2000,Whole Year ,UTTARAKHAND,102.0,713,1413.4,10013.34,26.52,7.142
Turmeric,2000,Whole Year ,UTTARAKHAND,152.0,39,1413.4,14921.84,39.52,2.778
Urad,2000,Kharif     ,UTTARAKHAND,10160.0,4481,1413.4,997407.2,2641.6,0.466153846
Urad,2000,Rabi       ,UTTARAKHAND,1018.0,345,1413.4,99937.06,264.68,0.17
Wheat,2000,Rabi       ,UTTARAKHAND,377340.0,711036,1413.4,37043467.8,98108.4,1.550769231
other oilseeds,2000,Rabi       ,UTTARAKHAND,128.0,88,1413.4,12565.76,33.28,0.572857143
Arhar/Tur,2001,Kharif     ,BIHAR,41954.0,53809,1247.0,4284762.02,10908.04,1.242162162
Bajra,2001,Kharif     ,BIHAR,828.0,598,1247.0,84563.64,215.28,0.73
Banana,2001,Whole Year ,BIHAR,16263.0,355042,1247.0,1660940.19,4228.38,21.29136364
Barley,2001,Rabi       ,BIHAR,21300.0,26709,1247.0,2175369.0,5538.0,1.248181818
Coriander,2001,Whole Year ,BIHAR,2286.0,1326,1247.0,233469.18,594.36,0.574516129
Dry chillies,2001,Whole Year ,BIHAR,3558.0,3550,1247.0,363378.54,925.08,1.001666667
Garlic,2001,Whole Year ,BIHAR,2156.0,3164,1247.0,220192.28,560.56,1.432758621
Ginger,2001,Kharif     ,BIHAR,293.0,407,1247.0,29924.09,76.18,1.32
Gram,2001,Rabi       ,BIHAR,71525.0,67833,1247.0,7304848.25,18596.5,0.8578125
Groundnut,2001,Kharif     ,BIHAR,245.0,137,1247.0,25021.85,63.7,0.577142857
Horse-gram,2001,Kharif     ,BIHAR,14349.0,11520,1247.0,1465463.37,3730.74,0.781904762
Jowar,2001,Kharif     ,BIHAR,4388.0,3712,1247.0,448146.44,1140.88,0.888888889
Jute,2001,Kharif     ,BIHAR,142635.0,953203,1247.0,14567312.55,37085.1,6.347777778
Khesari,2001,Rabi       ,BIHAR,156420.0,127817,1247.0,15975174.6,40669.2,0.748055556
Linseed,2001,Rabi       ,BIHAR,40599.0,28819,1247.0,4146375.87,10555.74,0.72
Maize,2001,Autumn     ,BIHAR,244793.0,396864,1247.0,25000709.09,63646.18,1.768108108
Maize,2001,Rabi       ,BIHAR,187399.0,622294,1247.0,19139059.87,48723.74,2.911818182
Maize,2001,Summer     ,BIHAR,149864.0,388209,1247.0,15305610.32,38964.64,2.469189189
Masoor,2001,Rabi       ,BIHAR,170834.0,140299,1247.0,17447276.42,44416.84,0.768378378
Mesta,2001,Kharif     ,BIHAR,15374.0,99904,1247.0,1570146.62,3997.24,5.899
Moong(Green Gram),2001,Kharif     ,BIHAR,7902.0,4465,1247.0,807031.26,2054.52,0.627777778
Onion,2001,Whole Year ,BIHAR,14083.0,134445,1247.0,1438296.79,3661.58,10.47351351
Other  Rabi pulses,2001,Rabi       ,BIHAR,7142.0,4772,1247.0,729412.46,1856.92,0.708181818
Other Kharif pulses,2001,Kharif     ,BIHAR,1251.0,698,1247.0,127764.63,325.26,0.5835
Peas & beans (Pulses),2001,Rabi       ,BIHAR,26086.0,25671,1247.0,2664163.18,6782.36,0.971176471
Potato,2001,Whole Year ,BIHAR,140783.0,1432119,1247.0,14378167.79,36603.58,10.54486486
Ragi,2001,Kharif     ,BIHAR,19726.0,17318,1247.0,2014616.38,5128.76,0.911428571
Rapeseed &Mustard,2001,Rabi       ,BIHAR,95895.0,78242,1247.0,9793756.35,24932.7,0.862972973
Rice,2001,Autumn     ,BIHAR,2844474.0,4354156,1247.0,290506129.6,739563.24,1.409189189
Rice,2001,Kharif     ,BIHAR,126106.0,243661,1247.0,12879205.78,32787.56,1.792903226
Rice,2001,Summer     ,BIHAR,593959.0,703404,1247.0,60661032.67,154429.34,1.098275862
Safflower,2001,Rabi       ,BIHAR,237.0,181,1247.0,24204.81,61.62,0.718888889
Sesamum,2001,Kharif     ,BIHAR,3297.0,2061,1247.0,336722.61,857.22,0.636
Small millets,2001,Kharif     ,BIHAR,7477.0,5563,1247.0,763626.01,1944.02,0.794444444
Sugarcane,2001,Whole Year ,BIHAR,120754.0,5818262,1247.0,12332606.02,31396.04,44.32352941
Sunflower,2001,Kharif     ,BIHAR,13150.0,16108,1247.0,1343009.5,3419.0,1.238214286
Sweet potato,2001,Whole Year ,BIHAR,4981.0,56979,1247.0,508709.53,1295.06,11.255
Tobacco,2001,Whole Year ,BIHAR,13651.0,15031,1247.0,1394176.63,3549.26,1.207857143
Turmeric,2001,Whole Year ,BIHAR,2918.0,3038,1247.0,298015.34,758.68,1.139166667
Urad,2001,Kharif     ,BIHAR,31963.0,21497,1247.0,3264381.19,8310.38,0.666333333
Wheat,2001,Rabi       ,BIHAR,2181543.0,4499130,1247.0,222800986.6,567201.18,1.977567568
Arhar/Tur,2001,Kharif     ,CHHATTISGARH,50323.0,20180,1550.0,5139487.99,13083.98,0.388125
Bajra,2001,Kharif     ,CHHATTISGARH,80.0,36,1550.0,8170.4,20.8,0.574285714
Bajra,2001,Whole Year ,CHHATTISGARH,282.0,11012,1550.0,28800.66,73.32,37.904
Barley,2001,Rabi       ,CHHATTISGARH,4245.0,3481,1550.0,433541.85,1103.7,0.841428571
Castor seed,2001,Kharif     ,CHHATTISGARH,113.0,31,1550.0,11540.69,29.38,0.232857143
Coriander,2001,Whole Year ,CHHATTISGARH,3618.0,951,1550.0,369506.34,940.68,0.28875
Cotton(lint),2001,Kharif     ,CHHATTISGARH,103.0,72,1550.0,10519.39,26.78,0.795
Dry chillies,2001,Whole Year ,CHHATTISGARH,6909.0,3765,1550.0,705616.17,1796.34,0.540625
Garlic,2001,Whole Year ,CHHATTISGARH,779.0,2203,1550.0,79559.27,202.54,3.026428571
Ginger,2001,Whole Year ,CHHATTISGARH,1797.0,1681,1550.0,183527.61,467.22,1.035384615
Gram,2001,Rabi       ,CHHATTISGARH,169488.0,124574,1550.0,17309809.44,44066.88,0.7325
Groundnut,2001,Kharif     ,CHHATTISGARH,33804.0,41748,1550.0,3452402.52,8789.04,1.31375
Horse-gram,2001,Kharif     ,CHHATTISGARH,57694.0,19650,1550.0,5892288.22,15000.44,0.325625
Jowar,2001,Kharif     ,CHHATTISGARH,9423.0,9169,1550.0,962370.99,2449.98,0.948125
Khesari,2001,Rabi       ,CHHATTISGARH,415808.0,230495,1550.0,42466471.04,108110.08,0.578
Linseed,2001,Rabi       ,CHHATTISGARH,82260.0,22210,1550.0,8401213.8,21387.6,0.272
Maize,2001,Kharif     ,CHHATTISGARH,93820.0,69708,1550.0,9581836.6,24393.2,0.75375
Masoor,2001,Rabi       ,CHHATTISGARH,15946.0,5162,1550.0,1628564.98,4145.96,0.417333333
Mesta,2001,Kharif     ,CHHATTISGARH,1325.0,2778,1550.0,135322.25,344.5,2.1525
Moong(Green Gram),2001,Kharif     ,CHHATTISGARH,9669.0,2887,1550.0,987494.97,2513.94,0.261875
Moong(Green Gram),2001,Rabi       ,CHHATTISGARH,5558.0,1536,1550.0,567638.54,1445.08,0.247333333
Niger seed,2001,Kharif     ,CHHATTISGARH,74559.0,14268,1550.0,7614710.67,19385.34,0.220769231
Onion,2001,Whole Year ,CHHATTISGARH,3836.0,33857,1550.0,391770.68,997.36,8.872
Other  Rabi pulses,2001,Rabi       ,CHHATTISGARH,1024.0,356,1550.0,104581.12,266.24,0.326153846
Other Kharif pulses,2001,Kharif     ,CHHATTISGARH,5754.0,1966,1550.0,587656.02,1496.04,0.352
Peas & beans (Pulses),2001,Rabi       ,CHHATTISGARH,11851.0,4416,1550.0,1210342.63,3081.26,0.329375
Potato,2001,Whole Year ,CHHATTISGARH,9315.0,64152,1550.0,951340.95,2421.9,6.849375
Ragi,2001,Kharif     ,CHHATTISGARH,10860.0,3210,1550.0,1109131.8,2823.6,0.283636364
Rapeseed &Mustard,2001,Rabi       ,CHHATTISGARH,50335.0,18684,1550.0,5140713.55,13087.1,0.346875
Rice,2001,Kharif     ,CHHATTISGARH,3810112.0,5073721,1550.0,389126738.6,990629.12,1.34375
Safflower,2001,Rabi       ,CHHATTISGARH,338.0,84,1550.0,34519.94,87.88,0.24125
Sannhamp,2001,Whole Year ,CHHATTISGARH,1736.0,611,1550.0,177297.68,451.36,0.34875
Sesamum,2001,Kharif     ,CHHATTISGARH,23601.0,5711,1550.0,2410370.13,6136.26,0.246875
Small millets,2001,Kharif     ,CHHATTISGARH,279037.0,69178,1550.0,28498048.81,72549.62,0.239375
Soyabean,2001,Kharif     ,CHHATTISGARH,10622.0,8162,1550.0,1084824.86,2761.72,0.915333333
Sugarcane,2001,Whole Year ,CHHATTISGARH,3476.0,9046,1550.0,355003.88,903.76,2.805714286
Sunflower,2001,Kharif     ,CHHATTISGARH,2885.0,1184,1550.0,294645.05,750.1,0.388571429
Sweet potato,2001,Whole Year ,CHHATTISGARH,2402.0,14001,1550.0,245316.26,624.52,5.834375
Tobacco,2001,Whole Year ,CHHATTISGARH,40.0,22,1550.0,4085.2,10.4,0.6075
Turmeric,2001,Whole Year ,CHHATTISGARH,649.0,591,1550.0,66282.37,168.74,1.075333333
Urad,2001,Kharif     ,CHHATTISGARH,113521.0,34993,1550.0,11593899.73,29515.46,0.319375
Urad,2001,Rabi       ,CHHATTISGARH,5519.0,1334,1550.0,563655.47,1434.94,0.250833333
Wheat,2001,Rabi       ,CHHATTISGARH,97861.0,103480,1550.0,9994543.93,25443.86,1.195
Arhar/Tur,2001,Kharif     ,HIMACHAL PRADESH,1480.0,339,918.1,151152.4,384.8,0.495
Bajra,2001,Kharif     ,HIMACHAL PRADESH,110.0,57,918.1,11234.3,28.6,0.5975
Barley,2001,Rabi       ,HIMACHAL PRADESH,25017.0,34687,918.1,2554986.21,6504.42,1.36
Coriander,2001,Whole Year ,HIMACHAL PRADESH,308.0,105,918.1,31456.04,80.08,1.35125
Cotton(lint),2001,Kharif     ,HIMACHAL PRADESH,20.0,13,918.1,2042.6,5.2,0.8975
Dry chillies,2001,Whole Year ,HIMACHAL PRADESH,1024.0,195,918.1,104581.12,266.24,0.219
Garlic,2001,Whole Year ,HIMACHAL PRADESH,1597.0,1719,918.1,163101.61,415.22,1.018
Ginger,2001,Kharif     ,HIMACHAL PRADESH,2609.0,29012,918.1,266457.17,678.34,10.94888889
Gram,2001,Rabi       ,HIMACHAL PRADESH,1144.0,1004,918.1,116836.72,297.44,0.763
Groundnut,2001,Kharif     ,HIMACHAL PRADESH,129.0,75,918.1,13174.77,33.54,0.508333333
Horse-gram,2001,Kharif     ,HIMACHAL PRADESH,2418.0,967,918.1,246950.34,628.68,0.396
Linseed,2001,Rabi       ,HIMACHAL PRADESH,2272.0,558,918.1,232039.36,590.72,0.38
Maize,2001,Kharif     ,HIMACHAL PRADESH,301282.0,668228,918.1,30769930.66,78333.32,2.463333333
Masoor,2001,Kharif     ,HIMACHAL PRADESH,751.0,278,918.1,76699.63,195.26,0.501666667
Moong(Green Gram),2001,Kharif     ,HIMACHAL PRADESH,94.0,32,918.1,9600.22,24.44,0.498571429
Onion,2001,Whole Year ,HIMACHAL PRADESH,1112.0,11045,918.1,113568.56,289.12,8.397777778
Other  Rabi pulses,2001,Rabi       ,HIMACHAL PRADESH,20.0,12,918.1,2042.6,5.2,0.565
Other Kharif pulses,2001,Kharif     ,HIMACHAL PRADESH,5090.0,2568,918.1,519841.7,1323.4,0.484545455
Peas & beans (Pulses),2001,Kharif     ,HIMACHAL PRADESH,5294.0,11949,918.1,540676.22,1376.44,1.548888889
Potato,2001,Whole Year ,HIMACHAL PRADESH,8480.0,75614,918.1,866062.4,2204.8,8.677272727
Rapeseed &Mustard,2001,Rabi       ,HIMACHAL PRADESH,10387.0,5482,918.1,1060824.31,2700.62,0.638333333
Rice,2001,Kharif     ,HIMACHAL PRADESH,80579.0,137418,918.1,8229533.27,20950.54,1.654545455
Sannhamp,2001,Whole Year ,HIMACHAL PRADESH,38.0,38,918.1,3880.94,9.88,1.0
Sesamum,2001,Kharif     ,HIMACHAL PRADESH,4475.0,2404,918.1,457031.75,1163.5,0.35
Small millets,2001,Kharif     ,HIMACHAL PRADESH,13865.0,8397,918.1,1416032.45,3604.9,0.551111111
Soyabean,2001,Kharif     ,HIMACHAL PRADESH,661.0,725,918.1,67507.93,171.86,1.17625
Sugarcane,2001,Whole Year ,HIMACHAL PRADESH,2635.0,11219,918.1,269112.55,685.1,4.411428571
Sweet potato,2001,Whole Year ,HIMACHAL PRADESH,102.0,0,918.1,10417.26,26.52,0.0
Tobacco,2001,Whole Year ,HIMACHAL PRADESH,23.0,26,918.1,2348.99,5.98,1.05
Turmeric,2001,Whole Year ,HIMACHAL PRADESH,127.0,74,918.1,12970.51,33.02,0.59625
Urad,2001,Kharif     ,HIMACHAL PRADESH,13268.0,5393,918.1,1355060.84,3449.68,0.476363636
Wheat,2001,Rabi       ,HIMACHAL PRADESH,366518.0,637068,918.1,37432483.34,95294.68,1.72
Arhar/Tur,2001,Kharif     ,PUNJAB,9200.0,7900,479.3,939596.0,2392.0,0.913333333
Barley,2001,Rabi       ,PUNJAB,23000.0,78000,479.3,2348990.0,5980.0,3.26
Cotton(lint),2001,Kharif     ,PUNJAB,607000.0,1307000,479.3,61992910.0,157820.0,1.896363636
Gram,2001,Rabi       ,PUNJAB,7100.0,6200,479.3,725123.0,1846.0,0.92
Groundnut,2001,Kharif     ,PUNJAB,400.0,400,479.3,40852.0,104.0,1.0
Linseed,2001,Rabi       ,PUNJAB,300.0,300,479.3,30639.0,78.0,1.0
Maize,2001,Kharif     ,PUNJAB,165000.0,449000,479.3,16851450.0,42900.0,2.7625
Masoor,2001,Rabi       ,PUNJAB,4300.0,3000,479.3,439159.0,1118.0,0.7675
Moong(Green Gram),2001,Kharif     ,PUNJAB,23000.0,11000,479.3,2348990.0,5980.0,0.562307692
Moth,2001,Kharif     ,PUNJAB,300.0,300,479.3,30639.0,78.0,1.0
Rapeseed &Mustard,2001,Rabi       ,PUNJAB,5000.0,6500,479.3,510650.0,1300.0,1.262941176
Rice,2001,Kharif     ,PUNJAB,2487000.0,8816000,479.3,253997310.0,646620.0,3.517058824
Sesamum,2001,Kharif     ,PUNJAB,20500.0,8000,479.3,2093665.0,5330.0,0.509285714
Sugarcane,2001,Whole Year ,PUNJAB,142000.0,9250000,479.3,14502460.0,36920.0,67.87176471
Wheat,2001,Rabi       ,PUNJAB,3420000.0,15499000,479.3,349284600.0,889200.0,4.487058824
Arhar/Tur,2001,Kharif     ,TAMIL NADU,63613.0,41420,481.3,6496795.69,16539.38,0.623333333
Bajra,2001,Kharif     ,TAMIL NADU,125093.0,152971,481.3,12775748.09,32524.18,1.3948
Cotton(lint),2001,Kharif     ,TAMIL NADU,164169.0,229732,481.3,16766579.97,42683.94,1.450740741
Groundnut,2001,Kharif     ,TAMIL NADU,662982.0,1249630,481.3,67710351.66,172375.32,1.857142857
Jowar,2001,Kharif     ,TAMIL NADU,317233.0,274842,481.3,32399006.29,82480.58,1.009583333
Moong(Green Gram),2001,Kharif     ,TAMIL NADU,128995.0,53470,481.3,13174259.35,33538.7,0.415925926
Ragi,2001,Kharif     ,TAMIL NADU,124958.0,235311,481.3,12761960.54,32489.08,2.208076923
Rice,2001,Kharif     ,TAMIL NADU,2059878.0,6583630,481.3,210375340.1,535568.28,3.532857143
Sesamum,2001,Kharif     ,TAMIL NADU,83848.0,45991,481.3,8563396.24,21800.48,0.518148148
Sugarcane,2001,Whole Year ,TAMIL NADU,321173.0,32614900,481.3,32801398.49,83504.98,102.0107407
Sunflower,2001,Kharif     ,TAMIL NADU,6607.0,8530,481.3,674772.91,1717.82,1.323
Urad,2001,Kharif     ,TAMIL NADU,266123.0,104320,481.3,27179141.99,69191.98,0.441481481
Arhar/Tur,2001,Kharif     ,UTTARAKHAND,1934.0,1053,1541.3,197519.42,502.84,0.62125
Bajra,2001,Kharif     ,UTTARAKHAND,44.0,57,1541.3,4493.72,11.44,1.295
Barley,2001,Rabi       ,UTTARAKHAND,22875.0,25590,1541.3,2336223.75,5947.5,1.215384615
Garlic,2001,Whole Year ,UTTARAKHAND,2063.0,16832,1541.3,210694.19,536.38,5.50952381
Gram,2001,Rabi       ,UTTARAKHAND,1259.0,868,1541.3,128581.67,327.34,0.594166667
Groundnut,2001,Kharif     ,UTTARAKHAND,1136.0,1014,1541.3,116019.68,295.36,0.895
Horse-gram,2001,Kharif     ,UTTARAKHAND,7781.0,3437,1541.3,794673.53,2023.06,0.476666667
Linseed,2001,Rabi       ,UTTARAKHAND,15.0,6,1541.3,1531.95,3.9,0.306666667
Maize,2001,Kharif     ,UTTARAKHAND,32938.0,40682,1541.3,3363957.94,8563.88,1.185384615
Maize,2001,Rabi       ,UTTARAKHAND,125.0,183,1541.3,12766.25,32.5,1.1
Masoor,2001,Rabi       ,UTTARAKHAND,14649.0,7651,1541.3,1496102.37,3808.74,0.506153846
Moong(Green Gram),2001,Kharif     ,UTTARAKHAND,67.0,32,1541.3,6842.71,17.42,0.3425
Moong(Green Gram),2001,Rabi       ,UTTARAKHAND,59.0,16,1541.3,6025.67,15.34,0.286666667
Moth,2001,Kharif     ,UTTARAKHAND,11.0,4,1541.3,1123.43,2.86,0.34
Onion,2001,Whole Year ,UTTARAKHAND,1642.0,8089,1541.3,167697.46,426.92,6.451538462
Other  Rabi pulses,2001,Rabi       ,UTTARAKHAND,211.0,93,1541.3,21549.43,54.86,0.3875
Other Cereals,2001,Kharif     ,UTTARAKHAND,7411.0,2004,1541.3,756885.43,1926.86,0.283636364
Other Cereals,2001,Rabi       ,UTTARAKHAND,1213.0,1383,1541.3,123883.69,315.38,1.106666667
Other Kharif pulses,2001,Kharif     ,UTTARAKHAND,11054.0,6408,1541.3,1128945.02,2874.04,0.58
Peas & beans (Pulses),2001,Rabi       ,UTTARAKHAND,3251.0,2370,1541.3,332024.63,845.26,0.655833333
Potato,2001,Kharif     ,UTTARAKHAND,7761.0,155501,1541.3,792630.93,2017.86,19.90111111
Potato,2001,Rabi       ,UTTARAKHAND,5739.0,121724,1541.3,586124.07,1492.14,20.00692308
Ragi,2001,Kharif     ,UTTARAKHAND,131779.0,161963,1541.3,13458589.27,34262.54,1.324545455
Rapeseed &Mustard,2001,Rabi       ,UTTARAKHAND,11795.0,7557,1541.3,1204623.35,3066.7,0.521538462
Rice,2001,Kharif     ,UTTARAKHAND,280816.0,567662,1541.3,28679738.08,73012.16,1.608461538
Rice,2001,Rabi       ,UTTARAKHAND,3761.0,11855,1541.3,384110.93,977.86,2.2625
Sesamum,2001,Kharif     ,UTTARAKHAND,2327.0,400,1541.3,237656.51,605.02,0.180769231
Small millets,2001,Kharif     ,UTTARAKHAND,74526.0,83951,1541.3,7611340.38,19376.76,1.126363636
Small millets,2001,Rabi       ,UTTARAKHAND,1.0,1,1541.3,102.13,0.26,1.0
Soyabean,2001,Kharif     ,UTTARAKHAND,9688.0,6176,1541.3,989435.44,2518.88,0.599166667
Sugarcane,2001,Whole Year ,UTTARAKHAND,118637.0,6958951,1541.3,12116396.81,30845.62,58.175
Sunflower,2001,Kharif     ,UTTARAKHAND,47.0,46,1541.3,4800.11,12.22,0.666666667
Tobacco,2001,Whole Year ,UTTARAKHAND,126.0,907,1541.3,12868.38,32.76,7.226666667
Turmeric,2001,Whole Year ,UTTARAKHAND,45.0,97,1541.3,4595.85,11.7,1.922
Urad,2001,Kharif     ,UTTARAKHAND,10685.0,6660,1541.3,1091259.05,2778.1,0.592307692
Urad,2001,Rabi       ,UTTARAKHAND,992.0,370,1541.3,101312.96,257.92,0.123333333
Wheat,2001,Rabi       ,UTTARAKHAND,375967.0,721618,1541.3,38397509.71,97751.42,1.616153846
other oilseeds,2001,Rabi       ,UTTARAKHAND,238.0,126,1541.3,24306.94,61.88,0.465555556
Arhar/Tur,2002,Kharif     ,BIHAR,37680.0,42966,1105.8,3567165.6,9420.0,1.169189189
Bajra,2002,Kharif     ,BIHAR,1018.0,1048,1105.8,96374.06,254.5,1.009285714
Banana,2002,Whole Year ,BIHAR,17307.0,340338,1105.8,1638453.69,4326.75,22.17956522
Barley,2002,Rabi       ,BIHAR,20427.0,23432,1105.8,1933824.09,5106.75,1.154285714
Castor seed,2002,Kharif     ,BIHAR,316.0,312,1105.8,29915.72,79.0,0.992857143
Coriander,2002,Whole Year ,BIHAR,2190.0,1426,1105.8,207327.3,547.5,0.661333333
Dry chillies,2002,Whole Year ,BIHAR,3420.0,2301,1105.8,323771.4,855.0,0.682580645
Garlic,2002,Whole Year ,BIHAR,2221.0,3280,1105.8,210262.07,555.25,1.445625
Ginger,2002,Whole Year ,BIHAR,394.0,584,1105.8,37299.98,98.5,1.380666667
Gram,2002,Rabi       ,BIHAR,71361.0,72057,1105.8,6755745.87,17840.25,0.883636364
Groundnut,2002,Kharif     ,BIHAR,371.0,183,1105.8,35122.57,92.75,0.491428571
Horse-gram,2002,Kharif     ,BIHAR,13093.0,10420,1105.8,1239514.31,3273.25,0.790909091
Jowar,2002,Kharif     ,BIHAR,4402.0,4446,1105.8,416737.34,1100.5,1.021
Jute,2002,Kharif     ,BIHAR,147796.0,973546,1105.8,13991847.32,36949.0,6.593076923
Khesari,2002,Rabi       ,BIHAR,140712.0,112666,1105.8,13321205.04,35178.0,0.722571429
Linseed,2002,Rabi       ,BIHAR,29156.0,22161,1105.8,2760198.52,7289.0,0.748
Maize,2002,Autumn     ,BIHAR,255035.0,428182,1105.8,24144163.45,63758.75,1.757567568
Maize,2002,Rabi       ,BIHAR,187707.0,520263,1105.8,17770221.69,46926.75,2.553513514
Maize,2002,Summer     ,BIHAR,160863.0,432637,1105.8,15228900.21,40215.75,2.609459459
Masoor,2002,Rabi       ,BIHAR,179581.0,156613,1105.8,17000933.27,44895.25,0.712432432
Mesta,2002,Kharif     ,BIHAR,20026.0,120281,1105.8,1895861.42,5006.5,5.776190476
Moong(Green Gram),2002,Kharif     ,BIHAR,10659.0,5746,1105.8,1009087.53,2664.75,0.471212121
Moong(Green Gram),2002,Summer     ,BIHAR,185137.0,112835,1105.8,17526919.79,46284.25,0.586
Onion,2002,Whole Year ,BIHAR,13589.0,116759,1105.8,1286470.63,3397.25,8.524054054
Other  Rabi pulses,2002,Rabi       ,BIHAR,3522.0,2511,1105.8,333427.74,880.5,0.759
Other Kharif pulses,2002,Kharif     ,BIHAR,5913.0,3268,1105.8,559783.71,1478.25,0.575294118
Peas & beans (Pulses),2002,Rabi       ,BIHAR,23295.0,20805,1105.8,2205337.65,5823.75,0.896285714
Potato,2002,Whole Year ,BIHAR,147819.0,1476602,1105.8,13994024.73,36954.75,10.27135135
Ragi,2002,Kharif     ,BIHAR,20695.0,14237,1105.8,1959195.65,5173.75,0.736206897
Rapeseed &Mustard,2002,Rabi       ,BIHAR,90072.0,62026,1105.8,8527116.24,22518.0,0.699189189
Rice,2002,Autumn     ,BIHAR,583274.0,682933,1105.8,55218549.58,145818.5,1.060714286
Rice,2002,Summer     ,BIHAR,120354.0,197607,1105.8,11393913.18,30088.5,1.625517241
Rice,2002,Winter     ,BIHAR,2881073.0,4205026,1105.8,272751180.9,720268.25,1.345945946
Safflower,2002,Rabi       ,BIHAR,162.0,132,1105.8,15336.54,40.5,0.82
Sannhamp,2002,Whole Year ,BIHAR,4235.0,3012,1105.8,400927.45,1058.75,0.726666667
Sesamum,2002,Kharif     ,BIHAR,3785.0,2727,1105.8,358325.95,946.25,0.676296296
Small millets,2002,Kharif     ,BIHAR,6522.0,4939,1105.8,617437.74,1630.5,0.764137931
Sugarcane,2002,Whole Year ,BIHAR,107270.0,4520510,1105.8,10155250.9,26817.5,39.25787879
Sunflower,2002,Kharif     ,BIHAR,13359.0,17393,1105.8,1264696.53,3339.75,1.258148148
Sweet potato,2002,Whole Year ,BIHAR,5000.0,66772,1105.8,473350.0,1250.0,12.524
Tobacco,2002,Whole Year ,BIHAR,14952.0,16805,1105.8,1415505.84,3738.0,1.124166667
Turmeric,2002,Whole Year ,BIHAR,2927.0,2893,1105.8,277099.09,731.75,0.993809524
Urad,2002,Kharif     ,BIHAR,25116.0,18601,1105.8,2377731.72,6279.0,0.751612903
Wheat,2002,Rabi       ,BIHAR,2130933.0,4040610,1105.8,201735427.1,532733.25,1.844054054
Arhar/Tur,2002,Kharif     ,CHHATTISGARH,55718.0,24126,1001.4,5274823.06,13929.5,0.398125
Bajra,2002,Kharif     ,CHHATTISGARH,66.0,26,1001.4,6248.22,16.5,0.51
Bajra,2002,Whole Year ,CHHATTISGARH,256.0,10088,1001.4,24235.52,64.0,37.202
Barley,2002,Rabi       ,CHHATTISGARH,4017.0,3145,1001.4,380289.39,1004.25,0.606666667
Castor seed,2002,Kharif     ,CHHATTISGARH,74.0,21,1001.4,7005.58,18.5,0.23125
Coriander,2002,Whole Year ,CHHATTISGARH,3755.0,969,1001.4,355485.85,938.75,0.244285714
Cotton(lint),2002,Kharif     ,CHHATTISGARH,90.0,75,1001.4,8520.3,22.5,1.276
Dry chillies,2002,Whole Year ,CHHATTISGARH,6450.0,5687,1001.4,610621.5,1612.5,0.856875
Garlic,2002,Whole Year ,CHHATTISGARH,816.0,2288,1001.4,77250.72,204.0,2.982142857
Ginger,2002,Whole Year ,CHHATTISGARH,1382.0,1266,1001.4,130833.94,345.5,1.057333333
Gram,2002,Rabi       ,CHHATTISGARH,175588.0,113079,1001.4,16622915.96,43897.0,0.62125
Groundnut,2002,Kharif     ,CHHATTISGARH,34349.0,38127,1001.4,3251819.83,8587.25,1.196875
Horse-gram,2002,Kharif     ,CHHATTISGARH,54490.0,13149,1001.4,5158568.3,13622.5,0.259375
Horse-gram,2002,Rabi       ,CHHATTISGARH,2969.0,748,1001.4,281075.23,742.25,0.258333333
Jowar,2002,Kharif     ,CHHATTISGARH,7798.0,5770,1001.4,738236.66,1949.5,0.936666667
Khesari,2002,Rabi       ,CHHATTISGARH,330126.0,170345,1001.4,31253028.42,82531.5,0.526666667
Linseed,2002,Rabi       ,CHHATTISGARH,67624.0,19746,1001.4,6401964.08,16906.0,0.2775
Maize,2002,Kharif     ,CHHATTISGARH,93955.0,122611,1001.4,8894719.85,23488.75,1.279375
Masoor,2002,Rabi       ,CHHATTISGARH,14999.0,4634,1001.4,1419955.33,3749.75,0.289333333
Mesta,2002,Kharif     ,CHHATTISGARH,1052.0,1918,1001.4,99592.84,263.0,1.867142857
Moong(Green Gram),2002,Kharif     ,CHHATTISGARH,9625.0,2253,1001.4,911198.75,2406.25,0.21125
Moong(Green Gram),2002,Rabi       ,CHHATTISGARH,6822.0,1698,1001.4,645838.74,1705.5,0.249333333
Niger seed,2002,Kharif     ,CHHATTISGARH,71979.0,11512,1001.4,6814251.93,17994.75,0.159230769
Onion,2002,Whole Year ,CHHATTISGARH,4145.0,34830,1001.4,392407.15,1036.25,8.068
Other  Rabi pulses,2002,Rabi       ,CHHATTISGARH,1156.0,391,1001.4,109438.52,289.0,0.314285714
Other Kharif pulses,2002,Kharif     ,CHHATTISGARH,5565.0,1814,1001.4,526838.55,1391.25,0.32125
Peas & beans (Pulses),2002,Rabi       ,CHHATTISGARH,12181.0,4180,1001.4,1153175.27,3045.25,0.30875
Potato,2002,Whole Year ,CHHATTISGARH,9564.0,61104,1001.4,905423.88,2391.0,6.6325
Ragi,2002,Kharif     ,CHHATTISGARH,10523.0,2184,1001.4,996212.41,2630.75,0.210909091
Rapeseed &Mustard,2002,Rabi       ,CHHATTISGARH,47494.0,15626,1001.4,4496256.98,11873.5,0.289375
Rice,2002,Kharif     ,CHHATTISGARH,3777661.0,2634853,1001.4,357631166.9,944415.25,0.710625
Safflower,2002,Rabi       ,CHHATTISGARH,515.0,119,1001.4,48755.05,128.75,0.253636364
Sannhamp,2002,Whole Year ,CHHATTISGARH,1672.0,492,1001.4,158288.24,418.0,0.2975
Sesamum,2002,Kharif     ,CHHATTISGARH,24774.0,6442,1001.4,2345354.58,6193.5,0.25375
Small millets,2002,Kharif     ,CHHATTISGARH,260007.0,40661,1001.4,24614862.69,65001.75,0.155625
Soyabean,2002,Kharif     ,CHHATTISGARH,15155.0,8335,1001.4,1434723.85,3788.75,0.598
Sugarcane,2002,Whole Year ,CHHATTISGARH,3957.0,9967,1001.4,374609.19,989.25,2.751333333
Sunflower,2002,Kharif     ,CHHATTISGARH,2591.0,996,1001.4,245289.97,647.75,0.389230769
Sweet potato,2002,Whole Year ,CHHATTISGARH,2585.0,14824,1001.4,244721.95,646.25,5.37
Tobacco,2002,Whole Year ,CHHATTISGARH,39.0,18,1001.4,3692.13,9.75,0.52
Turmeric,2002,Whole Year ,CHHATTISGARH,680.0,586,1001.4,64375.6,170.0,1.030714286
Urad,2002,Kharif     ,CHHATTISGARH,116301.0,30317,1001.4,11010215.67,29075.25,0.259375
Urad,2002,Rabi       ,CHHATTISGARH,6210.0,1403,1001.4,587900.7,1552.5,0.230833333
Wheat,2002,Rabi       ,CHHATTISGARH,93846.0,98592,1001.4,8884400.82,23461.5,1.185
Arhar/Tur,2002,Kharif     ,HIMACHAL PRADESH,334.0,52,890.8,31619.78,83.5,0.22
Bajra,2002,Kharif     ,HIMACHAL PRADESH,102.0,57,890.8,9656.34,25.5,0.775
Barley,2002,Rabi       ,HIMACHAL PRADESH,23596.0,30614,890.8,2233833.32,5899.0,1.299090909
Coriander,2002,Whole Year ,HIMACHAL PRADESH,263.0,84,890.8,24898.21,65.75,0.27625
Cotton(lint),2002,Kharif     ,HIMACHAL PRADESH,28.0,15,890.8,2650.76,7.0,0.4275
Dry chillies,2002,Whole Year ,HIMACHAL PRADESH,837.0,87,890.8,79238.79,209.25,0.207
Garlic,2002,Whole Year ,HIMACHAL PRADESH,3180.0,2379,890.8,301050.6,795.0,0.64
Ginger,2002,Kharif     ,HIMACHAL PRADESH,2455.0,17051,890.8,232414.85,613.75,6.73
Gram,2002,Rabi       ,HIMACHAL PRADESH,1351.0,1012,890.8,127899.17,337.75,0.727777778
Groundnut,2002,Kharif     ,HIMACHAL PRADESH,194.0,88,890.8,18365.98,48.5,0.367142857
Horse-gram,2002,Kharif     ,HIMACHAL PRADESH,2582.0,599,890.8,244437.94,645.5,0.238181818
Linseed,2002,Rabi       ,HIMACHAL PRADESH,1610.0,364,890.8,152418.7,402.5,0.135
Maize,2002,Kharif     ,HIMACHAL PRADESH,299801.0,483333,890.8,28382160.67,74950.25,1.6075
Masoor,2002,Kharif     ,HIMACHAL PRADESH,872.0,359,890.8,82552.24,218.0,0.519090909
Moong(Green Gram),2002,Kharif     ,HIMACHAL PRADESH,394.0,112,890.8,37299.98,98.5,0.241666667
Onion,2002,Whole Year ,HIMACHAL PRADESH,807.0,4541,890.8,76398.69,201.75,5.328
Other  Rabi pulses,2002,Rabi       ,HIMACHAL PRADESH,35.0,10,890.8,3313.45,8.75,0.26
Other Kharif pulses,2002,Kharif     ,HIMACHAL PRADESH,5605.0,1940,890.8,530625.35,1401.25,0.364166667
Peas & beans (Pulses),2002,Kharif     ,HIMACHAL PRADESH,6285.0,12057,890.8,595000.95,1571.25,1.156363636
Potato,2002,Whole Year ,HIMACHAL PRADESH,13941.0,136033,890.8,1319794.47,3485.25,10.06
Rapeseed &Mustard,2002,Rabi       ,HIMACHAL PRADESH,9830.0,4599,890.8,930606.1,2457.5,0.39
Rice,2002,Kharif     ,HIMACHAL PRADESH,83273.0,85653,890.8,7883454.91,20818.25,1.133636364
Sesamum,2002,Kharif     ,HIMACHAL PRADESH,4482.0,1890,890.8,424310.94,1120.5,0.27
Small millets,2002,Kharif     ,HIMACHAL PRADESH,13414.0,5764,890.8,1269903.38,3353.5,0.356666667
Soyabean,2002,Kharif     ,HIMACHAL PRADESH,697.0,1124,890.8,65984.99,174.25,1.3825
Sugarcane,2002,Whole Year ,HIMACHAL PRADESH,2926.0,4649,890.8,277004.42,731.5,1.887142857
Tobacco,2002,Whole Year ,HIMACHAL PRADESH,32.0,38,890.8,3029.44,8.0,1.58
Turmeric,2002,Whole Year ,HIMACHAL PRADESH,125.0,65,890.8,11833.75,31.25,0.418571429
Urad,2002,Kharif     ,HIMACHAL PRADESH,12670.0,3065,890.8,1199468.9,3167.5,0.326363636
Wheat,2002,Rabi       ,HIMACHAL PRADESH,359439.0,495558,890.8,34028090.13,89859.75,1.389166667
Arhar/Tur,2002,Kharif     ,PUNJAB,7800.0,6700,301.8,738426.0,1950.0,0.927
Bajra,2002,Kharif     ,PUNJAB,7000.0,6000,301.8,662690.0,1750.0,0.9
Barley,2002,Rabi       ,PUNJAB,26000.0,85000,301.8,2461420.0,6500.0,3.199
Cotton(lint),2002,Kharif     ,PUNJAB,449000.0,1083000,301.8,42506830.0,112250.0,1.836
Gram,2002,Rabi       ,PUNJAB,7000.0,6700,301.8,662690.0,1750.0,0.966875
Groundnut,2002,Kharif     ,PUNJAB,5300.0,3800,301.8,501751.0,1325.0,0.784444444
Guar seed,2002,Whole Year ,PUNJAB,30800.0,22700,301.8,2915836.0,7700.0,0.708
Maize,2002,Kharif     ,PUNJAB,152000.0,310000,301.8,14389840.0,38000.0,2.083333333
Masoor,2002,Rabi       ,PUNJAB,4000.0,2700,301.8,378680.0,1000.0,0.751111111
Moong(Green Gram),2002,Kharif     ,PUNJAB,15700.0,10500,301.8,1486319.0,3925.0,0.703846154
Moth,2002,Kharif     ,PUNJAB,300.0,200,301.8,28401.0,75.0,0.75
Rapeseed &Mustard,2002,Rabi       ,PUNJAB,66000.0,60000,301.8,6248220.0,16500.0,0.941764706
Rice,2002,Kharif     ,PUNJAB,2530000.0,8880000,301.8,239515100.0,632500.0,3.438823529
Sesamum,2002,Kharif     ,PUNJAB,17300.0,4900,301.8,1637791.0,4325.0,0.250714286
Sugarcane,2002,Whole Year ,PUNJAB,153000.0,9110000,301.8,14484510.0,38250.0,58.85235294
Urad,2002,Kharif     ,PUNJAB,3900.0,1900,301.8,369213.0,975.0,0.593333333
Wheat,2002,Rabi       ,PUNJAB,3375000.0,14175000,301.8,319511250.0,843750.0,4.13
Arhar/Tur,2002,Kharif     ,UTTARAKHAND,1793.0,860,1610.3,169743.31,448.25,0.538888889
Bajra,2002,Kharif     ,UTTARAKHAND,4.0,5,1610.3,378.68,1.0,1.165
Barley,2002,Rabi       ,UTTARAKHAND,25664.0,31566,1610.3,2429610.88,6416.0,1.282307692
Garlic,2002,Whole Year ,UTTARAKHAND,2180.0,16513,1610.3,206380.6,545.0,4.292692308
Gram,2002,Rabi       ,UTTARAKHAND,954.0,577,1610.3,90315.18,238.5,0.599
Groundnut,2002,Kharif     ,UTTARAKHAND,1179.0,920,1610.3,111615.93,294.75,0.755
Horse-gram,2002,Kharif     ,UTTARAKHAND,7589.0,3499,1610.3,718450.63,1897.25,0.494
Linseed,2002,Rabi       ,UTTARAKHAND,37500.0,16195,1610.3,3550125.0,9375.0,0.336666667
Maize,2002,Kharif     ,UTTARAKHAND,28506.0,32127,1610.3,2698663.02,7126.5,1.043076923
Maize,2002,Rabi       ,UTTARAKHAND,82.0,127,1610.3,7762.94,20.5,1.455
Masoor,2002,Rabi       ,UTTARAKHAND,14451.0,6437,1610.3,1368076.17,3612.75,0.436923077
Moong(Green Gram),2002,Kharif     ,UTTARAKHAND,76.0,22,1610.3,7194.92,19.0,0.37
Moong(Green Gram),2002,Rabi       ,UTTARAKHAND,48.0,12,1610.3,4544.16,12.0,0.25
Moong(Green Gram),2002,Summer     ,UTTARAKHAND,34489.0,19967,1610.3,3265073.63,8622.25,0.58
Onion,2002,Rabi       ,UTTARAKHAND,8497.0,87690,1610.3,804410.99,2124.25,10.32
Onion,2002,Summer     ,UTTARAKHAND,11216.0,125394,1610.3,1061818.72,2804.0,11.18
Onion,2002,Whole Year ,UTTARAKHAND,1920.0,8839,1610.3,181766.4,480.0,6.455384615
Other  Rabi pulses,2002,Rabi       ,UTTARAKHAND,64.0,28,1610.3,6058.88,16.0,0.363333333
Other Cereals,2002,Kharif     ,UTTARAKHAND,8854.0,2494,1610.3,838208.18,2213.5,0.295
Other Cereals,2002,Rabi       ,UTTARAKHAND,471.0,474,1610.3,44589.57,117.75,1.0375
Other Kharif pulses,2002,Kharif     ,UTTARAKHAND,10844.0,6391,1610.3,1026601.48,2711.0,0.570833333
Peas & beans (Pulses),2002,Rabi       ,UTTARAKHAND,3550.0,2636,1610.3,336078.5,887.5,0.627692308
Potato,2002,Kharif     ,UTTARAKHAND,7741.0,154194,1610.3,732840.47,1935.25,20.172
Potato,2002,Rabi       ,UTTARAKHAND,6803.0,143706,1610.3,644040.01,1700.75,19.99538462
Ragi,2002,Kharif     ,UTTARAKHAND,127391.0,129586,1610.3,12060105.97,31847.75,1.168181818
Rapeseed &Mustard,2002,Rabi       ,UTTARAKHAND,11423.0,6497,1610.3,1081415.41,2855.75,0.480769231
Rice,2002,Kharif     ,UTTARAKHAND,271219.0,511526,1610.3,25676302.73,67804.75,1.461538462
Rice,2002,Rabi       ,UTTARAKHAND,4090.0,11649,1610.3,387200.3,1022.5,2.8
Sannhamp,2002,Whole Year ,UTTARAKHAND,4007.0,1262,1610.3,379342.69,1001.75,0.31
Sesamum,2002,Kharif     ,UTTARAKHAND,2152.0,269,1610.3,203729.84,538.0,0.123333333
Small millets,2002,Kharif     ,UTTARAKHAND,73179.0,62634,1610.3,6927855.93,18294.75,0.906363636
Small millets,2002,Rabi       ,UTTARAKHAND,1.0,1,1610.3,94.67,0.25,1.0
Soyabean,2002,Kharif     ,UTTARAKHAND,11488.0,7295,1610.3,1087568.96,2872.0,0.543636364
Sugarcane,2002,Whole Year ,UTTARAKHAND,122453.0,7362658,1610.3,11592625.51,30613.25,58.185
Sunflower,2002,Kharif     ,UTTARAKHAND,238.0,182,1610.3,22531.46,59.5,0.634
Tobacco,2002,Whole Year ,UTTARAKHAND,738.0,2858,1610.3,69866.46,184.5,6.703333333
Turmeric,2002,Whole Year ,UTTARAKHAND,142.0,295,1610.3,13443.14,35.5,1.926
Urad,2002,Kharif     ,UTTARAKHAND,9805.0,3680,1610.3,928239.35,2451.25,0.400769231
Urad,2002,Rabi       ,UTTARAKHAND,801.0,360,1610.3,75830.67,200.25,0.3
Wheat,2002,Rabi       ,UTTARAKHAND,374802.0,721653,1610.3,35482505.34,93700.5,1.650769231
other oilseeds,2002,Rabi       ,UTTARAKHAND,587.0,318,1610.3,55571.29,146.75,0.498571429
Arhar/Tur,2002,Rabi       ,JHARKHAND,18045.15,30067,1041.2,1708334.351,4511.2875,1.69
Gram,2002,Rabi       ,JHARKHAND,9748.47,8312,1041.2,922887.6549,2437.1175,0.871111111
Maize,2002,Autumn     ,JHARKHAND,62780.33,74310,1041.2,5943413.841,15695.0825,1.203571429
Masoor,2002,Rabi       ,JHARKHAND,3053.66,2381,1041.2,289089.9922,763.415,0.796666667
Potato,2002,Rabi       ,JHARKHAND,12269.37,91201,1041.2,1161541.258,3067.3425,7.418
Potato,2002,Winter     ,JHARKHAND,10525.78,74589,1041.2,996475.5926,2631.445,6.716666667
Ragi,2002,Autumn     ,JHARKHAND,26659.73,32959,1041.2,2523876.639,6664.9325,1.048571429
Rapeseed &Mustard,2002,Rabi       ,JHARKHAND,4704.34,3602,1041.2,445359.8678,1176.085,0.781111111
Rice,2002,Autumn     ,JHARKHAND,136359.61,89082,1041.2,12909164.28,34089.9025,1.516666667
Rice,2002,Winter     ,JHARKHAND,922658.68,974008,1041.2,87348097.24,230664.67,1.062222222
Wheat,2002,Rabi       ,JHARKHAND,57203.69,78365,1041.2,5415473.332,14300.9225,1.42125
Arhar/Tur,2003,Kharif     ,BIHAR,38855.0,48100,1353.9,3845867.9,9325.2,1.206315789
Bajra,2003,Kharif     ,BIHAR,1568.0,1638,1353.9,155200.64,376.32,1.042727273
Banana,2003,Whole Year ,BIHAR,13007.0,215248,1353.9,1287432.86,3121.68,19.39208333
Barley,2003,Rabi       ,BIHAR,21446.0,24007,1353.9,2122725.08,5147.04,1.146571429
Castor seed,2003,Kharif     ,BIHAR,155.0,154,1353.9,15341.9,37.2,0.99875
Coriander,2003,Whole Year ,BIHAR,2169.0,1500,1353.9,214687.62,520.56,0.690967742
Dry chillies,2003,Whole Year ,BIHAR,3233.0,2198,1353.9,320002.34,775.92,0.732647059
Garlic,2003,Whole Year ,BIHAR,2797.0,3605,1353.9,276847.06,671.28,1.484375
Ginger,2003,Kharif     ,BIHAR,350.0,539,1353.9,34643.0,84.0,1.493333333
Gram,2003,Rabi       ,BIHAR,80322.0,78593,1353.9,7950271.56,19277.28,0.918333333
Groundnut,2003,Kharif     ,BIHAR,468.0,231,1353.9,46322.64,112.32,0.441111111
Horse-gram,2003,Kharif     ,BIHAR,15425.0,11399,1353.9,1526766.5,3702.0,0.743043478
Jowar,2003,Kharif     ,BIHAR,1513.0,1527,1353.9,149756.74,363.12,1.004545455
Jute,2003,Kharif     ,BIHAR,154588.0,1147358,1353.9,15301120.24,37101.12,8.015333333
Khesari,2003,Rabi       ,BIHAR,133064.0,122574,1353.9,13170674.72,31935.36,0.835945946
Linseed,2003,Rabi       ,BIHAR,34696.0,27202,1353.9,3434210.08,8327.04,0.771315789
Maize,2003,Kharif     ,BIHAR,259030.0,438013,1353.9,25638789.4,62167.2,1.68
Maize,2003,Rabi       ,BIHAR,196338.0,594736,1353.9,19433535.24,47121.12,2.925945946
Maize,2003,Summer     ,BIHAR,161062.0,440821,1353.9,15941916.76,38654.88,2.775
Masoor,2003,Rabi       ,BIHAR,171037.0,159754,1353.9,16929242.26,41048.88,0.843421053
Mesta,2003,Kharif     ,BIHAR,20011.0,138908,1353.9,1980688.78,4802.64,6.455714286
Moong(Green Gram),2003,Kharif     ,BIHAR,8398.0,4231,1353.9,831234.04,2015.52,0.527575758
Moong(Green Gram),2003,Rabi       ,BIHAR,24894.0,11255,1353.9,2464008.12,5974.56,0.47
Moong(Green Gram),2003,Summer     ,BIHAR,181373.0,88908,1353.9,17952299.54,43529.52,0.496857143
Onion,2003,Whole Year ,BIHAR,14545.0,137965,1353.9,1439664.1,3490.8,9.284736842
Other  Rabi pulses,2003,Rabi       ,BIHAR,3298.0,2450,1353.9,326436.04,791.52,0.757083333
Other Kharif pulses,2003,Kharif     ,BIHAR,1180.0,614,1353.9,116796.4,283.2,0.6804
Peas & beans (Pulses),2003,Rabi       ,BIHAR,23740.0,22172,1353.9,2349785.2,5697.6,0.931944444
Potato,2003,Whole Year ,BIHAR,142013.0,1351846,1353.9,14056446.74,34083.12,9.989210526
Ragi,2003,Kharif     ,BIHAR,15187.0,10236,1353.9,1503209.26,3644.88,0.666451613
Rapeseed &Mustard,2003,Rabi       ,BIHAR,83666.0,68975,1353.9,8281260.68,20079.84,0.812105263
Rice,2003,Autumn     ,BIHAR,553904.0,688189,1353.9,54825417.92,132936.96,1.141666667
Rice,2003,Kharif     ,BIHAR,190236.0,270831,1353.9,18829559.28,45656.64,1.42
Rice,2003,Summer     ,BIHAR,116885.0,169902,1353.9,11569277.3,28052.4,1.324642857
Rice,2003,Winter     ,BIHAR,2907199.0,4589705,1353.9,287754557.0,697727.76,1.456315789
Safflower,2003,Rabi       ,BIHAR,200.0,162,1353.9,19796.0,48.0,0.864285714
Sannhamp,2003,Whole Year ,BIHAR,3441.0,2467,1353.9,340590.18,825.84,0.713076923
Sesamum,2003,Kharif     ,BIHAR,3795.0,2840,1353.9,375629.1,910.8,0.731785714
Small millets,2003,Kharif     ,BIHAR,7010.0,5325,1353.9,693849.8,1682.4,0.7809375
Sugarcane,2003,Whole Year ,BIHAR,103100.0,4285888,1353.9,10204838.0,24744.0,39.12181818
Sunflower,2003,Kharif     ,BIHAR,17531.0,24157,1353.9,1735218.38,4207.44,1.352758621
Sweet potato,2003,Whole Year ,BIHAR,4551.0,63938,1353.9,450457.98,1092.24,12.97965517
Tobacco,2003,Whole Year ,BIHAR,14353.0,15960,1353.9,1420659.94,3444.72,1.103333333
Turmeric,2003,Whole Year ,BIHAR,2789.0,2758,1353.9,276055.22,669.36,0.994782609
Urad,2003,Kharif     ,BIHAR,24199.0,18009,1353.9,2395217.02,5807.76,0.747878788
Wheat,2003,Rabi       ,BIHAR,2076839.0,3688941,1353.9,205565524.2,498441.36,1.747105263
Arhar/Tur,2003,Kharif     ,CHHATTISGARH,52307.0,31541,1643.7,5177346.86,12553.68,0.58125
Bajra,2003,Kharif     ,CHHATTISGARH,47.0,19,1643.7,4652.06,11.28,0.5575
Bajra,2003,Whole Year ,CHHATTISGARH,283.0,11291,1643.7,28011.34,67.92,38.706
Barley,2003,Rabi       ,CHHATTISGARH,4354.0,4337,1643.7,430958.92,1044.96,0.895714286
Castor seed,2003,Kharif     ,CHHATTISGARH,84.0,27,1643.7,8314.32,20.16,0.404444444
Coriander,2003,Whole Year ,CHHATTISGARH,3958.0,1159,1643.7,391762.84,949.92,0.265333333
Cotton(lint),2003,Kharif     ,CHHATTISGARH,92.0,182,1643.7,9106.16,22.08,1.832
Dry chillies,2003,Whole Year ,CHHATTISGARH,6486.0,4248,1643.7,641984.28,1556.64,0.645
Garlic,2003,Whole Year ,CHHATTISGARH,910.0,2576,1643.7,90071.8,218.4,3.008571429
Ginger,2003,Whole Year ,CHHATTISGARH,1291.0,1353,1643.7,127783.18,309.84,1.204666667
Gram,2003,Rabi       ,CHHATTISGARH,204701.0,197332,1643.7,20261304.98,49128.24,0.906875
Groundnut,2003,Kharif     ,CHHATTISGARH,36318.0,40240,1643.7,3594755.64,8716.32,1.069333333
Horse-gram,2003,Kharif     ,CHHATTISGARH,52598.0,17492,1643.7,5206150.04,12623.52,0.324375
Horse-gram,2003,Rabi       ,CHHATTISGARH,3149.0,910,1643.7,311688.02,755.76,0.3275
Jowar,2003,Kharif     ,CHHATTISGARH,7595.0,7603,1643.7,751753.1,1822.8,0.942
Khesari,2003,Rabi       ,CHHATTISGARH,460893.0,278840,1643.7,45619189.14,110614.32,0.622
Linseed,2003,Rabi       ,CHHATTISGARH,74975.0,23092,1643.7,7421025.5,17994.0,0.312666667
Maize,2003,Kharif     ,CHHATTISGARH,98575.0,135048,1643.7,9756953.5,23658.0,1.20625
Masoor,2003,Rabi       ,CHHATTISGARH,18024.0,6163,1643.7,1784015.52,4325.76,0.313333333
Mesta,2003,Kharif     ,CHHATTISGARH,1219.0,2432,1643.7,120656.62,292.56,2.107857143
Moong(Green Gram),2003,Kharif     ,CHHATTISGARH,9804.0,2713,1643.7,970399.92,2352.96,0.258125
Moong(Green Gram),2003,Rabi       ,CHHATTISGARH,8197.0,2081,1643.7,811339.06,1967.28,0.238
Niger seed,2003,Kharif     ,CHHATTISGARH,74381.0,13100,1643.7,7362231.38,17851.44,0.192857143
Onion,2003,Whole Year ,CHHATTISGARH,4441.0,32548,1643.7,439570.18,1065.84,7.334
Other  Rabi pulses,2003,Rabi       ,CHHATTISGARH,1318.0,429,1643.7,130455.64,316.32,0.336666667
Other Kharif pulses,2003,Kharif     ,CHHATTISGARH,5479.0,1738,1643.7,542311.42,1314.96,0.331333333
Peas & beans (Pulses),2003,Rabi       ,CHHATTISGARH,17307.0,6497,1643.7,1713046.86,4153.68,0.34625
Potato,2003,Whole Year ,CHHATTISGARH,10228.0,49238,1643.7,1012367.44,2454.72,5.158125
Ragi,2003,Kharif     ,CHHATTISGARH,10647.0,3109,1643.7,1053840.06,2555.28,0.265454545
Rapeseed &Mustard,2003,Rabi       ,CHHATTISGARH,55314.0,22789,1643.7,5474979.72,13275.36,0.395625
Rice,2003,Kharif     ,CHHATTISGARH,3828992.0,5567644,1643.7,378993628.2,918958.08,1.4375
Safflower,2003,Rabi       ,CHHATTISGARH,880.0,214,1643.7,87102.4,211.2,0.193333333
Sannhamp,2003,Whole Year ,CHHATTISGARH,1702.0,577,1643.7,168463.96,408.48,0.3225
Sesamum,2003,Kharif     ,CHHATTISGARH,25084.0,7099,1643.7,2482814.32,6020.16,0.288125
Small millets,2003,Kharif     ,CHHATTISGARH,251048.0,64646,1643.7,24848731.04,60251.52,0.253125
Soyabean,2003,Kharif     ,CHHATTISGARH,20835.0,18376,1643.7,2062248.3,5000.4,0.99
Sugarcane,2003,Whole Year ,CHHATTISGARH,5148.0,13290,1643.7,509549.04,1235.52,2.842666667
Sunflower,2003,Kharif     ,CHHATTISGARH,6092.0,2076,1643.7,602986.16,1462.08,0.379285714
Sweet potato,2003,Whole Year ,CHHATTISGARH,2665.0,15235,1643.7,263781.7,639.6,5.71625
Tobacco,2003,Whole Year ,CHHATTISGARH,41.0,23,1643.7,4058.18,9.84,0.656
Turmeric,2003,Whole Year ,CHHATTISGARH,678.0,616,1643.7,67108.44,162.72,1.079375
Urad,2003,Kharif     ,CHHATTISGARH,115663.0,33645,1643.7,11448323.74,27759.12,0.3
Urad,2003,Rabi       ,CHHATTISGARH,5621.0,1438,1643.7,556366.58,1349.04,0.265833333
Wheat,2003,Rabi       ,CHHATTISGARH,106109.0,113138,1643.7,10502668.82,25466.16,1.20875
Arhar/Tur,2003,Kharif     ,JHARKHAND,22500.06,32221,1258.3,2227055.939,5400.0144,1.425
Barley,2003,Rabi       ,JHARKHAND,4519.82,3990,1258.3,447371.7836,1084.7568,0.943333333
Gram,2003,Rabi       ,JHARKHAND,15155.21,12862,1258.3,1500062.686,3637.2504,0.9075
Maize,2003,Autumn     ,JHARKHAND,89591.91,136371,1258.3,8867807.252,21502.0584,1.39
Masoor,2003,Rabi       ,JHARKHAND,6993.61,8681,1258.3,692227.5178,1678.4664,1.175
Onion,2003,Whole Year ,JHARKHAND,1137.98,9198,1258.3,112637.2604,273.1152,9.12
Potato,2003,Rabi       ,JHARKHAND,9350.04,73414,1258.3,925466.9592,2244.0096,6.98625
Potato,2003,Winter     ,JHARKHAND,13174.37,121890,1258.3,1303999.143,3161.8488,8.628333333
Ragi,2003,Autumn     ,JHARKHAND,73301.3,50316,1258.3,7255362.674,17592.312,0.79
Rapeseed &Mustard,2003,Rabi       ,JHARKHAND,6119.0,4851,1258.3,605658.62,1468.56,0.803636364
Rice,2003,Autumn     ,JHARKHAND,614160.1,418254,1258.3,60789566.7,147398.424,0.74
Rice,2003,Winter     ,JHARKHAND,1437560.59,1525099,1258.3,142289747.2,345014.5416,0.998636364
Sugarcane,2003,Whole Year ,JHARKHAND,338.45,966,1258.3,33499.781,81.228,2.85
Wheat,2003,Rabi       ,JHARKHAND,60269.7,80183,1258.3,5965494.906,14464.728,1.360909091
Arhar/Tur,2003,Kharif     ,PUNJAB,9700.0,9000,451.7,960106.0,2328.0,0.947333333
Bajra,2003,Kharif     ,PUNJAB,8000.0,8000,451.7,791840.0,1920.0,1.0
Barley,2003,Rabi       ,PUNJAB,23000.0,77000,451.7,2276540.0,5520.0,3.245555556
Cotton(lint),2003,Kharif     ,PUNJAB,452000.0,1478000,451.7,44738960.0,108480.0,2.736
Gram,2003,Rabi       ,PUNJAB,6000.0,5400,451.7,593880.0,1440.0,0.926923077
Groundnut,2003,Kharif     ,PUNJAB,4400.0,4000,451.7,435512.0,1056.0,0.871428571
Guar seed,2003,Whole Year ,PUNJAB,38500.0,27100,451.7,3810730.0,9240.0,0.674285714
Maize,2003,Kharif     ,PUNJAB,154000.0,459000,451.7,15242920.0,36960.0,3.086923077
Masoor,2003,Rabi       ,PUNJAB,3600.0,2300,451.7,356328.0,864.0,0.71
Moong(Green Gram),2003,Kharif     ,PUNJAB,18900.0,15800,451.7,1870722.0,4536.0,0.815384615
Moth,2003,Kharif     ,PUNJAB,600.0,400,451.7,59388.0,144.0,0.833333333
Rapeseed &Mustard,2003,Rabi       ,PUNJAB,52000.0,62000,451.7,5146960.0,12480.0,1.137647059
Rice,2003,Kharif     ,PUNJAB,2614000.0,9656000,451.7,258733720.0,627360.0,3.678235294
Sesamum,2003,Kharif     ,PUNJAB,10600.0,3600,451.7,1049188.0,2544.0,0.269166667
Sugarcane,2003,Whole Year ,PUNJAB,123000.0,6620000,451.7,12174540.0,29520.0,54.72
Sunflower,2003,Rabi       ,PUNJAB,20000.0,34000,451.7,1979600.0,4800.0,1.78875
Urad,2003,Kharif     ,PUNJAB,5200.0,2200,451.7,514696.0,1248.0,0.641428571
Wheat,2003,Rabi       ,PUNJAB,3444000.0,14489000,451.7,340887120.0,826560.0,4.166470588
Arhar/Tur,2003,Kharif     ,UTTARAKHAND,1962.0,1453,1734.3,194198.76,470.88,0.756363636
Bajra,2003,Kharif     ,UTTARAKHAND,3.0,3,1734.3,296.94,0.72,1.0
Barley,2003,Rabi       ,UTTARAKHAND,24940.0,25126,1734.3,2468561.2,5985.6,1.060769231
Garlic,2003,Whole Year ,UTTARAKHAND,2747.0,17920,1734.3,271898.06,659.28,4.46173913
Gram,2003,Rabi       ,UTTARAKHAND,766.0,601,1734.3,75818.68,183.84,0.738888889
Groundnut,2003,Kharif     ,UTTARAKHAND,1273.0,1267,1734.3,126001.54,305.52,0.955
Horse-gram,2003,Kharif     ,UTTARAKHAND,8171.0,6066,1734.3,808765.58,1961.04,0.749090909
Linseed,2003,Rabi       ,UTTARAKHAND,11.0,4,1734.3,1088.78,2.64,0.36
Maize,2003,Kharif     ,UTTARAKHAND,31209.0,47446,1734.3,3089066.82,7490.16,1.456153846
Maize,2003,Summer     ,UTTARAKHAND,137.0,224,1734.3,13560.26,32.88,1.623333333
Masoor,2003,Rabi       ,UTTARAKHAND,11618.0,7168,1734.3,1149949.64,2788.32,0.61
Moong(Green Gram),2003,Kharif     ,UTTARAKHAND,13.0,5,1734.3,1286.74,3.12,0.443333333
Moong(Green Gram),2003,Summer     ,UTTARAKHAND,39.0,12,1734.3,3860.22,9.36,0.305
Moth,2003,Kharif     ,UTTARAKHAND,2.0,1,1734.3,197.96,0.48,0.5
Onion,2003,Whole Year ,UTTARAKHAND,1719.0,19183,1734.3,170146.62,412.56,11.30846154
Other  Rabi pulses,2003,Rabi       ,UTTARAKHAND,43.0,22,1734.3,4256.14,10.32,0.443333333
Other Cereals,2003,Kharif     ,UTTARAKHAND,77717.0,87277,1734.3,7692428.66,18652.08,1.000909091
Other Cereals,2003,Rabi       ,UTTARAKHAND,660.0,755,1734.3,65326.8,158.4,1.112222222
Other Kharif pulses,2003,Kharif     ,UTTARAKHAND,12064.0,7776,1734.3,1194094.72,2895.36,0.656363636
Peas & beans (Pulses),2003,Rabi       ,UTTARAKHAND,4451.0,3386,1734.3,440559.98,1068.24,0.663333333
Potato,2003,Whole Year ,UTTARAKHAND,16054.0,261765,1734.3,1589024.92,3852.96,15.82153846
Ragi,2003,Kharif     ,UTTARAKHAND,126421.0,165549,1734.3,12513150.58,30341.04,1.4
Rapeseed &Mustard,2003,Rabi       ,UTTARAKHAND,12545.0,10025,1734.3,1241704.1,3010.8,0.694615385
Rice,2003,Kharif     ,UTTARAKHAND,271671.0,520831,1734.3,26889995.58,65201.04,1.640769231
Rice,2003,Summer     ,UTTARAKHAND,5655.0,21126,1734.3,559731.9,1357.2,3.66
Sesamum,2003,Kharif     ,UTTARAKHAND,1857.0,294,1734.3,183805.86,445.68,0.155384615
Soyabean,2003,Kharif     ,UTTARAKHAND,13998.0,15045,1734.3,1385522.04,3359.52,1.330833333
Sugarcane,2003,Whole Year ,UTTARAKHAND,116877.0,7023220,1734.3,11568485.46,28050.48,58.12
Sunflower,2003,Kharif     ,UTTARAKHAND,262.0,301,1734.3,25932.76,62.88,1.024
Tobacco,2003,Whole Year ,UTTARAKHAND,23.0,78,1734.3,2276.54,5.52,3.26
Urad,2003,Kharif     ,UTTARAKHAND,10774.0,3905,1734.3,1066410.52,2585.76,0.37
Urad,2003,Summer     ,UTTARAKHAND,645.0,233,1734.3,63842.1,154.8,0.243333333
Wheat,2003,Rabi       ,UTTARAKHAND,383387.0,729653,1734.3,37947645.26,92012.88,1.525384615
other oilseeds,2003,Kharif     ,UTTARAKHAND,411.0,294,1734.3,40680.78,98.64,0.637
other oilseeds,2003,Rabi       ,UTTARAKHAND,87.0,29,1734.3,8611.26,20.88,0.298333333
Arhar/Tur,2004,Kharif     ,BIHAR,35839.0,44223,1147.8,3882797.26,7526.19,1.226052632
Bajra,2004,Kharif     ,BIHAR,1200.0,1297,1147.8,130008.0,252.0,1.064
Banana,2004,Whole Year ,BIHAR,14784.0,189572,1147.8,1601698.56,3104.64,14.46545455
Barley,2004,Rabi       ,BIHAR,17346.0,18284,1147.8,1879265.64,3642.66,1.092222222
Castor seed,2004,Kharif     ,BIHAR,173.0,163,1147.8,18742.82,36.33,0.962222222
Coriander,2004,Whole Year ,BIHAR,2078.0,1362,1147.8,225130.52,436.38,0.644375
Dry chillies,2004,Whole Year ,BIHAR,3126.0,2245,1147.8,338670.84,656.46,0.71875
Garlic,2004,Whole Year ,BIHAR,2479.0,3735,1147.8,268574.86,520.59,1.527741935
Ginger,2004,Kharif     ,BIHAR,365.0,555,1147.8,39544.1,76.65,1.450833333
Ginger,2004,Whole Year ,BIHAR,394.0,596,1147.8,42685.96,82.74,1.486153846
Gram,2004,Rabi       ,BIHAR,72112.0,60159,1147.8,7812614.08,15143.52,0.81
Groundnut,2004,Kharif     ,BIHAR,539.0,266,1147.8,58395.26,113.19,0.496666667
Horse-gram,2004,Kharif     ,BIHAR,15011.0,12130,1147.8,1626291.74,3152.31,0.7795
Jowar,2004,Kharif     ,BIHAR,3755.0,3807,1147.8,406816.7,788.55,1.030833333
Jute,2004,Kharif     ,BIHAR,134450.0,1056205,1147.8,14566313.0,28234.5,7.890714286
Khesari,2004,Rabi       ,BIHAR,118220.0,79661,1147.8,12807954.8,24826.2,0.571842105
Linseed,2004,Rabi       ,BIHAR,27560.0,23233,1147.8,2985850.4,5787.6,0.848421053
Maize,2004,Kharif     ,BIHAR,270973.0,443819,1147.8,29357214.82,56904.33,1.597837838
Maize,2004,Rabi       ,BIHAR,192685.0,596181,1147.8,20875492.9,40463.85,3.198
Maize,2004,Summer     ,BIHAR,153596.0,489273,1147.8,16640590.64,32255.16,2.952368421
Masoor,2004,Rabi       ,BIHAR,178768.0,127032,1147.8,19367725.12,37541.28,0.631052632
Mesta,2004,Kharif     ,BIHAR,15549.0,124048,1147.8,1684578.66,3265.29,7.949090909
Moong(Green Gram),2004,Kharif     ,BIHAR,7323.0,3617,1147.8,793373.82,1537.83,0.470555556
Moong(Green Gram),2004,Summer     ,BIHAR,175402.0,96750,1147.8,19003052.68,36834.42,0.501428571
Onion,2004,Whole Year ,BIHAR,14115.0,106528,1147.8,1529219.1,2964.15,7.463684211
Other  Rabi pulses,2004,Rabi       ,BIHAR,2492.0,1886,1147.8,269983.28,523.32,0.819090909
Other Kharif pulses,2004,Kharif     ,BIHAR,6116.0,3365,1147.8,662607.44,1284.36,0.509583333
Peas & beans (Pulses),2004,Rabi       ,BIHAR,22824.0,20085,1147.8,2472752.16,4793.04,0.891388889
Potato,2004,Whole Year ,BIHAR,138730.0,1062822,1147.8,15030008.2,29133.3,8.02
Ragi,2004,Kharif     ,BIHAR,15570.0,10512,1147.8,1686853.8,3269.7,0.655357143
Rapeseed &Mustard,2004,Rabi       ,BIHAR,83112.0,66877,1147.8,9004354.08,17453.52,0.866578947
Rice,2004,Autumn     ,BIHAR,534477.0,477325,1147.8,57905238.18,112240.17,0.788148148
Rice,2004,Summer     ,BIHAR,116220.0,166198,1147.8,12591274.8,24406.2,1.437407407
Rice,2004,Winter     ,BIHAR,2489419.0,1828633,1147.8,269703654.5,522777.99,0.647105263
Safflower,2004,Rabi       ,BIHAR,215.0,173,1147.8,23293.1,45.15,0.834285714
Sannhamp,2004,Whole Year ,BIHAR,4388.0,3532,1147.8,475395.92,921.48,0.832962963
Sesamum,2004,Kharif     ,BIHAR,3516.0,2717,1147.8,380923.44,738.36,0.763928571
Small millets,2004,Kharif     ,BIHAR,6310.0,4892,1147.8,683625.4,1325.1,0.788666667
Sugarcane,2004,Whole Year ,BIHAR,104189.0,4111722,1147.8,11287836.26,21879.69,36.05151515
Sunflower,2004,Kharif     ,BIHAR,16555.0,23429,1147.8,1793568.7,3476.55,1.368928571
Sweet potato,2004,Whole Year ,BIHAR,4279.0,64343,1147.8,463586.86,898.59,13.32516129
Tobacco,2004,Whole Year ,BIHAR,16071.0,18659,1147.8,1741132.14,3374.91,1.137647059
Turmeric,2004,Whole Year ,BIHAR,2823.0,2788,1147.8,305843.82,592.83,0.992608696
Urad,2004,Kharif     ,BIHAR,23960.0,17871,1147.8,2595826.4,5031.6,0.742285714
Wheat,2004,Rabi       ,BIHAR,2027643.0,3263385,1147.8,219674842.6,425805.03,1.569473684
Arhar/Tur,2004,Kharif     ,CHHATTISGARH,52499.0,26879,1122.8,5687741.66,11024.79,0.490625
Bajra,2004,Kharif     ,CHHATTISGARH,49.0,17,1122.8,5308.66,10.29,0.422
Bajra,2004,Whole Year ,CHHATTISGARH,244.0,9682,1122.8,26434.96,51.24,37.77538462
Barley,2004,Rabi       ,CHHATTISGARH,3959.0,3539,1122.8,428918.06,831.39,0.815
Castor seed,2004,Kharif     ,CHHATTISGARH,137.0,50,1122.8,14842.58,28.77,0.34625
Coriander,2004,Whole Year ,CHHATTISGARH,4087.0,1011,1122.8,442785.58,858.27,0.2475
Cotton(lint),2004,Kharif     ,CHHATTISGARH,468.0,763,1122.8,50703.12,98.28,1.7775
Dry chillies,2004,Whole Year ,CHHATTISGARH,6511.0,3601,1122.8,705401.74,1367.31,0.53375
Garlic,2004,Whole Year ,CHHATTISGARH,860.0,2309,1122.8,93172.4,180.6,2.91
Ginger,2004,Whole Year ,CHHATTISGARH,1330.0,1318,1122.8,144092.2,279.3,1.12375
Gram,2004,Rabi       ,CHHATTISGARH,233322.0,119694,1122.8,25278105.48,48997.62,0.533125
Groundnut,2004,Kharif     ,CHHATTISGARH,34086.0,38108,1122.8,3692877.24,7158.06,1.20125
Horse-gram,2004,Kharif     ,CHHATTISGARH,55371.0,16431,1122.8,5998894.14,11627.91,0.291875
Jowar,2004,Kharif     ,CHHATTISGARH,8388.0,4902,1122.8,908755.92,1761.48,0.666875
Khesari,2004,Rabi       ,CHHATTISGARH,449423.0,175275,1122.8,48690487.82,94378.83,0.433333333
Linseed,2004,Rabi       ,CHHATTISGARH,71171.0,16298,1122.8,7710666.14,14945.91,0.242
Maize,2004,Kharif     ,CHHATTISGARH,97851.0,139927,1122.8,10601177.34,20548.71,1.343125
Masoor,2004,Rabi       ,CHHATTISGARH,18880.0,4878,1122.8,2045459.2,3964.8,0.281333333
Mesta,2004,Kharif     ,CHHATTISGARH,1360.0,2456,1122.8,147342.4,285.6,1.852666667
Moong(Green Gram),2004,Kharif     ,CHHATTISGARH,9939.0,2554,1122.8,1076791.26,2087.19,0.253125
Moong(Green Gram),2004,Rabi       ,CHHATTISGARH,6428.0,1334,1122.8,696409.52,1349.88,0.201333333
Niger seed,2004,Kharif     ,CHHATTISGARH,73104.0,12121,1122.8,7920087.36,15351.84,0.161538462
Onion,2004,Whole Year ,CHHATTISGARH,4472.0,27002,1122.8,484496.48,939.12,6.1025
Other  Rabi pulses,2004,Rabi       ,CHHATTISGARH,1393.0,331,1122.8,150917.62,292.53,0.9
Other Kharif pulses,2004,Kharif     ,CHHATTISGARH,7220.0,1773,1122.8,782214.8,1516.2,0.278125
Peas & beans (Pulses),2004,Rabi       ,CHHATTISGARH,16359.0,5316,1122.8,1772334.06,3435.39,0.28625
Potato,2004,Whole Year ,CHHATTISGARH,10638.0,59892,1122.8,1152520.92,2233.98,5.89625
Ragi,2004,Kharif     ,CHHATTISGARH,10108.0,2665,1122.8,1095100.72,2122.68,0.238181818
Rapeseed &Mustard,2004,Rabi       ,CHHATTISGARH,54501.0,20601,1122.8,5904638.34,11445.21,0.363125
Rice,2004,Kharif     ,CHHATTISGARH,3843825.0,4586818,1122.8,416440000.5,807203.25,1.160625
Safflower,2004,Rabi       ,CHHATTISGARH,964.0,206,1122.8,104439.76,202.44,0.223333333
Sannhamp,2004,Whole Year ,CHHATTISGARH,1673.0,528,1122.8,181252.82,351.33,0.303125
Sesamum,2004,Kharif     ,CHHATTISGARH,24281.0,7309,1122.8,2630603.54,5099.01,0.308125
Small millets,2004,Kharif     ,CHHATTISGARH,217787.0,52109,1122.8,23595043.58,45735.27,0.278125
Soyabean,2004,Kharif     ,CHHATTISGARH,32336.0,30978,1122.8,3503282.24,6790.56,1.013571429
Sugarcane,2004,Whole Year ,CHHATTISGARH,6770.0,16450,1122.8,733461.8,1421.7,2.764
Sunflower,2004,Kharif     ,CHHATTISGARH,5607.0,1985,1122.8,607462.38,1177.47,0.404666667
Sweet potato,2004,Whole Year ,CHHATTISGARH,2707.0,14673,1122.8,293276.38,568.47,5.37875
Tobacco,2004,Whole Year ,CHHATTISGARH,33.0,17,1122.8,3575.22,6.93,0.68
Turmeric,2004,Whole Year ,CHHATTISGARH,738.0,642,1122.8,79954.92,154.98,1.040625
Urad,2004,Kharif     ,CHHATTISGARH,113848.0,31462,1122.8,12334292.32,23908.08,0.29125
Urad,2004,Rabi       ,CHHATTISGARH,5667.0,1166,1122.8,613962.78,1190.07,0.232307692
Wheat,2004,Rabi       ,CHHATTISGARH,99245.0,85215,1122.8,10752203.3,20841.45,0.963125
Arhar/Tur,2004,Kharif     ,PUNJAB,8900.0,7700,366.4,964226.0,1869.0,0.928666667
Bajra,2004,Kharif     ,PUNJAB,7000.0,7000,366.4,758380.0,1470.0,1.0
Barley,2004,Rabi       ,PUNJAB,22000.0,74000,366.4,2383480.0,4620.0,3.32
Cotton(lint),2004,Kharif     ,PUNJAB,509000.0,2087000,366.4,55145060.0,106890.0,3.638888889
Gram,2004,Rabi       ,PUNJAB,5100.0,4400,366.4,552534.0,1071.0,0.845
Groundnut,2004,Kharif     ,PUNJAB,4300.0,3600,366.4,465862.0,903.0,0.82
Guar seed,2004,Whole Year ,PUNJAB,27100.0,19400,366.4,2936014.0,5691.0,0.8
Maize,2004,Kharif     ,PUNJAB,154000.0,422000,366.4,16684360.0,32340.0,2.883636364
Masoor,2004,Rabi       ,PUNJAB,3300.0,1600,366.4,357522.0,693.0,0.504285714
Moong(Green Gram),2004,Kharif     ,PUNJAB,15000.0,12000,366.4,1625100.0,3150.0,0.811666667
Moth,2004,Kharif     ,PUNJAB,300.0,200,366.4,32502.0,63.0,0.666666667
Rapeseed &Mustard,2004,Rabi       ,PUNJAB,60000.0,62000,366.4,6500400.0,12600.0,1.081176471
Rice,2004,Kharif     ,PUNJAB,2800000.0,10437000,366.4,303352000.0,588000.0,3.788823529
Sesamum,2004,Kharif     ,PUNJAB,10100.0,4100,366.4,1094234.0,2121.0,0.379090909
Sugarcane,2004,Whole Year ,PUNJAB,86000.0,5170000,366.4,9317240.0,18060.0,60.966
Urad,2004,Kharif     ,PUNJAB,3400.0,1800,366.4,368356.0,714.0,0.633333333
Wheat,2004,Rabi       ,PUNJAB,3482000.0,14698000,366.4,377239880.0,731220.0,4.178823529
Arhar/Tur,2004,Kharif     ,UTTARAKHAND,1833.0,1182,1219.6,198587.22,384.93,0.680833333
Barley,2004,Rabi       ,UTTARAKHAND,24180.0,33514,1219.6,2619661.2,5077.8,1.441538462
Garlic,2004,Whole Year ,UTTARAKHAND,1849.0,16770,1219.6,200320.66,388.29,9.342727273
Gram,2004,Rabi       ,UTTARAKHAND,823.0,639,1219.6,89163.82,172.83,0.737272727
Groundnut,2004,Kharif     ,UTTARAKHAND,1624.0,2005,1219.6,175944.16,341.04,1.184
Horse-gram,2004,Kharif     ,UTTARAKHAND,8575.0,6134,1219.6,929015.5,1800.75,0.724545455
Linseed,2004,Rabi       ,UTTARAKHAND,21.0,7,1219.6,2275.14,4.41,0.315
Maize,2004,Kharif     ,UTTARAKHAND,29501.0,44967,1219.6,3196138.34,6195.21,1.438461538
Maize,2004,Summer     ,UTTARAKHAND,74.0,147,1219.6,8017.16,15.54,1.96
Masoor,2004,Rabi       ,UTTARAKHAND,11803.0,7001,1219.6,1278737.02,2478.63,0.604615385
Moong(Green Gram),2004,Kharif     ,UTTARAKHAND,4.0,1,1219.6,433.36,0.84,0.166666667
Moong(Green Gram),2004,Summer     ,UTTARAKHAND,16.0,6,1219.6,1733.44,3.36,0.365
Moth,2004,Kharif     ,UTTARAKHAND,4.0,1,1219.6,433.36,0.84,0.25
Onion,2004,Whole Year ,UTTARAKHAND,2045.0,17694,1219.6,221555.3,429.45,9.187692308
Other  Rabi pulses,2004,Rabi       ,UTTARAKHAND,756.0,364,1219.6,81905.04,158.76,0.6425
Other Cereals,2004,Kharif     ,UTTARAKHAND,75993.0,88540,1219.6,8233081.62,15958.53,1.117272727
Other Cereals,2004,Rabi       ,UTTARAKHAND,512.0,806,1219.6,55470.08,107.52,1.46375
Other Kharif pulses,2004,Kharif     ,UTTARAKHAND,14316.0,9918,1219.6,1550995.44,3006.36,0.620769231
Peas & beans (Pulses),2004,Rabi       ,UTTARAKHAND,3852.0,2987,1219.6,417325.68,808.92,0.683846154
Potato,2004,Whole Year ,UTTARAKHAND,14104.0,180857,1219.6,1528027.36,2961.84,13.04461538
Ragi,2004,Kharif     ,UTTARAKHAND,131003.0,164096,1219.6,14192865.02,27510.63,1.350909091
Rapeseed &Mustard,2004,Rabi       ,UTTARAKHAND,14790.0,9600,1219.6,1602348.6,3105.9,0.59
Rice,2004,Kharif     ,UTTARAKHAND,281464.0,537876,1219.6,30493809.76,59107.44,1.592307692
Rice,2004,Summer     ,UTTARAKHAND,7511.0,22367,1219.6,813741.74,1577.31,2.975
Sesamum,2004,Kharif     ,UTTARAKHAND,2035.0,468,1219.6,220471.9,427.35,0.233846154
Soyabean,2004,Kharif     ,UTTARAKHAND,13347.0,17768,1219.6,1446013.98,2802.87,1.159230769
Sugarcane,2004,Whole Year ,UTTARAKHAND,106267.0,6358655,1219.6,11512966.78,22316.07,58.47166667
Sunflower,2004,Kharif     ,UTTARAKHAND,206.0,246,1219.6,22318.04,43.26,1.05
Tobacco,2004,Whole Year ,UTTARAKHAND,31.0,117,1219.6,3358.54,6.51,3.486
Urad,2004,Kharif     ,UTTARAKHAND,11212.0,4937,1219.6,1214708.08,2354.52,0.435384615
Urad,2004,Summer     ,UTTARAKHAND,25.0,11,1219.6,2708.5,5.25,0.44
Wheat,2004,Rabi       ,UTTARAKHAND,387103.0,799221,1219.6,41938739.02,81291.63,1.776923077
other oilseeds,2004,Kharif     ,UTTARAKHAND,257.0,170,1219.6,27843.38,53.97,0.644444444
other oilseeds,2004,Rabi       ,UTTARAKHAND,121.0,69,1219.6,13109.14,25.41,0.57
Arhar/Tur,2004,Rabi       ,JHARKHAND,20377.08,30381,1149.2,2207652.847,4279.1868,1.50625
Barley,2004,Rabi       ,JHARKHAND,2962.57,1801,1149.2,320964.8338,622.1397,0.61
Gram,2004,Rabi       ,JHARKHAND,17622.22,13790,1149.2,1909191.315,3700.6662,0.859090909
Maize,2004,Autumn     ,JHARKHAND,92036.15,133582,1149.2,9971196.491,19327.5915,1.367727273
Masoor,2004,Rabi       ,JHARKHAND,2691.72,1619,1149.2,291620.9448,565.2612,0.5825
Onion,2004,Rabi       ,JHARKHAND,1360.19,9804,1149.2,147362.9846,285.6399,8.532
Potato,2004,Rabi       ,JHARKHAND,8320.97,63812,1149.2,901493.8898,1747.4037,7.845
Potato,2004,Winter     ,JHARKHAND,10356.41,75518,1149.2,1122013.459,2174.8461,7.2175
Ragi,2004,Autumn     ,JHARKHAND,29029.16,23846,1149.2,3145019.194,6096.1236,0.81125
Rapeseed &Mustard,2004,Rabi       ,JHARKHAND,6412.26,6335,1149.2,694704.2484,1346.5746,0.904761905
Rice,2004,Autumn     ,JHARKHAND,153608.9,105328,1149.2,16641988.23,32257.869,0.714
Rice,2004,Winter     ,JHARKHAND,980642.41,901045,1149.2,106242798.7,205934.9061,0.85
Sugarcane,2004,Whole Year ,JHARKHAND,542.97,13958,1149.2,58825.3698,114.0237,25.71
Wheat,2004,Rabi       ,JHARKHAND,57905.58,72740,1149.2,6273490.537,12160.1718,1.257727273
Arhar/Tur,2005,Kharif     ,BIHAR,34204.0,45211,907.8,4101743.68,7182.84,1.288108108
Bajra,2005,Kharif     ,BIHAR,4338.0,4591,907.8,520212.96,910.98,1.044615385
Banana,2005,Whole Year ,BIHAR,15596.0,239311,907.8,1870272.32,3275.16,17.24727273
Barley,2005,Rabi       ,BIHAR,16001.0,16563,907.8,1918839.92,3360.21,0.989473684
Castor seed,2005,Kharif     ,BIHAR,164.0,154,907.8,19666.88,34.44,0.965
Coriander,2005,Whole Year ,BIHAR,2227.0,1749,907.8,267061.84,467.67,0.8034375
Dry chillies,2005,Whole Year ,BIHAR,3107.0,3029,907.8,372591.44,652.47,0.936774194
Garlic,2005,Whole Year ,BIHAR,2711.0,4003,907.8,325103.12,569.31,1.476774194
Ginger,2005,Whole Year ,BIHAR,824.0,1243,907.8,98814.08,173.04,1.53
Gram,2005,Rabi       ,BIHAR,62693.0,58905,907.8,7518144.56,13165.53,0.958333333
Groundnut,2005,Kharif     ,BIHAR,911.0,450,907.8,109247.12,191.31,0.495
Horse-gram,2005,Kharif     ,BIHAR,11744.0,10101,907.8,1408340.48,2466.24,0.8425
Jowar,2005,Kharif     ,BIHAR,4112.0,4236,907.8,493111.04,863.52,1.033
Jute,2005,Kharif     ,BIHAR,131049.0,1329252,907.8,15715396.08,27520.29,11.93454545
Khesari,2005,Rabi       ,BIHAR,99047.0,78799,907.8,11877716.24,20799.87,0.734473684
Linseed,2005,Rabi       ,BIHAR,27135.0,23227,907.8,3254029.2,5698.35,0.851315789
Maize,2005,Kharif     ,BIHAR,276983.0,456105,907.8,33215801.36,58166.43,1.619210526
Maize,2005,Rabi       ,BIHAR,212073.0,637203,907.8,25431794.16,44535.33,2.773611111
Maize,2005,Summer     ,BIHAR,175218.0,426534,907.8,21012142.56,36795.78,2.363611111
Masoor,2005,Rabi       ,BIHAR,159358.0,117763,907.8,19110211.36,33465.18,0.673421053
Mesta,2005,Kharif     ,BIHAR,14532.0,143039,907.8,1742677.44,3051.72,8.899565217
Moong(Green Gram),2005,Kharif     ,BIHAR,8247.0,4898,907.8,988980.24,1731.87,0.563714286
Moong(Green Gram),2005,Summer     ,BIHAR,163458.0,93615,907.8,19601883.36,34326.18,0.591388889
Onion,2005,Whole Year ,BIHAR,18401.0,160656,907.8,2206647.92,3864.21,8.135263158
Other  Rabi pulses,2005,Rabi       ,BIHAR,2978.0,2257,907.8,357121.76,625.38,0.847619048
Other Kharif pulses,2005,Kharif     ,BIHAR,1380.0,756,907.8,165489.6,289.8,0.505
Peas & beans (Pulses),2005,Rabi       ,BIHAR,24579.0,22618,907.8,2947513.68,5161.59,0.925526316
Potato,2005,Whole Year ,BIHAR,140539.0,1225728,907.8,16853436.88,29513.19,8.786842105
Ragi,2005,Kharif     ,BIHAR,14237.0,12825,907.8,1707301.04,2989.77,0.804137931
Rapeseed &Mustard,2005,Rabi       ,BIHAR,83622.0,77365,907.8,10027950.24,17560.62,0.894473684
Rice,2005,Autumn     ,BIHAR,533233.0,503448,907.8,63945301.36,111978.93,0.962666667
Rice,2005,Summer     ,BIHAR,113251.0,182827,907.8,13581059.92,23782.71,1.304583333
Rice,2005,Winter     ,BIHAR,2604752.0,3023010,907.8,312361859.8,546997.92,1.035263158
Safflower,2005,Rabi       ,BIHAR,173.0,138,907.8,20746.16,36.33,0.8375
Sannhamp,2005,Whole Year ,BIHAR,3191.0,2587,907.8,382664.72,670.11,0.773225806
Sesamum,2005,Kharif     ,BIHAR,3188.0,2554,907.8,382304.96,669.48,0.83037037
Small millets,2005,Kharif     ,BIHAR,6900.0,5159,907.8,827448.0,1449.0,0.767692308
Sugarcane,2005,Whole Year ,BIHAR,101243.0,4240463,907.8,12141060.56,21261.03,36.43151515
Sunflower,2005,Kharif     ,BIHAR,22713.0,30541,907.8,2723742.96,4769.73,1.321481481
Sweet potato,2005,Whole Year ,BIHAR,4397.0,68398,907.8,527288.24,923.37,15.47413793
Tobacco,2005,Whole Year ,BIHAR,14901.0,17242,907.8,1786927.92,3129.21,1.151428571
Turmeric,2005,Whole Year ,BIHAR,3515.0,3417,907.8,421518.8,738.15,0.975
Urad,2005,Kharif     ,BIHAR,25197.0,19443,907.8,3021624.24,5291.37,0.792571429
Wheat,2005,Rabi       ,BIHAR,2001771.0,2821120,907.8,240052378.3,420371.91,1.349736842
Arhar/Tur,2005,Kharif     ,CHHATTISGARH,50719.0,22470,1292.7,6082222.48,10650.99,0.42875
Bajra,2005,Kharif     ,CHHATTISGARH,81.0,31,1292.7,9713.52,17.01,0.58
Bajra,2005,Whole Year ,CHHATTISGARH,493.0,19037,1292.7,59120.56,103.53,37.39071429
Barley,2005,Rabi       ,CHHATTISGARH,3604.0,2981,1292.7,432191.68,756.84,0.877142857
Castor seed,2005,Kharif     ,CHHATTISGARH,95.0,30,1292.7,11392.4,19.95,0.256666667
Coriander,2005,Whole Year ,CHHATTISGARH,4008.0,1110,1292.7,480639.36,841.68,0.258
Cotton(lint),2005,Kharif     ,CHHATTISGARH,248.0,392,1292.7,29740.16,52.08,1.2775
Dry chillies,2005,Whole Year ,CHHATTISGARH,6389.0,1666,1292.7,766168.88,1341.69,0.255625
Garlic,2005,Whole Year ,CHHATTISGARH,899.0,2518,1292.7,107808.08,188.79,2.986428571
Ginger,2005,Whole Year ,CHHATTISGARH,1727.0,1582,1292.7,207101.84,362.67,1.026875
Gram,2005,Rabi       ,CHHATTISGARH,242687.0,172249,1292.7,29103025.04,50964.27,0.67375
Groundnut,2005,Kharif     ,CHHATTISGARH,32816.0,35525,1292.7,3935294.72,6891.36,1.158666667
Horse-gram,2005,Kharif     ,CHHATTISGARH,51006.0,16802,1292.7,6116639.52,10711.26,0.479375
Horse-gram,2005,Rabi       ,CHHATTISGARH,2860.0,790,1292.7,342971.2,600.6,0.279166667
Jowar,2005,Kharif     ,CHHATTISGARH,8455.0,5827,1292.7,1013923.6,1775.55,0.793333333
Khesari,2005,Rabi       ,CHHATTISGARH,458064.0,208265,1292.7,54931034.88,96193.44,0.456666667
Linseed,2005,Rabi       ,CHHATTISGARH,70816.0,17495,1292.7,8492254.72,14871.36,0.244666667
Maize,2005,Kharif     ,CHHATTISGARH,101587.0,109598,1292.7,12182313.04,21333.27,1.088125
Masoor,2005,Rabi       ,CHHATTISGARH,18857.0,6820,1292.7,2261331.44,3959.97,0.306
Mesta,2005,Kharif     ,CHHATTISGARH,1214.0,2385,1292.7,145582.88,254.94,2.074
Moong(Green Gram),2005,Kharif     ,CHHATTISGARH,10068.0,2745,1292.7,1207354.56,2114.28,0.25
Moong(Green Gram),2005,Rabi       ,CHHATTISGARH,6999.0,1576,1292.7,839320.08,1469.79,0.235384615
Niger seed,2005,Kharif     ,CHHATTISGARH,72798.0,12263,1292.7,8729936.16,15287.58,0.163571429
Onion,2005,Whole Year ,CHHATTISGARH,4534.0,25491,1292.7,543717.28,952.14,5.413333333
Other  Rabi pulses,2005,Rabi       ,CHHATTISGARH,2617.0,436,1292.7,313830.64,549.57,0.305
Other Kharif pulses,2005,Kharif     ,CHHATTISGARH,6927.0,1762,1292.7,830685.84,1454.67,0.2675
Peas & beans (Pulses),2005,Rabi       ,CHHATTISGARH,17158.0,6034,1292.7,2057587.36,3603.18,0.329333333
Potato,2005,Whole Year ,CHHATTISGARH,10614.0,48548,1292.7,1272830.88,2228.94,4.965
Rapeseed &Mustard,2005,Rabi       ,CHHATTISGARH,57193.0,18185,1292.7,6858584.56,12010.53,0.305625
Rice,2005,Kharif     ,CHHATTISGARH,3854352.0,5267537,1292.7,462213891.8,809413.92,1.30375
Safflower,2005,Rabi       ,CHHATTISGARH,960.0,232,1292.7,115123.2,201.6,0.189090909
Sannhamp,2005,Whole Year ,CHHATTISGARH,1652.0,530,1292.7,198107.84,346.92,0.326666667
Sesamum,2005,Kharif     ,CHHATTISGARH,24646.0,7293,1292.7,2955548.32,5175.66,0.29375
Small millets,2005,Kharif     ,CHHATTISGARH,253376.0,42413,1292.7,30384849.92,53208.96,0.186875
Soyabean,2005,Kharif     ,CHHATTISGARH,46785.0,41879,1292.7,5610457.2,9824.85,0.978666667
Sugarcane,2005,Whole Year ,CHHATTISGARH,7422.0,18562,1292.7,890046.24,1558.62,2.86125
Sunflower,2005,Kharif     ,CHHATTISGARH,7795.0,2857,1292.7,934776.4,1636.95,0.390666667
Sweet potato,2005,Whole Year ,CHHATTISGARH,2700.0,15487,1292.7,323784.0,567.0,5.54375
Tobacco,2005,Whole Year ,CHHATTISGARH,29.0,15,1292.7,3477.68,6.09,0.525
Turmeric,2005,Whole Year ,CHHATTISGARH,772.0,683,1292.7,92578.24,162.12,1.034285714
Urad,2005,Kharif     ,CHHATTISGARH,111872.0,32496,1292.7,13415690.24,23493.12,0.29875
Urad,2005,Rabi       ,CHHATTISGARH,5677.0,1379,1292.7,680785.84,1192.17,0.22
Wheat,2005,Rabi       ,CHHATTISGARH,97074.0,85191,1292.7,11641114.08,20385.54,1.0125
Arhar/Tur,2005,Kharif     ,HIMACHAL PRADESH,43.0,20,1248.1,5156.56,9.03,0.3675
Bajra,2005,Kharif     ,HIMACHAL PRADESH,304.0,144,1248.1,36455.68,63.84,0.4875
Barley,2005,Rabi       ,HIMACHAL PRADESH,25235.0,29361,1248.1,3026181.2,5299.35,1.133636364
Coriander,2005,Rabi       ,HIMACHAL PRADESH,143.0,17,1248.1,17148.56,30.03,0.142
Cotton(lint),2005,Kharif     ,HIMACHAL PRADESH,53.0,24,1248.1,6355.76,11.13,0.475
Dry chillies,2005,Kharif     ,HIMACHAL PRADESH,600.0,130,1248.1,71952.0,126.0,0.292222222
Garlic,2005,Rabi       ,HIMACHAL PRADESH,2986.0,1965,1248.1,358081.12,627.06,0.764
Ginger,2005,Kharif     ,HIMACHAL PRADESH,2179.0,16213,1248.1,261305.68,457.59,7.377777778
Gram,2005,Rabi       ,HIMACHAL PRADESH,1338.0,715,1248.1,160452.96,280.98,0.425555556
Groundnut,2005,Kharif     ,HIMACHAL PRADESH,63.0,34,1248.1,7554.96,13.23,0.6475
Horse-gram,2005,Kharif     ,HIMACHAL PRADESH,2370.0,871,1248.1,284210.4,497.7,0.381
Linseed,2005,Rabi       ,HIMACHAL PRADESH,1008.0,111,1248.1,120879.36,211.68,0.0725
Maize,2005,Kharif     ,HIMACHAL PRADESH,295351.0,543061,1248.1,35418491.92,62023.71,1.913333333
Masoor,2005,Rabi       ,HIMACHAL PRADESH,738.0,141,1248.1,88500.96,154.98,0.258888889
Moong(Green Gram),2005,Kharif     ,HIMACHAL PRADESH,381.0,159,1248.1,45689.52,80.01,0.401111111
Moth,2005,Kharif     ,HIMACHAL PRADESH,6.0,1,1248.1,719.52,1.26,0.1
Onion,2005,Rabi       ,HIMACHAL PRADESH,829.0,4045,1248.1,99413.68,174.09,4.994
Other Kharif pulses,2005,Kharif     ,HIMACHAL PRADESH,6357.0,3074,1248.1,762331.44,1334.97,0.793333333
Peas & beans (Pulses),2005,Rabi       ,HIMACHAL PRADESH,5050.0,10475,1248.1,605596.0,1060.5,1.34875
Potato,2005,Whole Year ,HIMACHAL PRADESH,14012.0,95900,1248.1,1680319.04,2942.52,6.635833333
Ragi,2005,Kharif     ,HIMACHAL PRADESH,3323.0,3409,1248.1,398494.16,697.83,0.76375
Rapeseed &Mustard,2005,Rabi       ,HIMACHAL PRADESH,9630.0,2800,1248.1,1154829.6,2022.3,0.338181818
Rice,2005,Kharif     ,HIMACHAL PRADESH,79366.0,112139,1248.1,9517570.72,16666.86,1.396363636
Sannhamp,2005,Kharif     ,HIMACHAL PRADESH,37.0,18,1248.1,4437.04,7.77,0.6125
Sesamum,2005,Kharif     ,HIMACHAL PRADESH,3808.0,1523,1248.1,456655.36,799.68,0.294
Small millets,2005,Kharif     ,HIMACHAL PRADESH,8501.0,5671,1248.1,1019439.92,1785.21,0.552857143
Soyabean,2005,Kharif     ,HIMACHAL PRADESH,580.0,820,1248.1,69553.6,121.8,1.45
Sugarcane,2005,Whole Year ,HIMACHAL PRADESH,2589.0,25094,1248.1,310472.88,543.69,6.542857143
Turmeric,2005,Kharif     ,HIMACHAL PRADESH,147.0,89,1248.1,17628.24,30.87,0.587142857
Urad,2005,Kharif     ,HIMACHAL PRADESH,11267.0,4192,1248.1,1351138.64,2366.07,0.428181818
Wheat,2005,Rabi       ,HIMACHAL PRADESH,358453.0,365885,1248.1,42985683.76,75275.13,1.075833333
Arhar/Tur,2005,Kharif     ,PUNJAB,7800.0,6900,566.7,935376.0,1638.0,0.946153846
Bajra,2005,Kharif     ,PUNJAB,5000.0,5000,566.7,599600.0,1050.0,1.0
Barley,2005,Rabi       ,PUNJAB,19000.0,63000,566.7,2278480.0,3990.0,3.23125
Cotton(lint),2005,Kharif     ,PUNJAB,557000.0,2395000,566.7,66795440.0,116970.0,3.967
Gram,2005,Rabi       ,PUNJAB,3900.0,3400,566.7,467688.0,819.0,0.788181818
Groundnut,2005,Kharif     ,PUNJAB,3400.0,3000,566.7,407728.0,714.0,0.978571429
Guar seed,2005,Whole Year ,PUNJAB,23900.0,17800,566.7,2866088.0,5019.0,0.786666667
Maize,2005,Kharif     ,PUNJAB,148000.0,403000,566.7,17748160.0,31080.0,2.827
Masoor,2005,Rabi       ,PUNJAB,1900.0,900,566.7,227848.0,399.0,0.55
Moong(Green Gram),2005,Kharif     ,PUNJAB,12300.0,9900,566.7,1475016.0,2583.0,0.839166667
Moth,2005,Kharif     ,PUNJAB,300.0,300,566.7,35976.0,63.0,1.0
Peas & beans (Pulses),2005,Rabi       ,PUNJAB,3500.0,4000,566.7,419720.0,735.0,0.987
Rapeseed &Mustard,2005,Rabi       ,PUNJAB,49000.0,54000,566.7,5876080.0,10290.0,1.184705882
Rice,2005,Kharif     ,PUNJAB,2642000.0,10193000,566.7,316828640.0,554820.0,3.820588235
Sesamum,2005,Kharif     ,PUNJAB,11300.0,4000,566.7,1355096.0,2373.0,0.468333333
Sugarcane,2005,Whole Year ,PUNJAB,85000.0,5241000,566.7,10193200.0,17850.0,64.525
Urad,2005,Kharif     ,PUNJAB,2800.0,1500,566.7,335776.0,588.0,0.666666667
Wheat,2005,Rabi       ,PUNJAB,3468000.0,14493000,566.7,415882560.0,728280.0,4.145294118
Arhar/Tur,2005,Kharif     ,UTTARAKHAND,1612.0,880,1353.3,193311.04,338.52,0.59
Barley,2005,Rabi       ,UTTARAKHAND,23420.0,16754,1353.3,2808526.4,4918.2,0.845384615
Garlic,2005,Whole Year ,UTTARAKHAND,2222.0,20330,1353.3,266462.24,466.62,9.173636364
Gram,2005,Rabi       ,UTTARAKHAND,904.0,631,1353.3,108407.68,189.84,0.628
Groundnut,2005,Kharif     ,UTTARAKHAND,1692.0,1645,1353.3,202904.64,355.32,0.973333333
Horse-gram,2005,Kharif     ,UTTARAKHAND,8571.0,5116,1353.3,1027834.32,1799.91,0.637272727
Jowar,2005,Kharif     ,UTTARAKHAND,3.0,2,1353.3,359.76,0.63,0.67
Linseed,2005,Rabi       ,UTTARAKHAND,14.0,5,1353.3,1678.88,2.94,0.36
Maize,2005,Kharif     ,UTTARAKHAND,31372.0,39735,1353.3,3762130.24,6588.12,1.142307692
Maize,2005,Summer     ,UTTARAKHAND,89.0,182,1353.3,10672.88,18.69,1.9875
Masoor,2005,Rabi       ,UTTARAKHAND,12972.0,6422,1353.3,1555602.24,2724.12,0.475384615
Moong(Green Gram),2005,Kharif     ,UTTARAKHAND,1.0,0,1353.3,119.92,0.21,0.0
Moong(Green Gram),2005,Summer     ,UTTARAKHAND,15.0,7,1353.3,1798.8,3.15,0.47
Moth,2005,Kharif     ,UTTARAKHAND,9.0,3,1353.3,1079.28,1.89,0.33
Onion,2005,Whole Year ,UTTARAKHAND,1996.0,26694,1353.3,239360.32,419.16,12.83076923
Other  Rabi pulses,2005,Rabi       ,UTTARAKHAND,30.0,17,1353.3,3597.6,6.3,0.5575
Other Cereals,2005,Kharif     ,UTTARAKHAND,75076.0,80387,1353.3,9003113.92,15765.96,1.015454545
Other Cereals,2005,Rabi       ,UTTARAKHAND,661.0,675,1353.3,79267.12,138.81,1.185714286
Other Kharif pulses,2005,Kharif     ,UTTARAKHAND,12440.0,7235,1353.3,1491804.8,2612.4,0.583333333
Peas & beans (Pulses),2005,Rabi       ,UTTARAKHAND,3837.0,2628,1353.3,460133.04,805.77,0.650769231
Potato,2005,Whole Year ,UTTARAKHAND,15736.0,243492,1353.3,1887061.12,3304.56,15.04615385
Ragi,2005,Kharif     ,UTTARAKHAND,124379.0,156720,1353.3,14915529.68,26119.59,1.38
Rapeseed &Mustard,2005,Rabi       ,UTTARAKHAND,15639.0,10070,1353.3,1875428.88,3284.19,0.562307692
Rice,2005,Kharif     ,UTTARAKHAND,275459.0,526520,1353.3,33033043.28,57846.39,1.62
Rice,2005,Summer     ,UTTARAKHAND,8971.0,42646,1353.3,1075802.32,1883.91,3.89
Sesamum,2005,Kharif     ,UTTARAKHAND,2164.0,547,1353.3,259506.88,454.44,0.248461538
Soyabean,2005,Kharif     ,UTTARAKHAND,12885.0,15860,1353.3,1545169.2,2705.85,0.858181818
Sugarcane,2005,Whole Year ,UTTARAKHAND,107748.0,6635715,1353.3,12921140.16,22627.08,61.53333333
Sunflower,2005,Kharif     ,UTTARAKHAND,119.0,142,1353.3,14270.48,24.99,1.05
Tobacco,2005,Whole Year ,UTTARAKHAND,26.0,97,1353.3,3117.92,5.46,3.833333333
Urad,2005,Kharif     ,UTTARAKHAND,10688.0,5771,1353.3,1281704.96,2244.48,0.550769231
Urad,2005,Summer     ,UTTARAKHAND,399.0,101,1353.3,47848.08,83.79,0.25
Wheat,2005,Rabi       ,UTTARAKHAND,379237.0,642216,1353.3,45478101.04,79639.77,1.353076923
other oilseeds,2005,Kharif     ,UTTARAKHAND,1306.0,609,1353.3,156615.52,274.26,0.45
other oilseeds,2005,Rabi       ,UTTARAKHAND,184.0,156,1353.3,22065.28,38.64,0.635
Arhar/Tur,2005,Rabi       ,JHARKHAND,14217.46,17991,965.2,1704957.803,2985.6666,1.269285714
Gram,2005,Rabi       ,JHARKHAND,14375.26,9596,965.2,1723881.179,3018.8046,0.753809524
Maize,2005,Autumn     ,JHARKHAND,74754.36,77410,965.2,8964542.851,15698.4156,1.040909091
Masoor,2005,Rabi       ,JHARKHAND,2834.21,1353,965.2,339878.4632,595.1841,0.4725
Onion,2005,Rabi       ,JHARKHAND,1724.12,18805,965.2,206756.4704,362.0652,11.6
Potato,2005,Rabi       ,JHARKHAND,13345.34,108900,965.2,1600373.173,2802.5214,7.759333333
Potato,2005,Winter     ,JHARKHAND,16504.2,113257,965.2,1979183.664,3465.882,7.148333333
Ragi,2005,Autumn     ,JHARKHAND,27846.26,23278,965.2,3339323.499,5847.7146,0.82125
Rapeseed &Mustard,2005,Rabi       ,JHARKHAND,5989.03,4058,965.2,718204.4776,1257.6963,0.665555556
Rice,2005,Autumn     ,JHARKHAND,149362.86,77860,965.2,17911594.17,31366.2006,0.557857143
Rice,2005,Winter     ,JHARKHAND,954735.25,536165,965.2,114491851.2,200494.4025,0.531363636
Sugarcane,2005,Whole Year ,JHARKHAND,130.68,538,965.2,15671.1456,27.4428,4.12
Wheat,2005,Rabi       ,JHARKHAND,50326.23,51263,965.2,6035121.502,10568.5083,1.023636364
Arhar/Tur,2006,Kharif     ,BIHAR,35631.0,44278,1052.8,4550435.01,7838.82,1.1325
Bajra,2006,Kharif     ,BIHAR,4106.0,4417,1052.8,524377.26,903.32,1.049
Barley,2006,Rabi       ,BIHAR,18663.0,19921,1052.8,2383451.73,4105.86,1.116666667
Gram,2006,Rabi       ,BIHAR,64279.0,54181,1052.8,8209071.09,14141.38,0.845666667
Jowar,2006,Kharif     ,BIHAR,3397.0,3507,1052.8,433830.87,747.34,1.04
Jute,2006,Kharif     ,BIHAR,132914.0,1356624,1052.8,16974446.94,29241.08,10.92642857
Khesari,2006,Rabi       ,BIHAR,101692.0,80253,1052.8,12987085.32,22372.24,0.788648649
Linseed,2006,Rabi       ,BIHAR,28591.0,24276,1052.8,3651356.61,6290.02,0.844054054
Maize,2006,Kharif     ,BIHAR,259494.0,397591,1052.8,33139978.74,57088.68,1.558918919
Maize,2006,Rabi       ,BIHAR,206084.0,744274,1052.8,26318987.64,45338.48,3.231944444
Maize,2006,Summer     ,BIHAR,175637.0,614084,1052.8,22430601.27,38640.14,3.389444444
Masoor,2006,Rabi       ,BIHAR,167871.0,121853,1052.8,21438805.41,36931.62,0.68972973
Mesta,2006,Kharif     ,BIHAR,18178.0,155075,1052.8,2321512.38,3999.16,7.761428571
Moong(Green Gram),2006,Kharif     ,BIHAR,6987.0,4067,1052.8,892309.77,1537.14,0.604516129
Moong(Green Gram),2006,Summer     ,BIHAR,168647.0,88675,1052.8,21537908.37,37102.34,0.548285714
Peas & beans (Pulses),2006,Rabi       ,BIHAR,23662.0,22002,1052.8,3021874.02,5205.64,0.93
Ragi,2006,Kharif     ,BIHAR,14328.0,12452,1052.8,1829828.88,3152.16,0.806333333
Rapeseed &Mustard,2006,Rabi       ,BIHAR,86941.0,89405,1052.8,11103235.11,19127.02,0.982432432
Rice,2006,Autumn     ,BIHAR,517983.0,530242,1052.8,66151608.93,113956.26,0.962413793
Rice,2006,Summer     ,BIHAR,109436.0,163989,1052.8,13976071.56,24075.92,1.45173913
Rice,2006,Winter     ,BIHAR,2736591.0,4333716,1052.8,349490036.6,602050.02,1.482702703
Sannhamp,2006,Kharif     ,BIHAR,3207.0,2637,1052.8,409565.97,705.54,0.770740741
Sesamum,2006,Kharif     ,BIHAR,3522.0,2732,1052.8,449794.62,774.84,0.774
Sunflower,2006,Rabi       ,BIHAR,22828.0,30506,1052.8,2915363.88,5022.16,1.361538462
Urad,2006,Kharif     ,BIHAR,25479.0,19796,1052.8,3253923.09,5605.38,0.769411765
Wheat,2006,Rabi       ,BIHAR,2076727.0,4155541,1052.8,265218805.2,456879.94,1.924324324
Arhar/Tur,2006,Kharif     ,CHHATTISGARH,53835.0,22890,1317.2,6875267.85,11843.7,0.359444444
Bajra,2006,Kharif     ,CHHATTISGARH,71.0,34,1317.2,9067.41,15.62,0.66
Bajra,2006,Whole Year ,CHHATTISGARH,307.0,12394,1317.2,39206.97,67.54,33.11285714
Barley,2006,Rabi       ,CHHATTISGARH,3485.0,2842,1317.2,445069.35,766.7,0.788571429
Castor seed,2006,Kharif     ,CHHATTISGARH,69.0,21,1317.2,8811.99,15.18,0.278571429
Coriander,2006,Whole Year ,CHHATTISGARH,3629.0,1014,1317.2,463459.59,798.38,0.250555556
Cotton(lint),2006,Kharif     ,CHHATTISGARH,97.0,164,1317.2,12387.87,21.34,1.506666667
Dry chillies,2006,Whole Year ,CHHATTISGARH,6246.0,2135,1317.2,797676.66,1374.12,0.319444444
Garlic,2006,Whole Year ,CHHATTISGARH,896.0,2626,1317.2,114428.16,197.12,3.061666667
Ginger,2006,Whole Year ,CHHATTISGARH,1888.0,2089,1317.2,241116.48,415.36,1.158125
Gram,2006,Rabi       ,CHHATTISGARH,231366.0,193493,1317.2,29547751.86,50900.52,0.756666667
Groundnut,2006,Kharif     ,CHHATTISGARH,33083.0,37698,1317.2,4225029.93,7278.26,1.545882353
Horse-gram,2006,Kharif     ,CHHATTISGARH,50346.0,15934,1317.2,6429687.66,11076.12,0.281666667
Horse-gram,2006,Rabi       ,CHHATTISGARH,2492.0,696,1317.2,318253.32,548.24,0.445384615
Jowar,2006,Kharif     ,CHHATTISGARH,5292.0,5206,1317.2,675841.32,1164.24,0.868235294
Jute,2006,Rabi       ,CHHATTISGARH,344.0,0,1317.2,43932.24,75.68,0.0
Khesari,2006,Rabi       ,CHHATTISGARH,425361.0,225224,1317.2,54322853.31,93579.42,0.537333333
Linseed,2006,Rabi       ,CHHATTISGARH,64627.0,16192,1317.2,8253514.17,14217.94,0.239375
Maize,2006,Kharif     ,CHHATTISGARH,100145.0,123489,1317.2,12789517.95,22031.9,1.048888889
Masoor,2006,Rabi       ,CHHATTISGARH,16871.0,5490,1317.2,2154595.41,3711.62,0.308666667
Mesta,2006,Kharif     ,CHHATTISGARH,1256.0,2424,1317.2,160403.76,276.32,1.834615385
Moong(Green Gram),2006,Kharif     ,CHHATTISGARH,9516.0,2699,1317.2,1215288.36,2093.52,0.241111111
Moong(Green Gram),2006,Rabi       ,CHHATTISGARH,6971.0,1635,1317.2,890266.41,1533.62,0.243571429
Niger seed,2006,Kharif     ,CHHATTISGARH,72788.0,12791,1317.2,9295755.48,16013.36,0.153125
Onion,2006,Whole Year ,CHHATTISGARH,4484.0,23106,1317.2,572651.64,986.48,6.496470588
Other  Rabi pulses,2006,Rabi       ,CHHATTISGARH,2728.0,412,1317.2,348392.88,600.16,0.279375
Other Kharif pulses,2006,Kharif     ,CHHATTISGARH,6487.0,1856,1317.2,828454.77,1427.14,0.267222222
Peas & beans (Pulses),2006,Rabi       ,CHHATTISGARH,16217.0,5789,1317.2,2071073.07,3567.74,0.324117647
Potato,2006,Kharif     ,CHHATTISGARH,1781.0,7189,1317.2,227451.51,391.82,6.25
Potato,2006,Rabi       ,CHHATTISGARH,9513.0,37815,1317.2,1214905.23,2092.86,4.25125
Ragi,2006,Kharif     ,CHHATTISGARH,9296.0,2576,1317.2,1187192.16,2045.12,0.233846154
Rapeseed &Mustard,2006,Rabi       ,CHHATTISGARH,54471.0,21764,1317.2,6956491.41,11983.62,0.341666667
Rice,2006,Kharif     ,CHHATTISGARH,3905319.0,5441525,1317.2,498748289.5,859170.18,1.247222222
Safflower,2006,Rabi       ,CHHATTISGARH,989.0,222,1317.2,126305.19,217.58,0.228888889
Sannhamp,2006,Whole Year ,CHHATTISGARH,1571.0,518,1317.2,200632.41,345.62,0.321764706
Sesamum,2006,Kharif     ,CHHATTISGARH,21335.0,6434,1317.2,2724692.85,4693.7,0.274444444
Small millets,2006,Kharif     ,CHHATTISGARH,200820.0,40745,1317.2,25646722.2,44180.4,1.076111111
Soyabean,2006,Kharif     ,CHHATTISGARH,64474.0,64166,1317.2,8233974.54,14184.28,1.00625
Sugarcane,2006,Whole Year ,CHHATTISGARH,7991.0,20316,1317.2,1020530.61,1758.02,2.463125
Sunflower,2006,Kharif     ,CHHATTISGARH,6493.0,2724,1317.2,829221.03,1428.46,5.02
Sweet potato,2006,Whole Year ,CHHATTISGARH,2683.0,15607,1317.2,342645.93,590.26,5.116666667
Tobacco,2006,Whole Year ,CHHATTISGARH,16.0,16,1317.2,2043.36,3.52,1.0
Turmeric,2006,Whole Year ,CHHATTISGARH,879.0,743,1317.2,112257.09,193.38,0.792222222
Urad,2006,Kharif     ,CHHATTISGARH,109009.0,33137,1317.2,13921539.39,23981.98,0.284444444
Urad,2006,Rabi       ,CHHATTISGARH,5444.0,1374,1317.2,695253.24,1197.68,0.327692308
Wheat,2006,Rabi       ,CHHATTISGARH,93213.0,93952,1317.2,11904232.23,20506.86,1.06
Arhar/Tur,2006,Kharif     ,HIMACHAL PRADESH,150.0,51,1207.0,19156.5,33.0,0.345
Bajra,2006,Kharif     ,HIMACHAL PRADESH,360.0,181,1207.0,45975.6,79.2,0.484
Barley,2006,Rabi       ,HIMACHAL PRADESH,24098.0,33865,1207.0,3077555.58,5301.56,1.398181818
Coriander,2006,Rabi       ,HIMACHAL PRADESH,144.0,30,1207.0,18390.24,31.68,0.27
Cotton(lint),2006,Kharif     ,HIMACHAL PRADESH,55.0,23,1207.0,7024.05,12.1,0.5325
Dry chillies,2006,Kharif     ,HIMACHAL PRADESH,623.0,158,1207.0,79563.33,137.06,0.293
Garlic,2006,Rabi       ,HIMACHAL PRADESH,2932.0,2490,1207.0,374445.72,645.04,1.043
Ginger,2006,Kharif     ,HIMACHAL PRADESH,2396.0,4194,1207.0,305993.16,527.12,1.842222222
Gram,2006,Rabi       ,HIMACHAL PRADESH,1328.0,1018,1207.0,169598.88,292.16,0.761111111
Groundnut,2006,Kharif     ,HIMACHAL PRADESH,105.0,80,1207.0,13409.55,23.1,0.905
Horse-gram,2006,Kharif     ,HIMACHAL PRADESH,2551.0,1337,1207.0,325788.21,561.22,0.484
Linseed,2006,Rabi       ,HIMACHAL PRADESH,1472.0,359,1207.0,187989.12,323.84,0.223333333
Maize,2006,Kharif     ,HIMACHAL PRADESH,299037.0,695376,1207.0,38190015.27,65788.14,2.363333333
Masoor,2006,Rabi       ,HIMACHAL PRADESH,727.0,397,1207.0,92845.17,159.94,0.696363636
Moong(Green Gram),2006,Kharif     ,HIMACHAL PRADESH,452.0,202,1207.0,57724.92,99.44,0.415555556
Moth,2006,Kharif     ,HIMACHAL PRADESH,12.0,3,1207.0,1532.52,2.64,0.155
Onion,2006,Rabi       ,HIMACHAL PRADESH,893.0,7617,1207.0,114045.03,196.46,8.546
Other  Rabi pulses,2006,Rabi       ,HIMACHAL PRADESH,727.0,397,1207.0,92845.17,159.94,0.696363636
Other Kharif pulses,2006,Kharif     ,HIMACHAL PRADESH,6217.0,3721,1207.0,793973.07,1367.74,0.901
Peas & beans (Pulses),2006,Rabi       ,HIMACHAL PRADESH,8170.0,16856,1207.0,1043390.7,1797.4,1.513
Potato,2006,Whole Year ,HIMACHAL PRADESH,12687.0,126701,1207.0,1620256.77,2791.14,10.05416667
Ragi,2006,Kharif     ,HIMACHAL PRADESH,2950.0,3158,1207.0,376744.5,649.0,0.94875
Rapeseed &Mustard,2006,Rabi       ,HIMACHAL PRADESH,8887.0,4506,1207.0,1134958.77,1955.14,0.523
Rice,2006,Kharif     ,HIMACHAL PRADESH,79206.0,123485,1207.0,10115398.26,17425.32,1.750909091
Sannhamp,2006,Kharif     ,HIMACHAL PRADESH,76.0,14,1207.0,9705.96,16.72,0.185
Sesamum,2006,Kharif     ,HIMACHAL PRADESH,3802.0,1708,1207.0,485553.42,836.44,0.412222222
Small millets,2006,Kharif     ,HIMACHAL PRADESH,7479.0,5083,1207.0,955143.09,1645.38,0.548571429
Soyabean,2006,Kharif     ,HIMACHAL PRADESH,638.0,1073,1207.0,81478.98,140.36,1.691428571
Sugarcane,2006,Whole Year ,HIMACHAL PRADESH,3019.0,59184,1207.0,385556.49,664.18,13.465
Turmeric,2006,Kharif     ,HIMACHAL PRADESH,187.0,99,1207.0,23881.77,41.14,0.504285714
Urad,2006,Kharif     ,HIMACHAL PRADESH,11459.0,5413,1207.0,1463428.89,2520.98,0.557272727
Wheat,2006,Rabi       ,HIMACHAL PRADESH,362245.0,596493,1207.0,46262308.95,79693.9,1.6375
Arhar/Tur,2006,Kharif     ,PUNJAB,7200.0,6700,569.6,919512.0,1584.0,0.973571429
Bajra,2006,Kharif     ,PUNJAB,6000.0,6000,569.6,766260.0,1320.0,1.0
Barley,2006,Rabi       ,PUNJAB,19000.0,64000,569.6,2426490.0,4180.0,3.3
Cotton(lint),2006,Kharif     ,PUNJAB,604000.0,2678000,569.6,77136840.0,132880.0,4.236
Gram,2006,Rabi       ,PUNJAB,3800.0,3800,569.6,485298.0,836.0,0.979166667
Groundnut,2006,Kharif     ,PUNJAB,4400.0,3800,569.6,561924.0,968.0,0.837142857
Guar seed,2006,Whole Year ,PUNJAB,20400.0,15800,569.6,2605284.0,4488.0,0.82
Jowar,2006,Kharif     ,PUNJAB,100.0,100,569.6,12771.0,22.0,1.0
Linseed,2006,Rabi       ,PUNJAB,200.0,100,569.6,25542.0,44.0,0.5
Maize,2006,Kharif     ,PUNJAB,154000.0,481000,569.6,19667340.0,33880.0,3.202307692
Masoor,2006,Rabi       ,PUNJAB,2100.0,800,569.6,268191.0,462.0,0.495
Moong(Green Gram),2006,Kharif     ,PUNJAB,12300.0,10700,569.6,1570833.0,2706.0,0.904545455
Moth,2006,Kharif     ,PUNJAB,100.0,100,569.6,12771.0,22.0,1.0
Peas & beans (Pulses),2006,Rabi       ,PUNJAB,3100.0,3600,569.6,395901.0,682.0,1.059090909
Rapeseed &Mustard,2006,Rabi       ,PUNJAB,41000.0,46000,569.6,5236110.0,9020.0,1.067222222
Rice,2006,Kharif     ,PUNJAB,2621000.0,10138000,569.6,334727910.0,576620.0,3.75
Sesamum,2006,Kharif     ,PUNJAB,9500.0,3200,569.6,1213245.0,2090.0,0.262727273
Urad,2006,Kharif     ,PUNJAB,3300.0,1400,569.6,421443.0,726.0,0.351666667
Wheat,2006,Rabi       ,PUNJAB,3467000.0,14596000,569.6,442770570.0,762740.0,4.148421053
Arhar/Tur,2006,Kharif     ,UTTARAKHAND,1827.0,995,1178.9,233326.17,401.94,0.666666667
Bajra,2006,Kharif     ,UTTARAKHAND,11.0,13,1178.9,1404.81,2.42,1.11
Barley,2006,Rabi       ,UTTARAKHAND,24080.0,27699,1178.9,3075256.8,5297.6,1.233846154
Garlic,2006,Whole Year ,UTTARAKHAND,2382.0,16735,1178.9,304205.22,524.04,5.73173913
Gram,2006,Rabi       ,UTTARAKHAND,877.0,674,1178.9,112001.67,192.94,0.589166667
Groundnut,2006,Kharif     ,UTTARAKHAND,1749.0,1888,1178.9,223364.79,384.78,1.008
Horse-gram,2006,Kharif     ,UTTARAKHAND,9523.0,6745,1178.9,1216182.33,2095.06,0.695454545
Linseed,2006,Rabi       ,UTTARAKHAND,40.0,15,1178.9,5108.4,8.8,0.38
Maize,2006,Kharif     ,UTTARAKHAND,27163.0,35850,1178.9,3468986.73,5975.86,1.138461538
Maize,2006,Rabi       ,UTTARAKHAND,81.0,131,1178.9,10344.51,17.82,1.626666667
Masoor,2006,Rabi       ,UTTARAKHAND,12677.0,5846,1178.9,1618979.67,2788.94,0.550769231
Moong(Green Gram),2006,Kharif     ,UTTARAKHAND,2.0,2,1178.9,255.42,0.44,1.0
Moong(Green Gram),2006,Rabi       ,UTTARAKHAND,30.0,13,1178.9,3831.3,6.6,0.43
Moth,2006,Kharif     ,UTTARAKHAND,10.0,3,1178.9,1277.1,2.2,0.3
Onion,2006,Whole Year ,UTTARAKHAND,2116.0,11886,1178.9,270234.36,465.52,6.464615385
Other  Rabi pulses,2006,Rabi       ,UTTARAKHAND,50.0,18,1178.9,6385.5,11.0,0.298333333
Other Cereals,2006,Kharif     ,UTTARAKHAND,4615.0,1971,1178.9,589381.65,1015.3,0.43625
Other Cereals,2006,Rabi       ,UTTARAKHAND,682.0,407,1178.9,87098.22,150.04,0.51
Other Kharif pulses,2006,Kharif     ,UTTARAKHAND,12863.0,7757,1178.9,1642733.73,2829.86,0.631818182
Peas & beans (Pulses),2006,Rabi       ,UTTARAKHAND,5003.0,4902,1178.9,638933.13,1100.66,0.772307692
Potato,2006,Kharif     ,UTTARAKHAND,8274.0,83792,1178.9,1056672.54,1820.28,9.942727273
Potato,2006,Rabi       ,UTTARAKHAND,7099.0,77930,1178.9,906613.29,1561.78,9.773846154
Ragi,2006,Kharif     ,UTTARAKHAND,125640.0,171181,1178.9,16045484.4,27640.8,1.390909091
Rapeseed &Mustard,2006,Rabi       ,UTTARAKHAND,13480.0,7582,1178.9,1721530.8,2965.6,0.453846154
Rice,2006,Kharif     ,UTTARAKHAND,273662.0,540128,1178.9,34949374.02,60205.64,1.645384615
Rice,2006,Rabi       ,UTTARAKHAND,9923.0,31208,1178.9,1267266.33,2183.06,3.145
Sesamum,2006,Kharif     ,UTTARAKHAND,1799.0,431,1178.9,229750.29,395.78,0.233076923
Small millets,2006,Kharif     ,UTTARAKHAND,71050.0,84239,1178.9,9073795.5,15631.0,1.161818182
Soyabean,2006,Kharif     ,UTTARAKHAND,9327.0,12329,1178.9,1191151.17,2051.94,0.994166667
Sugarcane,2006,Whole Year ,UTTARAKHAND,118869.0,7267238,1178.9,15180759.99,26151.18,61.44
Sunflower,2006,Kharif     ,UTTARAKHAND,47.0,57,1178.9,6002.37,10.34,1.23
Tobacco,2006,Whole Year ,UTTARAKHAND,13.0,44,1178.9,1660.23,2.86,2.857142857
Turmeric,2006,Whole Year ,UTTARAKHAND,207.0,475,1178.9,26435.97,45.54,1.915
Urad,2006,Kharif     ,UTTARAKHAND,10941.0,7023,1178.9,1397275.11,2407.02,0.634615385
Urad,2006,Rabi       ,UTTARAKHAND,335.0,211,1178.9,42782.85,73.7,0.63
Wheat,2006,Rabi       ,UTTARAKHAND,377870.0,796548,1178.9,48257777.7,83131.4,1.760769231
other oilseeds,2006,Kharif     ,UTTARAKHAND,831.0,451,1178.9,106127.01,182.82,0.587
other oilseeds,2006,Rabi       ,UTTARAKHAND,1035.0,540,1178.9,132179.85,227.7,0.336666667
Arhar/Tur,2006,Rabi       ,JHARKHAND,15909.83,20344,1465.1,2031844.389,3500.1626,1.448636364
Gram,2006,Rabi       ,JHARKHAND,14224.57,10445,1465.1,1816619.835,3129.4054,0.758636364
Maize,2006,Autumn     ,JHARKHAND,75712.78,116029,1465.1,9669279.134,16656.8116,1.457272727
Masoor,2006,Rabi       ,JHARKHAND,4190.51,2518,1465.1,535170.0321,921.9122,0.493571429
Onion,2006,Rabi       ,JHARKHAND,2914.72,16719,1465.1,372238.8912,641.2384,5.84
Potato,2006,Rabi       ,JHARKHAND,13341.72,108295,1465.1,1703871.061,2935.1784,8.043636364
Potato,2006,Winter     ,JHARKHAND,20693.26,157358,1465.1,2642736.235,4552.5172,7.690909091
Ragi,2006,Autumn     ,JHARKHAND,32829.89,25216,1465.1,4192705.252,7222.5758,0.827727273
Rapeseed &Mustard,2006,Rabi       ,JHARKHAND,17701.5,11787,1465.1,2260658.565,3894.33,0.655714286
Rice,2006,Autumn     ,JHARKHAND,183635.05,254351,1465.1,23452032.24,40399.711,1.274545455
Rice,2006,Winter     ,JHARKHAND,995583.37,1175595,1465.1,127145952.2,219028.3414,1.208181818
Sugarcane,2006,Whole Year ,JHARKHAND,587.89,26102,1465.1,75079.4319,129.3358,38.04833333
Wheat,2006,Rabi       ,JHARKHAND,124418.04,163905,1465.1,15889427.89,27371.9688,1.280454545
Arhar/Tur,2007,Kharif     ,BIHAR,30860.0,42667,1600.2,4116724.0,4937.6,1.278648649
Bajra,2007,Kharif     ,BIHAR,3497.0,3856,1600.2,466499.8,559.52,1.045
Banana,2007,Whole Year ,BIHAR,17872.0,233609,1600.2,2384124.8,2859.52,15.2126087
Barley,2007,Rabi       ,BIHAR,15402.0,18513,1600.2,2054626.8,2464.32,1.192647059
Castor seed,2007,Kharif     ,BIHAR,203.0,194,1600.2,27080.2,32.48,0.9775
Coriander,2007,Whole Year ,BIHAR,2167.0,1573,1600.2,289077.8,346.72,0.736666667
Dry chillies,2007,Whole Year ,BIHAR,2680.0,3534,1600.2,357512.0,428.8,1.106206897
Garlic,2007,Whole Year ,BIHAR,2502.0,3615,1600.2,333766.8,400.32,1.448
Ginger,2007,Kharif     ,BIHAR,699.0,1075,1600.2,93246.6,111.84,1.644545455
Gram,2007,Rabi       ,BIHAR,64105.0,63473,1600.2,8551607.0,10256.8,1.088235294
Groundnut,2007,Kharif     ,BIHAR,1207.0,868,1600.2,161013.8,193.12,0.683333333
Jowar,2007,Kharif     ,BIHAR,3426.0,3761,1600.2,457028.4,548.16,1.086428571
Jute,2007,Kharif     ,BIHAR,131627.0,1242849,1600.2,17559041.8,21060.32,9.998571429
Khesari,2007,Rabi       ,BIHAR,98114.0,82348,1600.2,13088407.6,15698.24,0.803684211
Linseed,2007,Rabi       ,BIHAR,27507.0,22691,1600.2,3669433.8,4401.12,0.828108108
Maize,2007,Autumn     ,BIHAR,263299.0,321402,1600.2,35124086.6,42127.84,1.305526316
Maize,2007,Rabi       ,BIHAR,214521.0,858245,1600.2,28617101.4,34323.36,3.763611111
Maize,2007,Summer     ,BIHAR,181481.0,623215,1600.2,24209565.4,29036.96,3.207142857
Masoor,2007,Rabi       ,BIHAR,158487.0,126134,1600.2,21142165.8,25357.92,0.779736842
Mesta,2007,Kharif     ,BIHAR,22626.0,209564,1600.2,3018308.4,3620.16,8.203043478
Moong(Green Gram),2007,Kharif     ,BIHAR,8834.0,5358,1600.2,1178455.6,1413.44,0.627878788
Moong(Green Gram),2007,Summer     ,BIHAR,156047.0,93579,1600.2,20816669.8,24967.52,0.644117647
Onion,2007,Whole Year ,BIHAR,15216.0,136730,1600.2,2029814.4,2434.56,8.736111111
Other  Rabi pulses,2007,Rabi       ,BIHAR,3052.0,2261,1600.2,407136.8,488.32,0.740909091
Other Kharif pulses,2007,Kharif     ,BIHAR,1403.0,917,1600.2,187160.2,224.48,0.657368421
Peas & beans (Pulses),2007,Rabi       ,BIHAR,23288.0,25083,1600.2,3106619.2,3726.08,1.094324324
Potato,2007,Whole Year ,BIHAR,153909.0,1244108,1600.2,20531460.6,24625.44,8.115
Ragi,2007,Kharif     ,BIHAR,13222.0,7996,1600.2,1763814.8,2115.52,0.647241379
Rapeseed &Mustard,2007,Rabi       ,BIHAR,88126.0,87464,1600.2,11756008.4,14100.16,0.932631579
Rice,2007,Autumn     ,BIHAR,524266.0,318517,1600.2,69937084.4,83882.56,0.617
Rice,2007,Summer     ,BIHAR,110440.0,172291,1600.2,14732696.0,17670.4,1.416666667
Rice,2007,Winter     ,BIHAR,2842665.0,3967956,1600.2,379211511.0,454826.4,1.260789474
Safflower,2007,Rabi       ,BIHAR,115.0,92,1600.2,15341.0,18.4,0.832857143
Sannhamp,2007,Kharif     ,BIHAR,3451.0,15301,1600.2,460363.4,552.16,4.3544
Sesamum,2007,Kharif     ,BIHAR,2832.0,2245,1600.2,377788.8,453.12,0.811851852
Small millets,2007,Kharif     ,BIHAR,7000.0,5169,1600.2,933800.0,1120.0,0.752727273
Sugarcane,2007,Whole Year ,BIHAR,107039.0,4027229,1600.2,14279002.6,17126.24,33.2446875
Sunflower,2007,Rabi       ,BIHAR,22052.0,30646,1600.2,2941736.8,3528.32,1.43037037
Sweet potato,2007,Whole Year ,BIHAR,3741.0,49649,1600.2,499049.4,598.56,13.45586207
Tobacco,2007,Whole Year ,BIHAR,13330.0,22428,1600.2,1778222.0,2132.8,1.808333333
Turmeric,2007,Whole Year ,BIHAR,3432.0,3419,1600.2,457828.8,549.12,0.9985
Urad,2007,Kharif     ,BIHAR,22366.0,17497,1600.2,2983624.4,3578.56,0.807878788
Wheat,2007,Rabi       ,BIHAR,2131232.0,4977463,1600.2,284306348.8,340997.12,2.228421053
Arhar/Tur,2007,Kharif     ,CHHATTISGARH,50376.0,26282,1246.2,6720158.4,8060.16,0.535
Bajra,2007,Kharif     ,CHHATTISGARH,68.0,31,1246.2,9071.2,10.88,0.376666667
Bajra,2007,Whole Year ,CHHATTISGARH,520.0,19071,1246.2,69368.0,83.2,38.48533333
Barley,2007,Rabi       ,CHHATTISGARH,3433.0,3981,1246.2,457962.2,549.28,1.072857143
Castor seed,2007,Kharif     ,CHHATTISGARH,158.0,60,1246.2,21077.2,25.28,0.9025
Coriander,2007,Whole Year ,CHHATTISGARH,3184.0,891,1246.2,424745.6,509.44,0.305
Cotton(lint),2007,Kharif     ,CHHATTISGARH,50.0,68,1246.2,6670.0,8.0,1.15
Dry chillies,2007,Whole Year ,CHHATTISGARH,6028.0,4205,1246.2,804135.2,964.48,0.687222222
Garlic,2007,Whole Year ,CHHATTISGARH,901.0,2530,1246.2,120193.4,144.16,3.006666667
Ginger,2007,Whole Year ,CHHATTISGARH,1836.0,2037,1246.2,244922.4,293.76,1.184705882
Gram,2007,Rabi       ,CHHATTISGARH,243490.0,212356,1246.2,32481566.0,38958.4,0.852777778
Groundnut,2007,Kharif     ,CHHATTISGARH,31653.0,39994,1246.2,4222510.2,5064.48,1.35
Horse-gram,2007,Kharif     ,CHHATTISGARH,50203.0,16113,1246.2,6697080.2,8032.48,0.3
Horse-gram,2007,Rabi       ,CHHATTISGARH,2814.0,823,1246.2,375387.6,450.24,0.324166667
Jowar,2007,Kharif     ,CHHATTISGARH,7709.0,7232,1246.2,1028380.6,1233.44,0.928888889
Khesari,2007,Rabi       ,CHHATTISGARH,428553.0,553008,1246.2,57168970.2,68568.48,0.754
Linseed,2007,Rabi       ,CHHATTISGARH,55900.0,17107,1246.2,7457060.0,8944.0,0.319375
Maize,2007,Kharif     ,CHHATTISGARH,100591.0,157130,1246.2,13418839.4,16094.56,1.468333333
Masoor,2007,Rabi       ,CHHATTISGARH,16758.0,5580,1246.2,2235517.2,2681.28,0.315333333
Mesta,2007,Kharif     ,CHHATTISGARH,1372.0,2723,1246.2,183024.8,219.52,2.12125
Moong(Green Gram),2007,Kharif     ,CHHATTISGARH,9211.0,2615,1246.2,1228747.4,1473.76,0.275
Moong(Green Gram),2007,Rabi       ,CHHATTISGARH,6937.0,1627,1246.2,925395.8,1109.92,0.255714286
Niger seed,2007,Kharif     ,CHHATTISGARH,71946.0,12803,1246.2,9597596.4,11511.36,0.202
Onion,2007,Whole Year ,CHHATTISGARH,4372.0,20891,1246.2,583224.8,699.52,5.119411765
Other  Rabi pulses,2007,Rabi       ,CHHATTISGARH,2733.0,350,1246.2,364582.2,437.28,0.191764706
Other Kharif pulses,2007,Kharif     ,CHHATTISGARH,7235.0,1849,1246.2,965149.0,1157.6,0.250555556
Peas & beans (Pulses),2007,Rabi       ,CHHATTISGARH,16315.0,5887,1246.2,2176421.0,2610.4,0.3325
Potato,2007,Kharif     ,CHHATTISGARH,1910.0,8060,1246.2,254794.0,305.6,6.440909091
Potato,2007,Rabi       ,CHHATTISGARH,9653.0,40677,1246.2,1287710.2,1544.48,5.00875
Ragi,2007,Kharif     ,CHHATTISGARH,9338.0,2596,1246.2,1245689.2,1494.08,0.258333333
Rapeseed &Mustard,2007,Rabi       ,CHHATTISGARH,51397.0,20637,1246.2,6856359.8,8223.52,0.388888889
Rice,2007,Kharif     ,CHHATTISGARH,3902881.0,5634972,1246.2,520644325.4,624460.96,1.393888889
Safflower,2007,Rabi       ,CHHATTISGARH,512.0,124,1246.2,68300.8,81.92,0.26
Sannhamp,2007,Whole Year ,CHHATTISGARH,1605.0,536,1246.2,214107.0,256.8,0.306470588
Sesamum,2007,Kharif     ,CHHATTISGARH,21232.0,6741,1246.2,2832348.8,3397.12,0.330555556
Small millets,2007,Kharif     ,CHHATTISGARH,207112.0,53408,1246.2,27628740.8,33137.92,0.258888889
Soyabean,2007,Kharif     ,CHHATTISGARH,72379.0,83611,1246.2,9655358.6,11580.64,1.261428571
Sugarcane,2007,Whole Year ,CHHATTISGARH,10966.0,27254,1246.2,1462864.4,1754.56,3.015
Sunflower,2007,Kharif     ,CHHATTISGARH,6227.0,2192,1246.2,830681.8,996.32,0.400714286
Sweet potato,2007,Whole Year ,CHHATTISGARH,2671.0,15681,1246.2,356311.4,427.36,5.865
Tobacco,2007,Whole Year ,CHHATTISGARH,19.0,11,1246.2,2534.6,3.04,0.823333333
Turmeric,2007,Whole Year ,CHHATTISGARH,918.0,846,1246.2,122461.2,146.88,1.045
Urad,2007,Kharif     ,CHHATTISGARH,109010.0,33521,1246.2,14541934.0,17441.6,0.32
Urad,2007,Rabi       ,CHHATTISGARH,5915.0,1535,1246.2,789061.0,946.4,0.244615385
Wheat,2007,Rabi       ,CHHATTISGARH,95020.0,104548,1246.2,12675668.0,15203.2,1.299444444
Arhar/Tur,2007,Kharif     ,HIMACHAL PRADESH,49.0,17,1095.4,6536.6,7.84,0.336
Barley,2007,Rabi       ,HIMACHAL PRADESH,23509.0,30675,1095.4,3136100.6,3761.44,1.320909091
Coriander,2007,Rabi       ,HIMACHAL PRADESH,236.0,68,1095.4,31482.4,37.76,0.252
Cotton(lint),2007,Kharif     ,HIMACHAL PRADESH,63.0,29,1095.4,8404.2,10.08,0.506666667
Dry chillies,2007,Kharif     ,HIMACHAL PRADESH,669.0,254,1095.4,89244.6,107.04,0.399
Garlic,2007,Rabi       ,HIMACHAL PRADESH,4299.0,5486,1095.4,573486.6,687.84,1.125
Ginger,2007,Kharif     ,HIMACHAL PRADESH,2273.0,25538,1095.4,303218.2,363.68,10.15
Gram,2007,Rabi       ,HIMACHAL PRADESH,1452.0,1372,1095.4,193696.8,232.32,0.815555556
Groundnut,2007,Kharif     ,HIMACHAL PRADESH,97.0,94,1095.4,12939.8,15.52,1.038
Horse-gram,2007,Kharif     ,HIMACHAL PRADESH,2422.0,1097,1095.4,323094.8,387.52,0.444
Linseed,2007,Rabi       ,HIMACHAL PRADESH,1571.0,395,1095.4,209571.4,251.36,0.216666667
Maize,2007,Kharif     ,HIMACHAL PRADESH,300150.0,682615,1095.4,40040010.0,48024.0,2.303333333
Masoor,2007,Kharif     ,HIMACHAL PRADESH,607.0,352,1095.4,80973.8,97.12,0.671
Moong(Green Gram),2007,Kharif     ,HIMACHAL PRADESH,685.0,324,1095.4,91379.0,109.6,0.467142857
Moth,2007,Kharif     ,HIMACHAL PRADESH,9.0,3,1095.4,1200.6,1.44,0.276666667
Onion,2007,Rabi       ,HIMACHAL PRADESH,823.0,7036,1095.4,109788.2,131.68,8.408
Other  Rabi pulses,2007,Rabi       ,HIMACHAL PRADESH,25.0,9,1095.4,3335.0,4.0,0.423333333
Other Kharif pulses,2007,Kharif     ,HIMACHAL PRADESH,1745.0,602,1095.4,232783.0,279.2,0.37
Peas & beans (Pulses),2007,Kharif     ,HIMACHAL PRADESH,10051.0,22296,1095.4,1340803.4,1608.16,1.791818182
Potato,2007,Kharif     ,HIMACHAL PRADESH,13583.0,123839,1095.4,1811972.2,2173.28,9.051666667
Ragi,2007,Kharif     ,HIMACHAL PRADESH,1845.0,2489,1095.4,246123.0,295.2,1.117142857
Rapeseed &Mustard,2007,Rabi       ,HIMACHAL PRADESH,8758.0,3580,1095.4,1168317.2,1401.28,0.479
Rice,2007,Kharif     ,HIMACHAL PRADESH,78571.0,121453,1095.4,10481371.4,12571.36,1.686363636
Sannhamp,2007,Kharif     ,HIMACHAL PRADESH,32.0,6,1095.4,4268.8,5.12,0.185
Sesamum,2007,Kharif     ,HIMACHAL PRADESH,3586.0,1269,1095.4,478372.4,573.76,0.337777778
Small millets,2007,Kharif     ,HIMACHAL PRADESH,7443.0,5463,1095.4,992896.2,1190.88,0.657142857
Soyabean,2007,Kharif     ,HIMACHAL PRADESH,626.0,1052,1095.4,83508.4,100.16,1.575
Sugarcane,2007,Kharif     ,HIMACHAL PRADESH,2697.0,58442,1095.4,359779.8,431.52,13.81285714
Turmeric,2007,Kharif     ,HIMACHAL PRADESH,142.0,72,1095.4,18942.8,22.72,0.476666667
Urad,2007,Kharif     ,HIMACHAL PRADESH,12259.0,6315,1095.4,1635350.6,1961.44,0.455
Wheat,2007,Rabi       ,HIMACHAL PRADESH,366592.0,504360,1095.4,48903372.8,58654.72,1.500833333
Arhar/Tur,2007,Kharif     ,PUNJAB,6000.0,5400,527.2,800400.0,960.0,0.948333333
Bajra,2007,Kharif     ,PUNJAB,4000.0,4000,527.2,533600.0,640.0,1.0
Barley,2007,Rabi       ,PUNJAB,16000.0,57000,527.2,2134400.0,2560.0,3.5
Cotton(lint),2007,Kharif     ,PUNJAB,604000.0,2355000,527.2,80573600.0,96640.0,4.037272727
Gram,2007,Rabi       ,PUNJAB,2700.0,2800,527.2,360180.0,432.0,1.006666667
Groundnut,2007,Kharif     ,PUNJAB,3100.0,2700,527.2,413540.0,496.0,0.9625
Guar seed,2007,Kharif     ,PUNJAB,21900.0,18200,527.2,2921460.0,3504.0,0.772
Jowar,2007,Kharif     ,PUNJAB,100.0,100,527.2,13340.0,16.0,1.0
Maize,2007,Kharif     ,PUNJAB,153000.0,521000,527.2,20410200.0,24480.0,3.560833333
Masoor,2007,Rabi       ,PUNJAB,1200.0,600,527.2,160080.0,192.0,0.594285714
Moong(Green Gram),2007,Kharif     ,PUNJAB,11700.0,8400,527.2,1560780.0,1872.0,0.779166667
Rapeseed &Mustard,2007,Rabi       ,PUNJAB,28000.0,33000,527.2,3735200.0,4480.0,1.181176471
Rice,2007,Kharif     ,PUNJAB,2610000.0,10489000,527.2,348174000.0,417600.0,3.968
Sesamum,2007,Kharif     ,PUNJAB,8200.0,2700,527.2,1093880.0,1312.0,0.392727273
Urad,2007,Kharif     ,PUNJAB,3500.0,1600,527.2,466900.0,560.0,0.486666667
Wheat,2007,Rabi       ,PUNJAB,3488000.0,15720000,527.2,465299200.0,558080.0,4.4775
Arhar/Tur,2007,Kharif     ,UTTARAKHAND,2932.0,2221,1924.3,391128.8,469.12,0.801666667
Bajra,2007,Kharif     ,UTTARAKHAND,42.0,40,1924.3,5602.8,6.72,0.95
Barley,2007,Rabi       ,UTTARAKHAND,24704.0,25856,1924.3,3295513.6,3952.64,1.125384615
Dry chillies,2007,Kharif     ,UTTARAKHAND,5671.0,2000,1924.3,756511.4,907.36,0.3025
Garlic,2007,Whole Year ,UTTARAKHAND,2468.0,17100,1924.3,329231.2,394.88,5.487916667
Gram,2007,Rabi       ,UTTARAKHAND,756.0,519,1924.3,100850.4,120.96,0.519166667
Groundnut,2007,Kharif     ,UTTARAKHAND,1546.0,1318,1924.3,206236.4,247.36,0.792
Horse-gram,2007,Kharif     ,UTTARAKHAND,9001.0,7005,1924.3,1200733.4,1440.16,0.749090909
Maize,2007,Kharif     ,UTTARAKHAND,28000.0,43659,1924.3,3735200.0,4480.0,1.223846154
Maize,2007,Summer     ,UTTARAKHAND,82.0,133,1924.3,10938.8,13.12,1.636666667
Masoor,2007,Rabi       ,UTTARAKHAND,10873.0,4950,1924.3,1450458.2,1739.68,0.500769231
Moong(Green Gram),2007,Kharif     ,UTTARAKHAND,8.0,3,1924.3,1067.2,1.28,0.416666667
Moong(Green Gram),2007,Summer     ,UTTARAKHAND,14.0,6,1924.3,1867.6,2.24,0.316666667
Moth,2007,Kharif     ,UTTARAKHAND,8.0,3,1924.3,1067.2,1.28,0.38
Onion,2007,Whole Year ,UTTARAKHAND,1976.0,10098,1924.3,263598.4,316.16,5.836923077
Other  Rabi pulses,2007,Rabi       ,UTTARAKHAND,93.0,41,1924.3,12406.2,14.88,0.425
Other Cereals,2007,Kharif     ,UTTARAKHAND,70087.0,81412,1924.3,9349605.8,11213.92,1.128181818
Other Cereals,2007,Rabi       ,UTTARAKHAND,865.0,623,1924.3,115391.0,138.4,0.721666667
Other Kharif pulses,2007,Kharif     ,UTTARAKHAND,11920.0,9140,1924.3,1590128.0,1907.2,0.753636364
Peas & beans (Pulses),2007,Rabi       ,UTTARAKHAND,3903.0,3518,1924.3,520660.2,624.48,0.713076923
Potato,2007,Kharif     ,UTTARAKHAND,7539.0,72247,1924.3,1005702.6,1206.24,9.379090909
Potato,2007,Rabi       ,UTTARAKHAND,6693.0,53843,1924.3,892846.2,1070.88,7.861538462
Ragi,2007,Kharif     ,UTTARAKHAND,122498.0,172157,1924.3,16341233.2,19599.68,1.544545455
Rapeseed &Mustard,2007,Rabi       ,UTTARAKHAND,12026.0,7704,1924.3,1604268.4,1924.16,0.548461538
Rice,2007,Kharif     ,UTTARAKHAND,259805.0,523203,1924.3,34657987.0,41568.8,1.709230769
Rice,2007,Summer     ,UTTARAKHAND,12364.0,41864,1924.3,1649357.6,1978.24,3.423333333
Sesamum,2007,Kharif     ,UTTARAKHAND,1961.0,445,1924.3,261597.4,313.76,0.243846154
Soyabean,2007,Kharif     ,UTTARAKHAND,9863.0,13234,1924.3,1315724.2,1578.08,1.133333333
Sugarcane,2007,Whole Year ,UTTARAKHAND,122533.0,7594553,1924.3,16345902.2,19605.28,62.12857143
Sunflower,2007,Kharif     ,UTTARAKHAND,45.0,43,1924.3,6003.0,7.2,0.96
Tobacco,2007,Whole Year ,UTTARAKHAND,12.0,36,1924.3,1600.8,1.92,3.0
Turmeric,2007,Whole Year ,UTTARAKHAND,223.0,403,1924.3,29748.2,35.68,1.91
Urad,2007,Kharif     ,UTTARAKHAND,11409.0,8776,1924.3,1521960.6,1825.44,0.686923077
Urad,2007,Summer     ,UTTARAKHAND,298.0,134,1924.3,39753.2,47.68,0.63
Wheat,2007,Rabi       ,UTTARAKHAND,372919.0,798233,1924.3,49747394.6,59667.04,1.673846154
other oilseeds,2007,Kharif     ,UTTARAKHAND,150.0,79,1924.3,20010.0,24.0,0.574
other oilseeds,2007,Rabi       ,UTTARAKHAND,1184.0,348,1924.3,157945.6,189.44,0.3175
Arhar/Tur,2007,Rabi       ,JHARKHAND,17977.63,26212,1444.7,2398215.842,2876.4208,1.472272727
Gram,2007,Rabi       ,JHARKHAND,14932.22,11971,1444.7,1991958.148,2389.1552,0.88
Maize,2007,Autumn     ,JHARKHAND,76327.31,93851,1444.7,10182063.15,12212.3696,1.367272727
Masoor,2007,Rabi       ,JHARKHAND,4425.09,2924,1444.7,590307.006,708.0144,0.653076923
Onion,2007,Rabi       ,JHARKHAND,2958.96,18582,1444.7,394725.264,473.4336,6.168947368
Potato,2007,Rabi       ,JHARKHAND,16143.02,113147,1444.7,2153478.868,2582.8832,7.252272727
Potato,2007,Winter     ,JHARKHAND,20307.19,159162,1444.7,2708979.146,3249.1504,11.36809524
Ragi,2007,Autumn     ,JHARKHAND,30550.12,27952,1444.7,4075386.008,4888.0192,0.822222222
Rapeseed &Mustard,2007,Rabi       ,JHARKHAND,7190.9,6083,1444.7,959266.06,1150.544,0.843
Rice,2007,Autumn     ,JHARKHAND,183323.17,163692,1444.7,24455310.88,29331.7072,0.899047619
Rice,2007,Winter     ,JHARKHAND,1014731.14,1306932,1444.7,135365134.1,162356.9824,1.306363636
Sugarcane,2007,Whole Year ,JHARKHAND,966.83,40610,1444.7,128975.122,154.6928,42.17714286
Wheat,2007,Rabi       ,JHARKHAND,54845.72,68534,1444.7,7316419.048,8775.3152,1.432727273
Arhar/Tur,2008,Kharif     ,BIHAR,28141.0,33149,1197.7,4025288.64,2532.69,1.255833333
Bajra,2008,Kharif     ,BIHAR,2960.0,3547,1197.7,423398.4,266.4,1.12
Barley,2008,Rabi       ,BIHAR,14529.0,15898,1197.7,2078228.16,1307.61,1.023333333
Castor seed,2008,Kharif     ,BIHAR,185.0,177,1197.7,26462.4,16.65,0.99
Dry chillies,2008,Whole Year ,BIHAR,2364.0,3238,1197.7,338146.56,212.76,1.227666667
Garlic,2008,Whole Year ,BIHAR,2522.0,4014,1197.7,360746.88,226.98,1.587142857
Ginger,2008,Kharif     ,BIHAR,780.0,1270,1197.7,111571.2,70.2,1.624615385
Gram,2008,Rabi       ,BIHAR,61205.0,56619,1197.7,8754763.2,5508.45,0.962352941
Groundnut,2008,Kharif     ,BIHAR,1734.0,857,1197.7,248031.36,156.06,0.495
Jowar,2008,Kharif     ,BIHAR,2399.0,2543,1197.7,343152.96,215.91,1.063846154
Jute,2008,Kharif     ,BIHAR,131949.0,1054798,1197.7,18873984.96,11875.41,8.455
Khesari,2008,Rabi       ,BIHAR,97195.0,79791,1197.7,13902772.8,8747.55,0.844054054
Linseed,2008,Rabi       ,BIHAR,25957.0,21959,1197.7,3712889.28,2336.13,0.844054054
Maize,2008,Autumn     ,BIHAR,244993.0,373167,1197.7,35043798.72,22049.37,1.592631579
Maize,2008,Rabi       ,BIHAR,206266.0,726382,1197.7,29504288.64,18563.94,3.186388889
Maize,2008,Summer     ,BIHAR,189214.0,615797,1197.7,27065170.56,17029.26,3.203714286
Masoor,2008,Rabi       ,BIHAR,163773.0,132948,1197.7,23426089.92,14739.57,0.757105263
Mesta,2008,Kharif     ,BIHAR,19019.0,165359,1197.7,2720477.76,1711.71,8.0805
Moong(Green Gram),2008,Kharif     ,BIHAR,8587.0,5609,1197.7,1228284.48,772.83,0.674411765
Moong(Green Gram),2008,Summer     ,BIHAR,162664.0,108935,1197.7,23267458.56,14639.76,0.639428571
Onion,2008,Whole Year ,BIHAR,14805.0,137545,1197.7,2117707.2,1332.45,8.775714286
Other  Rabi pulses,2008,Rabi       ,BIHAR,4159.0,3082,1197.7,594903.36,374.31,0.755217391
Other Kharif pulses,2008,Kharif     ,BIHAR,1161.0,672,1197.7,166069.44,104.49,0.604210526
Peas & beans (Pulses),2008,Rabi       ,BIHAR,23768.0,22865,1197.7,3399774.72,2139.12,0.957567568
Potato,2008,Kharif     ,BIHAR,60334.0,452453,1197.7,8630175.36,5430.06,7.518157895
Potato,2008,Rabi       ,BIHAR,91591.0,488043,1197.7,13101176.64,8243.19,5.246486486
Ragi,2008,Kharif     ,BIHAR,11435.0,9296,1197.7,1635662.4,1029.15,0.782307692
Rapeseed &Mustard,2008,Rabi       ,BIHAR,85265.0,81831,1197.7,12196305.6,7673.85,0.99
Rice,2008,Autumn     ,BIHAR,546872.0,727414,1197.7,78224570.88,49218.48,1.230344828
Rice,2008,Summer     ,BIHAR,105526.0,178240,1197.7,15094439.04,9497.34,1.641
Rice,2008,Winter     ,BIHAR,2842875.0,4684328,1197.7,406644840.0,255858.75,1.545789474
Safflower,2008,Rabi       ,BIHAR,215.0,175,1197.7,30753.6,19.35,0.815
Sannhamp,2008,Kharif     ,BIHAR,3358.0,14978,1197.7,480328.32,302.22,6.622608696
Sesamum,2008,Kharif     ,BIHAR,2298.0,1844,1197.7,328705.92,206.82,0.824482759
Small millets,2008,Kharif     ,BIHAR,7833.0,5898,1197.7,1120432.32,704.97,0.765769231
Sugarcane,2008,Whole Year ,BIHAR,111902.0,4959918,1197.7,16006462.08,10071.18,38.28870968
Sunflower,2008,Rabi       ,BIHAR,22052.0,30646,1197.7,3154318.08,1984.68,1.43037037
Sweet potato,2008,Kharif     ,BIHAR,2437.0,33058,1197.7,348588.48,219.33,13.83166667
Sweet potato,2008,Rabi       ,BIHAR,1324.0,19474,1197.7,189384.96,119.16,13.97842105
Turmeric,2008,Whole Year ,BIHAR,2610.0,3027,1197.7,373334.4,234.9,1.153
Urad,2008,Kharif     ,BIHAR,21445.0,17980,1197.7,3067492.8,1930.05,0.747352941
Wheat,2008,Rabi       ,BIHAR,2158345.0,4413017,1197.7,308729668.8,194251.05,1.984473684
Arhar/Tur,2008,Kharif     ,CHHATTISGARH,49185.0,28660,1117.9,7035422.4,4426.65,0.562777778
Bajra,2008,Kharif     ,CHHATTISGARH,121.0,48,1117.9,17307.84,10.89,0.3775
Bajra,2008,Whole Year ,CHHATTISGARH,308.0,10811,1117.9,44056.32,27.72,33.81733333
Barley,2008,Rabi       ,CHHATTISGARH,3182.0,2861,1117.9,455153.28,286.38,0.958571429
Castor seed,2008,Kharif     ,CHHATTISGARH,39.0,12,1117.9,5578.56,3.51,0.218333333
Coconut ,2008,Kharif     ,CHHATTISGARH,77.0,0,1117.9,11014.08,6.93,0.0
Coriander,2008,Whole Year ,CHHATTISGARH,3035.0,865,1117.9,434126.4,273.15,0.580588235
Cotton(lint),2008,Kharif     ,CHHATTISGARH,25.0,32,1117.9,3576.0,2.25,1.25
Dry chillies,2008,Whole Year ,CHHATTISGARH,6013.0,3190,1117.9,860099.52,541.17,0.508333333
Garlic,2008,Whole Year ,CHHATTISGARH,941.0,2372,1117.9,134600.64,84.69,2.917692308
Ginger,2008,Whole Year ,CHHATTISGARH,1857.0,2107,1117.9,265625.28,167.13,1.2475
Gram,2008,Rabi       ,CHHATTISGARH,237463.0,190337,1117.9,33966707.52,21371.67,0.787777778
Groundnut,2008,Kharif     ,CHHATTISGARH,30047.0,37747,1117.9,4297922.88,2704.23,1.334705882
Horse-gram,2008,Kharif     ,CHHATTISGARH,49308.0,15504,1117.9,7053016.32,4437.72,0.288888889
Horse-gram,2008,Rabi       ,CHHATTISGARH,2273.0,616,1117.9,325129.92,204.57,0.270909091
Jowar,2008,Kharif     ,CHHATTISGARH,5361.0,6270,1117.9,766837.44,482.49,1.261111111
Khesari,2008,Rabi       ,CHHATTISGARH,387565.0,211087,1117.9,55437297.6,34880.85,0.373125
Linseed,2008,Rabi       ,CHHATTISGARH,47594.0,12997,1117.9,6807845.76,4283.46,0.2925
Maize,2008,Kharif     ,CHHATTISGARH,99375.0,139844,1117.9,14214600.0,8943.75,1.263888889
Masoor,2008,Rabi       ,CHHATTISGARH,15349.0,4997,1117.9,2195520.96,1381.41,0.32
Mesta,2008,Kharif     ,CHHATTISGARH,1390.0,2720,1117.9,198825.6,125.1,2.020666667
Moong(Green Gram),2008,Kharif     ,CHHATTISGARH,9230.0,2423,1117.9,1320259.2,830.7,0.252222222
Moong(Green Gram),2008,Rabi       ,CHHATTISGARH,6972.0,1559,1117.9,997274.88,627.48,0.232142857
Niger seed,2008,Kharif     ,CHHATTISGARH,70876.0,12697,1117.9,10138103.04,6378.84,0.176875
Onion,2008,Whole Year ,CHHATTISGARH,4332.0,22242,1117.9,619649.28,389.88,5.273125
Other  Rabi pulses,2008,Rabi       ,CHHATTISGARH,2563.0,431,1117.9,366611.52,230.67,0.225625
Other Kharif pulses,2008,Kharif     ,CHHATTISGARH,6761.0,1743,1117.9,967093.44,608.49,0.233888889
Peas & beans (Pulses),2008,Rabi       ,CHHATTISGARH,16892.0,6089,1117.9,2416231.68,1520.28,0.34125
Potato,2008,Kharif     ,CHHATTISGARH,690.0,2668,1117.9,98697.6,62.1,1.342857143
Potato,2008,Rabi       ,CHHATTISGARH,10093.0,42582,1117.9,1443702.72,908.37,4.63
Ragi,2008,Kharif     ,CHHATTISGARH,9084.0,2550,1117.9,1299375.36,817.56,0.2725
Rapeseed &Mustard,2008,Rabi       ,CHHATTISGARH,51992.0,19720,1117.9,7436935.68,4679.28,0.354444444
Rice,2008,Kharif     ,CHHATTISGARH,3928815.0,4707499,1117.9,561977697.6,353593.35,1.198333333
Safflower,2008,Rabi       ,CHHATTISGARH,745.0,191,1117.9,106564.8,67.05,0.29875
Sannhamp,2008,Whole Year ,CHHATTISGARH,1434.0,482,1117.9,205119.36,129.06,0.301176471
Sesamum,2008,Kharif     ,CHHATTISGARH,19972.0,6081,1117.9,2856794.88,1797.48,0.298333333
Small millets,2008,Kharif     ,CHHATTISGARH,181785.0,34383,1117.9,26002526.4,16360.65,0.199444444
Soyabean,2008,Kharif     ,CHHATTISGARH,81764.0,79859,1117.9,11695522.56,7358.76,1.242857143
Sugarcane,2008,Whole Year ,CHHATTISGARH,9034.0,22230,1117.9,1292223.36,813.06,2.77875
Sunflower,2008,Kharif     ,CHHATTISGARH,4550.0,1875,1117.9,650832.0,409.5,0.341176471
Sweet potato,2008,Whole Year ,CHHATTISGARH,2683.0,14161,1117.9,383776.32,241.47,5.593888889
Tobacco,2008,Whole Year ,CHHATTISGARH,27.0,14,1117.9,3862.08,2.43,0.506666667
Turmeric,2008,Whole Year ,CHHATTISGARH,875.0,785,1117.9,125160.0,78.75,0.975625
Urad,2008,Kharif     ,CHHATTISGARH,106086.0,31280,1117.9,15174541.44,9547.74,0.298888889
Urad,2008,Rabi       ,CHHATTISGARH,4679.0,1146,1117.9,669284.16,421.11,0.236153846
Wheat,2008,Rabi       ,CHHATTISGARH,94834.0,97424,1117.9,13565055.36,8535.06,1.15
Arhar/Tur,2008,Kharif     ,HIMACHAL PRADESH,15.0,2,1357.1,2145.6,1.35,0.193333333
Bajra,2008,Kharif     ,HIMACHAL PRADESH,203.0,113,1357.1,29037.12,18.27,0.622
Barley,2008,Rabi       ,HIMACHAL PRADESH,22601.0,20447,1357.1,3232847.04,2034.09,0.923636364
Coriander,2008,Rabi       ,HIMACHAL PRADESH,136.0,19,1357.1,19453.44,12.24,0.165714286
Cotton(lint),2008,Kharif     ,HIMACHAL PRADESH,45.0,21,1357.1,6436.8,4.05,0.48
Dry chillies,2008,Kharif     ,HIMACHAL PRADESH,640.0,199,1357.1,91545.6,57.6,0.266
Garlic,2008,Rabi       ,HIMACHAL PRADESH,4036.0,1246,1357.1,577309.44,363.24,0.527777778
Gram,2008,Rabi       ,HIMACHAL PRADESH,728.0,290,1357.1,104133.12,65.52,0.324444444
Groundnut,2008,Kharif     ,HIMACHAL PRADESH,81.0,66,1357.1,11586.24,7.29,0.91
Horse-gram,2008,Kharif     ,HIMACHAL PRADESH,2238.0,868,1357.1,320123.52,201.42,0.349
Linseed,2008,Rabi       ,HIMACHAL PRADESH,695.0,148,1357.1,99412.8,62.55,0.165
Maize,2008,Kharif     ,HIMACHAL PRADESH,297718.0,676644,1357.1,42585582.72,26794.62,2.304166667
Masoor,2008,Rabi       ,HIMACHAL PRADESH,661.0,215,1357.1,94549.44,59.49,0.468888889
Moong(Green Gram),2008,Kharif     ,HIMACHAL PRADESH,109.0,45,1357.1,15591.36,9.81,0.32
Moth,2008,Kharif     ,HIMACHAL PRADESH,23.0,7,1357.1,3289.92,2.07,0.206666667
Onion,2008,Rabi       ,HIMACHAL PRADESH,776.0,4611,1357.1,110999.04,69.84,5.795
Other Kharif pulses,2008,Kharif     ,HIMACHAL PRADESH,2152.0,689,1357.1,307822.08,193.68,0.358333333
Peas & beans (Pulses),2008,Kharif     ,HIMACHAL PRADESH,887.0,1116,1357.1,126876.48,79.83,1.17
Peas & beans (Pulses),2008,Rabi       ,HIMACHAL PRADESH,8395.0,11461,1357.1,1200820.8,755.55,1.122727273
Potato,2008,Kharif     ,HIMACHAL PRADESH,7954.0,78928,1357.1,1137740.16,715.86,11.051
Potato,2008,Rabi       ,HIMACHAL PRADESH,3889.0,24702,1357.1,556282.56,350.01,4.299
Ragi,2008,Kharif     ,HIMACHAL PRADESH,2273.0,2442,1357.1,325129.92,204.57,0.958571429
Rapeseed &Mustard,2008,Rabi       ,HIMACHAL PRADESH,8883.0,2373,1357.1,1270624.32,799.47,0.32
Rice,2008,Kharif     ,HIMACHAL PRADESH,77709.0,118277,1357.1,11115495.36,6993.81,1.6
Sannhamp,2008,Kharif     ,HIMACHAL PRADESH,6.0,1,1357.1,858.24,0.54,0.1
Sesamum,2008,Kharif     ,HIMACHAL PRADESH,3307.0,1160,1357.1,473033.28,297.63,0.335555556
Small millets,2008,Kharif     ,HIMACHAL PRADESH,5890.0,4294,1357.1,842505.6,530.1,0.677142857
Soyabean,2008,Kharif     ,HIMACHAL PRADESH,738.0,1235,1357.1,105563.52,66.42,1.577142857
Sugarcane,2008,Kharif     ,HIMACHAL PRADESH,2338.0,53068,1357.1,334427.52,210.42,15.18142857
Turmeric,2008,Kharif     ,HIMACHAL PRADESH,208.0,110,1357.1,29752.32,18.72,0.54875
Urad,2008,Kharif     ,HIMACHAL PRADESH,10637.0,4576,1357.1,1521516.48,957.33,0.517272727
Wheat,2008,Rabi       ,HIMACHAL PRADESH,359961.0,381180,1357.1,51488821.44,32396.49,1.080833333
Arhar/Tur,2008,Kharif     ,PUNJAB,5900.0,5700,691.3,843936.0,531.0,0.965
Bajra,2008,Kharif     ,PUNJAB,5000.0,5000,691.3,715200.0,450.0,1.0
Barley,2008,Rabi       ,PUNJAB,16000.0,55000,691.3,2288640.0,1440.0,3.4
Cotton(lint),2008,Kharif     ,PUNJAB,527000.0,2285000,691.3,75382080.0,47430.0,4.371818182
Gram,2008,Rabi       ,PUNJAB,2900.0,3400,691.3,414816.0,261.0,1.1375
Groundnut,2008,Kharif     ,PUNJAB,2700.0,2500,691.3,386208.0,243.0,0.876666667
Guar seed,2008,Kharif     ,PUNJAB,27900.0,22200,691.3,3990816.0,2511.0,0.985
Jowar,2008,Kharif     ,PUNJAB,100.0,100,691.3,14304.0,9.0,1.0
Linseed,2008,Rabi       ,PUNJAB,100.0,100,691.3,14304.0,9.0,1.0
Maize,2008,Kharif     ,PUNJAB,151000.0,514000,691.3,21599040.0,13590.0,3.419230769
Masoor,2008,Rabi       ,PUNJAB,1100.0,600,691.3,157344.0,99.0,0.693333333
Moong(Green Gram),2008,Kharif     ,PUNJAB,8900.0,7900,691.3,1273056.0,801.0,0.900769231
Peas & beans (Pulses),2008,Rabi       ,PUNJAB,2000.0,2300,691.3,286080.0,180.0,0.964285714
Rapeseed &Mustard,2008,Rabi       ,PUNJAB,27000.0,33000,691.3,3862080.0,2430.0,1.16125
Rice,2008,Kharif     ,PUNJAB,2735000.0,11000000,691.3,391214400.0,246150.0,3.9855
Sesamum,2008,Kharif     ,PUNJAB,8300.0,2800,691.3,1187232.0,747.0,0.2775
Urad,2008,Kharif     ,PUNJAB,2900.0,1400,691.3,414816.0,261.0,0.491428571
Wheat,2008,Rabi       ,PUNJAB,3466000.0,15733000,691.3,495776640.0,311940.0,4.5035
Arhar/Tur,2008,Kharif     ,UTTARAKHAND,2383.0,1710,1363.7,340864.32,214.47,0.72
Bajra,2008,Kharif     ,UTTARAKHAND,20.0,19,1363.7,2860.8,1.8,0.95
Barley,2008,Rabi       ,UTTARAKHAND,22596.0,19351,1363.7,3232131.84,2033.64,0.982307692
Garlic,2008,Whole Year ,UTTARAKHAND,2972.0,27121,1363.7,425114.88,267.48,5.802727273
Gram,2008,Rabi       ,UTTARAKHAND,683.0,326,1363.7,97696.32,61.47,0.31
Groundnut,2008,Kharif     ,UTTARAKHAND,1355.0,1795,1363.7,193819.2,121.95,1.043333333
Horse-gram,2008,Kharif     ,UTTARAKHAND,9531.0,7419,1363.7,1363314.24,857.79,0.749090909
Maize,2008,Kharif     ,UTTARAKHAND,26780.0,36287,1363.7,3830611.2,2410.2,1.197692308
Maize,2008,Summer     ,UTTARAKHAND,92.0,150,1363.7,13159.68,8.28,1.53
Masoor,2008,Rabi       ,UTTARAKHAND,10987.0,3992,1363.7,1571580.48,988.83,0.385384615
Moong(Green Gram),2008,Kharif     ,UTTARAKHAND,56.0,25,1363.7,8010.24,5.04,0.403333333
Moth,2008,Kharif     ,UTTARAKHAND,343.0,120,1363.7,49062.72,30.87,0.35
Onion,2008,Whole Year ,UTTARAKHAND,1869.0,7920,1363.7,267341.76,168.21,5.134615385
Other  Rabi pulses,2008,Rabi       ,UTTARAKHAND,201.0,90,1363.7,28751.04,18.09,0.3625
Other Cereals,2008,Kharif     ,UTTARAKHAND,70562.0,83401,1363.7,10093188.48,6350.58,1.101818182
Other Cereals,2008,Rabi       ,UTTARAKHAND,998.0,789,1363.7,142753.92,89.82,0.822
Other Kharif pulses,2008,Kharif     ,UTTARAKHAND,11120.0,8532,1363.7,1590604.8,1000.8,1.674615385
Peas & beans (Pulses),2008,Rabi       ,UTTARAKHAND,3516.0,1504,1363.7,502928.64,316.44,0.373076923
Potato,2008,Kharif     ,UTTARAKHAND,7723.0,72666,1363.7,1104697.92,695.07,10.52181818
Potato,2008,Rabi       ,UTTARAKHAND,6266.0,67396,1363.7,896288.64,563.94,9.419230769
Ragi,2008,Kharif     ,UTTARAKHAND,120707.0,173627,1363.7,17265929.28,10863.63,1.525454545
Rapeseed &Mustard,2008,Rabi       ,UTTARAKHAND,12051.0,7906,1363.7,1723775.04,1084.59,0.44
Rice,2008,Kharif     ,UTTARAKHAND,275711.0,528524,1363.7,39437701.44,24813.99,1.627692308
Rice,2008,Summer     ,UTTARAKHAND,12654.0,39797,1363.7,1810028.16,1138.86,3.1
Sesamum,2008,Kharif     ,UTTARAKHAND,2228.0,478,1363.7,318693.12,200.52,0.2125
Soyabean,2008,Kharif     ,UTTARAKHAND,8328.0,10133,1363.7,1191237.12,749.52,1.042307692
Sugarcane,2008,Whole Year ,UTTARAKHAND,107907.0,5683369,1363.7,15435017.28,9711.63,54.82
Sunflower,2008,Kharif     ,UTTARAKHAND,37.0,35,1363.7,5292.48,3.33,0.95
Tobacco,2008,Whole Year ,UTTARAKHAND,11.0,39,1363.7,1573.44,0.99,3.4
Turmeric,2008,Whole Year ,UTTARAKHAND,215.0,433,1363.7,30753.6,19.35,2.056666667
Urad,2008,Kharif     ,UTTARAKHAND,12152.0,8916,1363.7,1738222.08,1093.68,0.662307692
Urad,2008,Summer     ,UTTARAKHAND,203.0,129,1363.7,29037.12,18.27,0.76
Wheat,2008,Rabi       ,UTTARAKHAND,379081.0,770934,1363.7,54223746.24,34117.29,1.491538462
other oilseeds,2008,Kharif     ,UTTARAKHAND,420.0,215,1363.7,60076.8,37.8,0.625
other oilseeds,2008,Rabi       ,UTTARAKHAND,853.0,634,1363.7,122013.12,76.77,0.7
Arhar/Tur,2008,Rabi       ,JHARKHAND,16995.84,24337,1295.2,2431084.954,1529.6256,1.465
Arhar/Tur,2008,Winter     ,JHARKHAND,899.14,1439,1295.2,128612.9856,80.9226,1.132
Gram,2008,Rabi       ,JHARKHAND,17036.59,12398,1295.2,2436913.834,1533.2931,0.793913043
Maize,2008,Autumn     ,JHARKHAND,72914.37,77225,1295.2,10429671.48,6562.2933,1.074166667
Onion,2008,Rabi       ,JHARKHAND,3049.28,15459,1295.2,436169.0112,274.4352,4.964347826
Potato,2008,Rabi       ,JHARKHAND,16032.93,107587,1295.2,2293350.307,1442.9637,5.73375
Potato,2008,Winter     ,JHARKHAND,21288.72,138075,1295.2,3045138.509,1915.9848,6.666190476
Ragi,2008,Autumn     ,JHARKHAND,29768.73,27189,1295.2,4258119.139,2679.1857,0.812857143
Rapeseed &Mustard,2008,Rabi       ,JHARKHAND,10308.78,6530,1295.2,1474567.891,927.7902,0.76625
Rice,2008,Autumn     ,JHARKHAND,188422.33,162674,1295.2,26951930.08,16958.0097,0.868695652
Rice,2008,Winter     ,JHARKHAND,1008437.16,1333906,1295.2,144246851.4,90759.3444,1.39125
Sugarcane,2008,Whole Year ,JHARKHAND,729.31,18446,1295.2,104320.5024,65.6379,27.25142857
Wheat,2008,Rabi       ,JHARKHAND,58602.34,79871,1295.2,8382478.714,5274.2106,1.43625
Arhar/Tur,2009,Kharif     ,BIHAR,27032.0,36586,889.3,4212126.24,4595.44,1.448108108
Bajra,2009,Kharif     ,BIHAR,2951.0,3279,889.3,459824.82,501.67,1.101
Barley,2009,Rabi       ,BIHAR,10967.0,12421,889.3,1708877.94,1864.39,1.281290323
Gram,2009,Rabi       ,BIHAR,54703.0,58340,889.3,8523821.46,9299.51,1.058333333
Horse-gram,2009,Kharif     ,BIHAR,10984.0,10578,889.3,1711526.88,1867.28,0.9665
Jowar,2009,Kharif     ,BIHAR,1627.0,1687,889.3,253519.14,276.59,1.031111111
Jute,2009,Kharif     ,BIHAR,125111.0,1147280,889.3,19494796.02,21268.87,9.361428571
Khesari,2009,Rabi       ,BIHAR,78827.0,81666,889.3,12282823.14,13400.59,1.023684211
Linseed,2009,Rabi       ,BIHAR,22702.0,19206,889.3,3537425.64,3859.34,0.848648649
Maize,2009,Autumn     ,BIHAR,234920.0,401472,889.3,36605234.4,39936.4,1.760526316
Maize,2009,Rabi       ,BIHAR,209236.0,544140,889.3,32603153.52,35570.12,2.516
Maize,2009,Summer     ,BIHAR,196547.0,598834,889.3,30625953.54,33412.99,2.8075
Masoor,2009,Rabi       ,BIHAR,178162.0,159184,889.3,27761202.84,30287.54,0.775789474
Mesta,2009,Kharif     ,BIHAR,17215.0,123701,889.3,2682441.3,2926.55,7.189565217
Moong(Green Gram),2009,Kharif     ,BIHAR,8351.0,5537,889.3,1301252.82,1419.67,0.677058824
Moong(Green Gram),2009,Summer     ,BIHAR,149909.0,64911,889.3,23358820.38,25484.53,0.513055556
Other  Rabi pulses,2009,Rabi       ,BIHAR,2579.0,1924,889.3,401859.78,438.43,0.741111111
Other Kharif pulses,2009,Kharif     ,BIHAR,1593.0,1224,889.3,248221.26,270.81,0.765652174
Peas & beans (Pulses),2009,Rabi       ,BIHAR,19936.0,19953,889.3,3106427.52,3389.12,1.0
Ragi,2009,Kharif     ,BIHAR,10024.0,8062,889.3,1561939.68,1704.08,0.729230769
Rapeseed &Mustard,2009,Rabi       ,BIHAR,89672.0,91415,889.3,13972691.04,15244.24,1.084210526
Rice,2009,Autumn     ,BIHAR,525890.0,471321,889.3,81944179.8,89401.3,0.905666667
Rice,2009,Summer     ,BIHAR,95682.0,176656,889.3,14909169.24,16265.94,1.492083333
Rice,2009,Winter     ,BIHAR,2502458.0,2992233,889.3,389933005.6,425417.86,1.105526316
Sannhamp,2009,Kharif     ,BIHAR,1903.0,1551,889.3,296525.46,323.51,0.828181818
Small millets,2009,Kharif     ,BIHAR,3123.0,2397,889.3,486625.86,530.91,0.780588235
Sugarcane,2009,Whole Year ,BIHAR,72916.0,3443693,889.3,11361771.12,12395.72,44.66484848
Sunflower,2009,Rabi       ,BIHAR,18203.0,25575,889.3,2836391.46,3094.51,1.394583333
Tobacco,2009,Whole Year ,BIHAR,9040.0,16878,889.3,1408612.8,1536.8,1.897
Urad,2009,Kharif     ,BIHAR,20045.0,19845,889.3,3123411.9,3407.65,0.992058824
Wheat,2009,Rabi       ,BIHAR,2116098.0,4403841,889.3,329730390.4,359736.66,2.076315789
Arhar/Tur,2009,Kharif     ,CHHATTISGARH,52999.0,27610,956.9,8258304.18,9009.83,0.513888889
Bajra,2009,Kharif     ,CHHATTISGARH,70.0,20,956.9,10907.4,11.9,0.208
Bajra,2009,Whole Year ,CHHATTISGARH,537.0,38728,956.9,83675.34,91.29,74.30307692
Barley,2009,Rabi       ,CHHATTISGARH,3019.0,2310,956.9,470420.58,513.23,0.644285714
Castor seed,2009,Kharif     ,CHHATTISGARH,64.0,18,956.9,9972.48,10.88,0.198571429
Coriander,2009,Whole Year ,CHHATTISGARH,3146.0,858,956.9,490209.72,534.82,0.227222222
Cotton(lint),2009,Whole Year ,CHHATTISGARH,18.0,0,956.9,2804.76,3.06,0.0
Dry chillies,2009,Whole Year ,CHHATTISGARH,6084.0,4251,956.9,948008.88,1034.28,0.645
Garlic,2009,Whole Year ,CHHATTISGARH,990.0,2519,956.9,154261.8,168.3,2.681428571
Ginger,2009,Whole Year ,CHHATTISGARH,1780.0,1780,956.9,277359.6,302.6,0.828
Gram,2009,Rabi       ,CHHATTISGARH,263937.0,230187,956.9,41126663.34,44869.29,0.864117647
Groundnut,2009,Kharif     ,CHHATTISGARH,30615.0,45057,956.9,4770429.3,5204.55,1.33125
Horse-gram,2009,Kharif     ,CHHATTISGARH,48893.0,13571,956.9,7618507.26,8311.81,0.281764706
Horse-gram,2009,Rabi       ,CHHATTISGARH,2169.0,564,956.9,337973.58,368.73,0.248181818
Jowar,2009,Kharif     ,CHHATTISGARH,5647.0,6868,956.9,879915.54,959.99,1.280555556
Jute,2009,Kharif     ,CHHATTISGARH,228.0,0,956.9,35526.96,38.76,0.0
Khesari,2009,Rabi       ,CHHATTISGARH,327479.0,193190,956.9,51027777.78,55671.43,0.569333333
Linseed,2009,Rabi       ,CHHATTISGARH,44808.0,13001,956.9,6981982.56,7617.36,0.316875
Maize,2009,Kharif     ,CHHATTISGARH,101721.0,145368,956.9,15850166.22,17292.57,1.412777778
Masoor,2009,Rabi       ,CHHATTISGARH,15654.0,4797,956.9,2439206.28,2661.18,0.310666667
Mesta,2009,Kharif     ,CHHATTISGARH,1260.0,2172,956.9,196333.2,214.2,2.001875
Moong(Green Gram),2009,Kharif     ,CHHATTISGARH,9429.0,2343,956.9,1469226.78,1602.93,0.241111111
Moong(Green Gram),2009,Rabi       ,CHHATTISGARH,7089.0,1597,956.9,1104607.98,1205.13,0.204
Niger seed,2009,Kharif     ,CHHATTISGARH,68032.0,10904,956.9,10600746.24,11565.44,0.146
Onion,2009,Whole Year ,CHHATTISGARH,5013.0,22924,956.9,781125.66,852.21,4.292666667
Other  Rabi pulses,2009,Rabi       ,CHHATTISGARH,1877.0,252,956.9,292474.14,319.09,0.464444444
Other Kharif pulses,2009,Kharif     ,CHHATTISGARH,6959.0,1596,956.9,1084351.38,1183.03,0.225294118
Peas & beans (Pulses),2009,Rabi       ,CHHATTISGARH,14765.0,5062,956.9,2300682.3,2510.05,0.311764706
Potato,2009,Whole Year ,CHHATTISGARH,12076.0,45830,956.9,1881682.32,2052.92,4.504666667
Ragi,2009,Kharif     ,CHHATTISGARH,8889.0,2202,956.9,1385083.98,1511.13,0.2075
Rapeseed &Mustard,2009,Rabi       ,CHHATTISGARH,52390.0,21675,956.9,8163409.8,8906.3,0.420555556
Rice,2009,Kharif     ,CHHATTISGARH,3837610.0,4347316,956.9,597976390.2,652393.7,1.106666667
Safflower,2009,Rabi       ,CHHATTISGARH,847.0,241,956.9,131979.54,143.99,0.27375
Sannhamp,2009,Whole Year ,CHHATTISGARH,1532.0,487,956.9,238716.24,260.44,0.275294118
Sesamum,2009,Kharif     ,CHHATTISGARH,19601.0,8647,956.9,3054227.82,3332.17,0.457777778
Small millets,2009,Kharif     ,CHHATTISGARH,171071.0,29998,956.9,26656283.22,29082.07,0.181111111
Soyabean,2009,Kharif     ,CHHATTISGARH,83734.0,77837,956.9,13047431.88,14234.78,0.937692308
Sugarcane,2009,Whole Year ,CHHATTISGARH,6788.0,35356,956.9,1057706.16,1153.96,3.389375
Sunflower,2009,Kharif     ,CHHATTISGARH,4523.0,589,956.9,704773.86,768.91,0.305384615
Sweet potato,2009,Whole Year ,CHHATTISGARH,2793.0,15042,956.9,435205.26,474.81,5.366470588
Tobacco,2009,Whole Year ,CHHATTISGARH,22.0,11,956.9,3428.04,3.74,0.39
Turmeric,2009,Whole Year ,CHHATTISGARH,906.0,766,956.9,141172.92,154.02,0.757333333
Urad,2009,Kharif     ,CHHATTISGARH,102703.0,28064,956.9,16003181.46,17459.51,0.28
Urad,2009,Rabi       ,CHHATTISGARH,4512.0,1135,956.9,703059.84,767.04,0.242307692
Wheat,2009,Rabi       ,CHHATTISGARH,109163.0,118923,956.9,17009778.66,18557.71,1.301764706
Arhar/Tur,2009,Kharif     ,HIMACHAL PRADESH,12.0,3,969.9,1869.84,2.04,0.4
Bajra,2009,Kharif     ,HIMACHAL PRADESH,213.0,106,969.9,33189.66,36.21,0.584
Barley,2009,Rabi       ,HIMACHAL PRADESH,21017.0,16176,969.9,3274868.94,3572.89,0.784545455
Coriander,2009,Rabi       ,HIMACHAL PRADESH,120.0,66,969.9,18698.4,20.4,0.608
Cotton(lint),2009,Kharif     ,HIMACHAL PRADESH,8.0,2,969.9,1246.56,1.36,0.335
Dry chillies,2009,Kharif     ,HIMACHAL PRADESH,603.0,318,969.9,93959.46,102.51,0.545
Garlic,2009,Rabi       ,HIMACHAL PRADESH,4860.0,8491,969.9,757285.2,826.2,1.673
Ginger,2009,Kharif     ,HIMACHAL PRADESH,2488.0,11618,969.9,387680.16,422.96,3.883
Gram,2009,Rabi       ,HIMACHAL PRADESH,604.0,308,969.9,94115.28,102.68,0.397777778
Groundnut,2009,Kharif     ,HIMACHAL PRADESH,195.0,129,969.9,30384.9,33.15,0.6625
Horse-gram,2009,Kharif     ,HIMACHAL PRADESH,2005.0,599,969.9,312419.1,340.85,0.306
Linseed,2009,Rabi       ,HIMACHAL PRADESH,1415.0,355,969.9,220485.3,240.55,0.255
Maize,2009,Kharif     ,HIMACHAL PRADESH,290199.0,530224,969.9,45218808.18,49333.83,2.08
Masoor,2009,Rabi       ,HIMACHAL PRADESH,704.0,274,969.9,109697.28,119.68,0.664444444
Moong(Green Gram),2009,Kharif     ,HIMACHAL PRADESH,225.0,104,969.9,35059.5,38.25,0.367142857
Onion,2009,Rabi       ,HIMACHAL PRADESH,918.0,5392,969.9,143042.76,156.06,5.744
Other Kharif pulses,2009,Kharif     ,HIMACHAL PRADESH,6982.0,3708,969.9,1087935.24,1186.94,0.515714286
Peas & beans (Pulses),2009,Kharif     ,HIMACHAL PRADESH,817.0,748,969.9,127304.94,138.89,0.97
Peas & beans (Pulses),2009,Rabi       ,HIMACHAL PRADESH,8250.0,10245,969.9,1285515.0,1402.5,1.333636364
Potato,2009,Kharif     ,HIMACHAL PRADESH,6436.0,64758,969.9,1002857.52,1094.12,11.582
Potato,2009,Rabi       ,HIMACHAL PRADESH,3406.0,23611,969.9,530722.92,579.02,4.67
Ragi,2009,Kharif     ,HIMACHAL PRADESH,2208.0,2104,969.9,344050.56,375.36,0.778571429
Rapeseed &Mustard,2009,Rabi       ,HIMACHAL PRADESH,8586.0,2329,969.9,1337870.52,1459.62,0.340909091
Rice,2009,Kharif     ,HIMACHAL PRADESH,76186.0,105787,969.9,11871302.52,12951.62,1.484545455
Sesamum,2009,Kharif     ,HIMACHAL PRADESH,2773.0,233,969.9,432088.86,471.41,0.084444444
Small millets,2009,Kharif     ,HIMACHAL PRADESH,4937.0,1771,969.9,769283.34,839.29,0.367142857
Soyabean,2009,Kharif     ,HIMACHAL PRADESH,550.0,430,969.9,85701.0,93.5,0.774285714
Sugarcane,2009,Whole Year ,HIMACHAL PRADESH,2124.0,44306,969.9,330961.68,361.08,16.11857143
Turmeric,2009,Kharif     ,HIMACHAL PRADESH,194.0,110,969.9,30229.08,32.98,0.5625
Urad,2009,Kharif     ,HIMACHAL PRADESH,10007.0,1982,969.9,1559290.74,1701.19,0.284545455
Wheat,2009,Rabi       ,HIMACHAL PRADESH,350440.0,324174,969.9,54605560.8,59574.8,0.933333333
Arhar/Tur,2009,Kharif     ,PUNJAB,4600.0,4400,371.3,716772.0,782.0,0.988571429
Bajra,2009,Kharif     ,PUNJAB,3000.0,4000,371.3,467460.0,510.0,1.333333333
Barley,2009,Rabi       ,PUNJAB,14000.0,47000,371.3,2181480.0,2380.0,3.40625
Cotton(lint),2009,Kharif     ,PUNJAB,511000.0,2006000,371.3,79624020.0,86870.0,4.052727273
Gram,2009,Rabi       ,PUNJAB,3000.0,3400,371.3,467460.0,510.0,1.155555556
Groundnut,2009,Kharif     ,PUNJAB,2500.0,3100,371.3,389550.0,425.0,1.3075
Guar seed,2009,Kharif     ,PUNJAB,21800.0,16800,371.3,3396876.0,3706.0,0.911666667
Jowar,2009,Kharif     ,PUNJAB,100.0,100,371.3,15582.0,17.0,1.0
Maize,2009,Kharif     ,PUNJAB,139000.0,475000,371.3,21658980.0,23630.0,3.489166667
Masoor,2009,Rabi       ,PUNJAB,1100.0,700,371.3,171402.0,187.0,0.734
Moong(Green Gram),2009,Kharif     ,PUNJAB,7000.0,6400,371.3,1090740.0,1190.0,0.941818182
Peas & beans (Pulses),2009,Rabi       ,PUNJAB,1600.0,1800,371.3,249312.0,272.0,1.071428571
Rapeseed &Mustard,2009,Rabi       ,PUNJAB,30000.0,39000,371.3,4674600.0,5100.0,1.266666667
Rice,2009,Kharif     ,PUNJAB,2802000.0,11236000,371.3,436607640.0,476340.0,3.9775
Sesamum,2009,Kharif     ,PUNJAB,7000.0,2600,371.3,1090740.0,1190.0,0.27
Sugarcane,2009,Whole Year ,PUNJAB,60000.0,370000,371.3,9349200.0,10200.0,6.396923077
Urad,2009,Kharif     ,PUNJAB,2800.0,1400,371.3,436296.0,476.0,0.49
Wheat,2009,Rabi       ,PUNJAB,3522000.0,15169000,371.3,548798040.0,598740.0,4.3205
Arhar/Tur,2009,Kharif     ,UTTARAKHAND,1931.0,1320,847.8,300888.42,328.27,0.629166667
Bajra,2009,Kharif     ,UTTARAKHAND,1.0,1,847.8,155.82,0.17,1.0
Barley,2009,Rabi       ,UTTARAKHAND,22206.0,24831,847.8,3460138.92,3775.02,1.226153846
Garlic,2009,Whole Year ,UTTARAKHAND,2835.0,20716,847.8,441749.7,481.95,5.318181818
Gram,2009,Rabi       ,UTTARAKHAND,528.0,381,847.8,82272.96,89.76,0.665
Groundnut,2009,Kharif     ,UTTARAKHAND,1369.0,1901,847.8,213317.58,232.73,0.964
Horse-gram,2009,Kharif     ,UTTARAKHAND,9538.0,5909,847.8,1486211.16,1621.46,0.650909091
Maize,2009,Kharif     ,UTTARAKHAND,26103.0,36088,847.8,4067369.46,4437.51,1.236153846
Maize,2009,Rabi       ,UTTARAKHAND,63.0,103,847.8,9816.66,10.71,1.6
Masoor,2009,Rabi       ,UTTARAKHAND,10792.0,6222,847.8,1681609.44,1834.64,0.620769231
Moong(Green Gram),2009,Kharif     ,UTTARAKHAND,8.0,6,847.8,1246.56,1.36,0.855
Moong(Green Gram),2009,Rabi       ,UTTARAKHAND,8.0,6,847.8,1246.56,1.36,0.855
Moth,2009,Kharif     ,UTTARAKHAND,18.0,7,847.8,2804.76,3.06,0.39
Onion,2009,Whole Year ,UTTARAKHAND,2158.0,9211,847.8,336259.56,366.86,4.625833333
Other  Rabi pulses,2009,Rabi       ,UTTARAKHAND,164.0,121,847.8,25554.48,27.88,0.69125
Other Cereals,2009,Kharif     ,UTTARAKHAND,3767.0,1460,847.8,586973.94,640.39,0.435
Other Cereals,2009,Rabi       ,UTTARAKHAND,298.0,288,847.8,46434.36,50.66,0.983333333
Other Kharif pulses,2009,Kharif     ,UTTARAKHAND,11255.0,9662,847.8,1753754.1,1913.35,0.849166667
Peas & beans (Pulses),2009,Rabi       ,UTTARAKHAND,5504.0,5502,847.8,857633.28,935.68,0.650769231
Potato,2009,Kharif     ,UTTARAKHAND,10187.0,104530,847.8,1587338.34,1731.79,9.59
Potato,2009,Rabi       ,UTTARAKHAND,5873.0,70526,847.8,915130.86,998.41,10.60615385
Ragi,2009,Kharif     ,UTTARAKHAND,116162.0,142978,847.8,18100362.84,19747.54,1.333636364
Rapeseed &Mustard,2009,Rabi       ,UTTARAKHAND,13160.0,11013,847.8,2050591.2,2237.2,0.624615385
Rice,2009,Kharif     ,UTTARAKHAND,270608.0,551716,847.8,42166138.56,46003.36,1.613846154
Rice,2009,Rabi       ,UTTARAKHAND,13775.0,39300,847.8,2146420.5,2341.75,2.85
Sesamum,2009,Kharif     ,UTTARAKHAND,1959.0,400,847.8,305251.38,333.03,0.195384615
Small millets,2009,Kharif     ,UTTARAKHAND,63911.0,64574,847.8,9958612.02,10864.87,1.135454545
Soyabean,2009,Kharif     ,UTTARAKHAND,8270.0,13660,847.8,1288631.4,1405.9,1.19
Sugarcane,2009,Whole Year ,UTTARAKHAND,99988.0,6088488,847.8,15580130.16,16997.96,61.34
Sunflower,2009,Kharif     ,UTTARAKHAND,5.0,6,847.8,779.1,0.85,1.2
Tobacco,2009,Whole Year ,UTTARAKHAND,11.0,7,847.8,1714.02,1.87,0.64
Turmeric,2009,Whole Year ,UTTARAKHAND,155.0,149,847.8,24152.1,26.35,0.971666667
Urad,2009,Kharif     ,UTTARAKHAND,10731.0,7705,847.8,1672104.42,1824.27,0.661538462
Urad,2009,Rabi       ,UTTARAKHAND,207.0,113,847.8,32254.74,35.19,0.55
Wheat,2009,Rabi       ,UTTARAKHAND,372846.0,829319,847.8,58096863.72,63383.82,1.674615385
other oilseeds,2009,Kharif     ,UTTARAKHAND,598.0,438,847.8,93180.36,101.66,0.781111111
other oilseeds,2009,Rabi       ,UTTARAKHAND,860.0,273,847.8,134005.2,146.2,0.55
Arhar/Tur,2009,Rabi       ,JHARKHAND,18644.0,30146,996.1,2905108.08,3169.48,1.295652174
Arhar/Tur,2009,Winter     ,JHARKHAND,441.0,764,996.1,68716.62,74.97,68.23
Gram,2009,Rabi       ,JHARKHAND,15127.0,11080,996.1,2357089.14,2571.59,0.828333333
Maize,2009,Autumn     ,JHARKHAND,60448.0,54087,996.1,9419007.36,10276.16,0.947916667
Masoor,2009,Rabi       ,JHARKHAND,5904.0,6544,996.1,919961.28,1003.68,0.950625
Onion,2009,Rabi       ,JHARKHAND,2948.0,12878,996.1,459357.36,501.16,4.763809524
Potato,2009,Rabi       ,JHARKHAND,18429.0,128117,996.1,2871606.78,3132.93,6.558333333
Potato,2009,Winter     ,JHARKHAND,19997.0,134624,996.1,3115932.54,3399.49,6.710434783
Ragi,2009,Autumn     ,JHARKHAND,27726.0,20392,996.1,4320265.32,4713.42,0.564
Rapeseed &Mustard,2009,Rabi       ,JHARKHAND,10364.0,7644,996.1,1614918.48,1761.88,0.892083333
Rice,2009,Autumn     ,JHARKHAND,157262.0,87970,996.1,24504564.84,26734.54,0.515217391
Rice,2009,Winter     ,JHARKHAND,825787.0,504508,996.1,128674130.3,140383.79,0.58625
Sugarcane,2009,Whole Year ,JHARKHAND,894.0,38926,996.1,139303.08,151.98,41.7825
Wheat,2009,Rabi       ,JHARKHAND,52510.0,61618,996.1,8182108.2,8926.7,1.314166667
Arhar/Tur,2010,Kharif     ,BIHAR,25503.0,39439,629.2,4236303.33,6120.72,1.487894737
Bajra,2010,Kharif     ,BIHAR,4851.0,5424,629.2,805799.61,1164.24,0.995
Barley,2010,Rabi       ,BIHAR,11822.0,15686,629.2,1963752.42,2837.28,1.252580645
Castor seed,2010,Kharif     ,BIHAR,173.0,166,629.2,28737.03,41.52,0.98
Gram,2010,Rabi       ,BIHAR,56895.0,59384,629.2,9450828.45,13654.8,0.956666667
Groundnut,2010,Kharif     ,BIHAR,362.0,371,629.2,60131.82,86.88,1.015714286
Horse-gram,2010,Kharif     ,BIHAR,9870.0,9318,629.2,1639505.7,2368.8,0.938888889
Jowar,2010,Kharif     ,BIHAR,3082.0,3266,629.2,511951.02,739.68,1.034444444
Jute,2010,Kharif     ,BIHAR,127686.0,1164594,629.2,21209921.46,30644.64,9.54
Khesari,2010,Rabi       ,BIHAR,74372.0,73175,629.2,12353932.92,17849.28,0.897297297
Linseed,2010,Rabi       ,BIHAR,23012.0,18823,629.2,3822523.32,5522.88,0.820540541
Maize,2010,Autumn     ,BIHAR,234466.0,468518,629.2,38947147.26,56271.84,1.910789474
Maize,2010,Rabi       ,BIHAR,237723.0,922285,629.2,39488167.53,57053.52,3.635882353
Maize,2010,Summer     ,BIHAR,181513.0,717393,629.2,30151124.43,43563.12,3.725135135
Masoor,2010,Rabi       ,BIHAR,172692.0,162224,629.2,28685868.12,41446.08,0.843947368
Mesta,2010,Kharif     ,BIHAR,17165.0,144822,629.2,2851278.15,4119.6,10.24086957
Moong(Green Gram),2010,Kharif     ,BIHAR,9298.0,6080,629.2,1544490.78,2231.52,0.66375
Moong(Green Gram),2010,Summer     ,BIHAR,150720.0,81259,629.2,25036099.2,36172.8,0.656571429
Other  Rabi pulses,2010,Rabi       ,BIHAR,2174.0,1615,629.2,361123.14,521.76,0.753
Other Kharif pulses,2010,Kharif     ,BIHAR,2454.0,1717,629.2,407633.94,588.96,0.734
Peas & beans (Pulses),2010,Rabi       ,BIHAR,19150.0,19822,629.2,3181006.5,4596.0,1.032894737
Ragi,2010,Kharif     ,BIHAR,9014.0,8853,629.2,1497315.54,2163.36,1.07
Rapeseed &Mustard,2010,Rabi       ,BIHAR,86378.0,95817,629.2,14348249.58,20730.72,1.101842105
Rice,2010,Autumn     ,BIHAR,495218.0,444042,629.2,82260661.98,118852.32,0.919642857
Rice,2010,Summer     ,BIHAR,84465.0,163031,629.2,14030481.15,20271.6,1.827916667
Rice,2010,Winter     ,BIHAR,2265685.0,2505545,629.2,376352935.3,543764.4,0.979210526
Safflower,2010,Kharif     ,BIHAR,70.0,56,629.2,11627.7,16.8,0.795
Sesamum,2010,Kharif     ,BIHAR,2558.0,2015,629.2,424909.38,613.92,0.7825
Small millets,2010,Kharif     ,BIHAR,5303.0,4080,629.2,880881.33,1272.72,0.799444444
Sugarcane,2010,Whole Year ,BIHAR,250672.0,11827664,629.2,41639125.92,60161.28,53.23921053
Sunflower,2010,Rabi       ,BIHAR,17424.0,24986,629.2,2894300.64,4181.76,1.419565217
Tobacco,2010,Whole Year ,BIHAR,9377.0,16719,629.2,1557613.47,2250.48,1.802727273
Urad,2010,Kharif     ,BIHAR,15167.0,13225,629.2,2519390.37,3640.08,0.8775
Wheat,2010,Rabi       ,BIHAR,2100181.0,5094030,629.2,348861065.9,504043.44,2.282631579
Arhar/Tur,2010,Kharif     ,CHHATTISGARH,54465.0,23901,1283.1,9047181.15,13071.6,0.432777778
Bajra,2010,Kharif     ,CHHATTISGARH,76.0,37,1283.1,12624.36,18.24,0.546666667
Bajra,2010,Whole Year ,CHHATTISGARH,545.0,18786,1283.1,90529.95,130.8,37.56
Barley,2010,Rabi       ,CHHATTISGARH,2253.0,1196,1283.1,374245.83,540.72,0.581428571
Castor seed,2010,Kharif     ,CHHATTISGARH,223.0,77,1283.1,37042.53,53.52,0.32
Coriander,2010,Whole Year ,CHHATTISGARH,3342.0,1014,1283.1,555139.62,802.08,0.278235294
Cotton(lint),2010,Kharif     ,CHHATTISGARH,12.0,20,1283.1,1993.32,2.88,1.655
Dry chillies,2010,Whole Year ,CHHATTISGARH,6625.0,3218,1283.1,1100478.75,1590.0,0.465555556
Garlic,2010,Whole Year ,CHHATTISGARH,1083.0,2564,1283.1,179897.13,259.92,2.667333333
Ginger,2010,Whole Year ,CHHATTISGARH,1880.0,2500,1283.1,312286.8,451.2,1.181764706
Gram,2010,Rabi       ,CHHATTISGARH,250496.0,239609,1283.1,41609890.56,60119.04,0.959411765
Groundnut,2010,Kharif     ,CHHATTISGARH,29584.0,37349,1283.1,4914198.24,7100.16,1.33875
Horse-gram,2010,Kharif     ,CHHATTISGARH,48782.0,13995,1283.1,8103178.02,11707.68,0.306470588
Horse-gram,2010,Rabi       ,CHHATTISGARH,2109.0,562,1283.1,350325.99,506.16,0.256363636
Jowar,2010,Kharif     ,CHHATTISGARH,5720.0,8193,1283.1,950149.2,1372.8,1.511764706
Jute,2010,Kharif     ,CHHATTISGARH,542.0,0,1283.1,90031.62,130.08,0.0
Khesari,2010,Rabi       ,CHHATTISGARH,359198.0,223624,1283.1,59666379.78,86207.52,0.625
Linseed,2010,Rabi       ,CHHATTISGARH,37599.0,9769,1283.1,6245569.89,9023.76,0.255
Maize,2010,Kharif     ,CHHATTISGARH,104861.0,190489,1283.1,17418460.71,25166.64,1.733888889
Masoor,2010,Rabi       ,CHHATTISGARH,16094.0,5025,1283.1,2673374.34,3862.56,0.308666667
Mesta,2010,Kharif     ,CHHATTISGARH,1218.0,2314,1283.1,202321.98,292.32,2.254
Moong(Green Gram),2010,Kharif     ,CHHATTISGARH,9155.0,2648,1283.1,1520737.05,2197.2,0.242777778
Moong(Green Gram),2010,Rabi       ,CHHATTISGARH,7116.0,1607,1283.1,1182038.76,1707.84,0.235333333
Niger seed,2010,Kharif     ,CHHATTISGARH,69408.0,12024,1283.1,11529362.88,16657.92,0.186
Onion,2010,Whole Year ,CHHATTISGARH,4984.0,26101,1283.1,827892.24,1196.16,5.32625
Other  Rabi pulses,2010,Rabi       ,CHHATTISGARH,2495.0,437,1283.1,414444.45,598.8,0.172352941
Other Kharif pulses,2010,Kharif     ,CHHATTISGARH,6685.0,1700,1283.1,1110445.35,1604.4,0.243529412
Peas & beans (Pulses),2010,Rabi       ,CHHATTISGARH,14177.0,4795,1283.1,2354941.47,3402.48,0.344375
Potato,2010,Whole Year ,CHHATTISGARH,11893.0,53440,1283.1,1975546.23,2854.32,5.708235294
Ragi,2010,Kharif     ,CHHATTISGARH,8063.0,2243,1283.1,1339344.93,1935.12,0.280909091
Rapeseed &Mustard,2010,Rabi       ,CHHATTISGARH,50248.0,20765,1283.1,8346695.28,12059.52,0.393333333
Rice,2010,Kharif     ,CHHATTISGARH,3937796.0,6637737,1283.1,654107293.6,945071.04,1.702222222
Safflower,2010,Rabi       ,CHHATTISGARH,802.0,239,1283.1,133220.22,192.48,0.287142857
Sannhamp,2010,Whole Year ,CHHATTISGARH,1285.0,303,1283.1,213451.35,308.4,0.251666667
Sesamum,2010,Kharif     ,CHHATTISGARH,20505.0,6878,1283.1,3406085.55,4921.2,0.352222222
Small millets,2010,Kharif     ,CHHATTISGARH,158948.0,33299,1283.1,26402852.28,38147.52,0.213888889
Soyabean,2010,Kharif     ,CHHATTISGARH,95758.0,112391,1283.1,15906361.38,22981.92,1.113076923
Sugarcane,2010,Whole Year ,CHHATTISGARH,7540.0,18456,1283.1,1252469.4,1809.6,2.692777778
Sunflower,2010,Kharif     ,CHHATTISGARH,4056.0,1326,1283.1,673742.16,973.44,0.498461538
Sweet potato,2010,Whole Year ,CHHATTISGARH,2784.0,14038,1283.1,462450.24,668.16,5.319411765
Tobacco,2010,Whole Year ,CHHATTISGARH,23.0,12,1283.1,3820.53,5.52,0.4
Turmeric,2010,Whole Year ,CHHATTISGARH,978.0,875,1283.1,162455.58,234.72,1.044375
Urad,2010,Kharif     ,CHHATTISGARH,102808.0,29551,1283.1,17077436.88,24673.92,0.291111111
Urad,2010,Rabi       ,CHHATTISGARH,4298.0,1097,1283.1,713940.78,1031.52,0.233076923
Wheat,2010,Rabi       ,CHHATTISGARH,103701.0,121745,1283.1,17225773.11,24888.24,1.395882353
Arhar/Tur,2010,Kharif     ,HIMACHAL PRADESH,9.0,3,1319.8,1494.99,2.16,0.43
Bajra,2010,Kharif     ,HIMACHAL PRADESH,201.0,107,1319.8,33388.11,48.24,0.46
Barley,2010,Rabi       ,HIMACHAL PRADESH,21233.0,25065,1319.8,3527013.63,5095.92,1.195454545
Coriander,2010,Rabi       ,HIMACHAL PRADESH,141.0,73,1319.8,23421.51,33.84,0.531
Cotton(lint),2010,Kharif     ,HIMACHAL PRADESH,8.0,13,1319.8,1328.88,1.92,1.355
Garlic,2010,Kharif     ,HIMACHAL PRADESH,3.0,4,1319.8,498.33,0.72,1.33
Garlic,2010,Rabi       ,HIMACHAL PRADESH,5024.0,7516,1319.8,834536.64,1205.76,1.41
Gram,2010,Rabi       ,HIMACHAL PRADESH,617.0,563,1319.8,102489.87,148.08,0.734444444
Groundnut,2010,Kharif     ,HIMACHAL PRADESH,62.0,46,1319.8,10298.82,14.88,0.6425
Horse-gram,2010,Kharif     ,HIMACHAL PRADESH,1805.0,1012,1319.8,299828.55,433.2,0.554
Linseed,2010,Rabi       ,HIMACHAL PRADESH,955.0,258,1319.8,158635.05,229.2,0.275
Maize,2010,Kharif     ,HIMACHAL PRADESH,281664.0,641530,1319.8,46787207.04,67599.36,2.593333333
Masoor,2010,Rabi       ,HIMACHAL PRADESH,550.0,343,1319.8,91360.5,132.0,0.491111111
Moong(Green Gram),2010,Kharif     ,HIMACHAL PRADESH,433.0,202,1319.8,71925.63,103.92,0.505714286
Moth,2010,Kharif     ,HIMACHAL PRADESH,16.0,4,1319.8,2657.76,3.84,0.166666667
Other Kharif pulses,2010,Kharif     ,HIMACHAL PRADESH,1838.0,527,1319.8,305310.18,441.12,0.35
Peas & beans (Pulses),2010,Kharif     ,HIMACHAL PRADESH,1250.0,1629,1319.8,207637.5,300.0,1.310909091
Peas & beans (Pulses),2010,Rabi       ,HIMACHAL PRADESH,11713.0,22866,1319.8,1945646.43,2811.12,2.026363636
Potato,2010,Kharif     ,HIMACHAL PRADESH,6411.0,64000,1319.8,1064931.21,1538.64,10.688
Potato,2010,Rabi       ,HIMACHAL PRADESH,3423.0,23328,1319.8,568594.53,821.52,4.835
Ragi,2010,Kharif     ,HIMACHAL PRADESH,2141.0,2082,1319.8,355641.51,513.84,0.767142857
Rapeseed &Mustard,2010,Rabi       ,HIMACHAL PRADESH,8564.0,4260,1319.8,1422566.04,2055.36,0.559090909
Rice,2010,Kharif     ,HIMACHAL PRADESH,75426.0,110238,1319.8,12529012.86,18102.24,1.561818182
Sesamum,2010,Kharif     ,HIMACHAL PRADESH,2890.0,917,1319.8,480057.9,693.6,0.318888889
Small millets,2010,Kharif     ,HIMACHAL PRADESH,5371.0,3113,1319.8,892176.81,1289.04,0.591428571
Soyabean,2010,Kharif     ,HIMACHAL PRADESH,545.0,792,1319.8,90529.95,130.8,1.444285714
Sugarcane,2010,Whole Year ,HIMACHAL PRADESH,1628.0,37107,1319.8,270427.08,390.72,17.22
Urad,2010,Kharif     ,HIMACHAL PRADESH,9616.0,4358,1319.8,1597313.76,2307.84,0.575454545
Wheat,2010,Rabi       ,HIMACHAL PRADESH,346936.0,534707,1319.8,57629538.96,83264.64,1.539166667
Arhar/Tur,2010,Kharif     ,PUNJAB,4200.0,3900,392.7,697662.0,1008.0,0.949
Bajra,2010,Kharif     ,PUNJAB,3000.0,3000,392.7,498330.0,720.0,1.0
Barley,2010,Rabi       ,PUNJAB,12000.0,44000,392.7,1993320.0,2880.0,3.64625
Cotton(lint),2010,Kharif     ,PUNJAB,483000.0,1822000,392.7,80231130.0,115920.0,3.643636364
Gram,2010,Rabi       ,PUNJAB,2100.0,2700,392.7,348831.0,504.0,1.21125
Groundnut,2010,Kharif     ,PUNJAB,2200.0,3900,392.7,365442.0,528.0,1.283333333
Guar seed,2010,Kharif     ,PUNJAB,18200.0,16800,392.7,3023202.0,4368.0,0.924
Maize,2010,Kharif     ,PUNJAB,133000.0,491000,392.7,22092630.0,31920.0,3.710909091
Masoor,2010,Rabi       ,PUNJAB,1100.0,739,392.7,182721.0,264.0,0.686666667
Moong(Green Gram),2010,Kharif     ,PUNJAB,7800.0,6300,392.7,1295658.0,1872.0,0.861666667
Peas & beans (Pulses),2010,Rabi       ,PUNJAB,3200.0,4100,392.7,531552.0,768.0,1.226666667
Rapeseed &Mustard,2010,Rabi       ,PUNJAB,31000.0,41000,392.7,5149410.0,7440.0,1.242941176
Rice,2010,Kharif     ,PUNJAB,2831000.0,10837000,392.7,470257410.0,679440.0,3.834
Sesamum,2010,Kharif     ,PUNJAB,5700.0,2300,392.7,946827.0,1368.0,0.42
Urad,2010,Kharif     ,PUNJAB,2800.0,1600,392.7,465108.0,672.0,0.734
Wheat,2010,Rabi       ,PUNJAB,3510000.0,16472000,392.7,583046100.0,842400.0,4.6485
Arhar/Tur,2010,Kharif     ,TAMIL NADU,35751.0,23669,1095.2,5938598.61,8580.24,0.688928571
Castor seed,2010,Kharif     ,TAMIL NADU,5972.0,1711,1095.2,992008.92,1433.28,0.5676
Cotton(lint),2010,Kharif     ,TAMIL NADU,120765.0,247930,1095.2,20060274.15,28983.6,2.360344828
Gram,2010,Rabi       ,TAMIL NADU,7296.0,4936,1095.2,1211938.56,1751.04,0.538181818
Groundnut,2010,Kharif     ,TAMIL NADU,385509.0,895638,1095.2,64036899.99,92522.16,2.338387097
Horse-gram,2010,Kharif     ,TAMIL NADU,47320.0,21729,1095.2,7860325.2,11356.8,0.444615385
Maize,2010,Kharif     ,TAMIL NADU,230489.0,1027536,1095.2,38286527.79,55317.36,4.527857143
Moong(Green Gram),2010,Kharif     ,TAMIL NADU,171666.0,57683,1095.2,28515439.26,41199.84,0.465666667
Ragi,2010,Kharif     ,TAMIL NADU,75650.0,171096,1095.2,12566221.5,18156.0,2.283461538
Rice,2010,Kharif     ,TAMIL NADU,1905726.0,5792415,1095.2,316560145.9,457374.24,3.597419355
Sesamum,2010,Whole Year ,TAMIL NADU,48189.0,25387,1095.2,8004674.79,11565.36,0.499310345
Sugarcane,2010,Whole Year ,TAMIL NADU,315961.0,34251796,1095.2,52484281.71,75830.64,107.4126667
Sunflower,2010,Kharif     ,TAMIL NADU,8718.0,10036,1095.2,1448146.98,2092.32,1.258518519
Urad,2010,Kharif     ,TAMIL NADU,304432.0,123011,1095.2,50569199.52,73063.68,0.484666667
Arhar/Tur,2010,Kharif     ,UTTARAKHAND,1963.0,1343,1419.0,326073.93,471.12,0.691818182
Barley,2010,Rabi       ,UTTARAKHAND,22032.0,27673,1419.0,3659735.52,5287.68,1.436923077
Garlic,2010,Whole Year ,UTTARAKHAND,3000.0,19767,1419.0,498330.0,720.0,4.863333333
Gram,2010,Rabi       ,UTTARAKHAND,728.0,568,1419.0,120928.08,174.72,0.67
Groundnut,2010,Kharif     ,UTTARAKHAND,1330.0,1449,1419.0,220926.3,319.2,1.112
Horse-gram,2010,Kharif     ,UTTARAKHAND,9690.0,8179,1419.0,1609605.9,2325.6,0.854545455
Maize,2010,Kharif     ,UTTARAKHAND,26193.0,40494,1419.0,4350919.23,6286.32,1.386153846
Maize,2010,Rabi       ,UTTARAKHAND,64.0,130,1419.0,10631.04,15.36,1.896666667
Masoor,2010,Rabi       ,UTTARAKHAND,11027.0,8236,1419.0,1831694.97,2646.48,0.732307692
Moong(Green Gram),2010,Kharif     ,UTTARAKHAND,102.0,54,1419.0,16943.22,24.48,0.515
Moong(Green Gram),2010,Rabi       ,UTTARAKHAND,16.0,9,1419.0,2657.76,3.84,0.605
Moth,2010,Kharif     ,UTTARAKHAND,22.0,9,1419.0,3654.42,5.28,0.405
Onion,2010,Whole Year ,UTTARAKHAND,2230.0,11814,1419.0,370425.3,535.2,5.695833333
Other  Rabi pulses,2010,Rabi       ,UTTARAKHAND,33.0,19,1419.0,5481.63,7.92,0.638333333
Other Cereals,2010,Kharif     ,UTTARAKHAND,69860.0,81040,1419.0,11604444.6,16766.4,1.115454545
Other Cereals,2010,Rabi       ,UTTARAKHAND,317.0,370,1419.0,52656.87,76.08,1.094285714
Other Kharif pulses,2010,Kharif     ,UTTARAKHAND,13019.0,12300,1419.0,2162586.09,3124.56,0.893636364
Peas & beans (Pulses),2010,Rabi       ,UTTARAKHAND,6636.0,6785,1419.0,1102305.96,1592.64,0.711538462
Potato,2010,Kharif     ,UTTARAKHAND,7578.0,72287,1419.0,1258781.58,1818.72,8.47
Potato,2010,Rabi       ,UTTARAKHAND,4793.0,60822,1419.0,796165.23,1150.32,12.43307692
Ragi,2010,Kharif     ,UTTARAKHAND,119207.0,159286,1419.0,19801474.77,28609.68,1.428181818
Rapeseed &Mustard,2010,Rabi       ,UTTARAKHAND,12663.0,10288,1419.0,2103450.93,3039.12,0.660769231
Rice,2010,Kharif     ,UTTARAKHAND,270416.0,495083,1419.0,44918801.76,64899.84,1.540769231
Rice,2010,Rabi       ,UTTARAKHAND,15277.0,50503,1419.0,2537662.47,3666.48,2.25
Sesamum,2010,Kharif     ,UTTARAKHAND,1887.0,409,1419.0,313449.57,452.88,0.210769231
Soyabean,2010,Kharif     ,UTTARAKHAND,8135.0,13174,1419.0,1351304.85,1952.4,1.146363636
Sugarcane,2010,Whole Year ,UTTARAKHAND,102402.0,6235474,1419.0,17009996.22,24576.48,61.34
Tobacco,2010,Whole Year ,UTTARAKHAND,8.0,23,1419.0,1328.88,1.92,2.89
Turmeric,2010,Whole Year ,UTTARAKHAND,191.0,370,1419.0,31727.01,45.84,2.015714286
Urad,2010,Kharif     ,UTTARAKHAND,10475.0,8392,1419.0,1740002.25,2514.0,0.697692308
Urad,2010,Rabi       ,UTTARAKHAND,176.0,100,1419.0,29235.36,42.24,0.546666667
Wheat,2010,Rabi       ,UTTARAKHAND,371225.0,882920,1419.0,61664184.75,89094.0,1.863846154
other oilseeds,2010,Kharif     ,UTTARAKHAND,431.0,266,1419.0,71593.41,103.44,0.57625
other oilseeds,2010,Rabi       ,UTTARAKHAND,784.0,484,1419.0,130230.24,188.16,0.75625
Arhar/Tur,2010,Rabi       ,JHARKHAND,18225.0,22685,694.6,3027354.75,4374.0,1.330833333
Gram,2010,Rabi       ,JHARKHAND,15453.0,10278,694.6,2566897.83,3708.72,0.642083333
Masoor,2010,Rabi       ,JHARKHAND,1576.0,1244,694.6,261789.36,378.24,0.702
Onion,2010,Rabi       ,JHARKHAND,3026.0,17427,694.6,502648.86,726.24,6.59
Potato,2010,Rabi       ,JHARKHAND,18078.0,104669,694.6,3002936.58,4338.72,5.753333333
Rapeseed &Mustard,2010,Rabi       ,JHARKHAND,10475.0,7812,694.6,1740002.25,2514.0,0.74125
Wheat,2010,Rabi       ,JHARKHAND,49596.0,54110,694.6,8238391.56,11903.04,1.091666667
Arhar/Tur,2011,Kharif     ,BIHAR,22123.0,42059,1097.1,3706044.96,7300.59,1.869736842
Bajra,2011,Kharif     ,BIHAR,4457.0,5014,1097.1,746636.64,1470.81,1.095
Barley,2011,Rabi       ,BIHAR,10823.0,16690,1097.1,1813068.96,3571.59,1.438125
Castor seed,2011,Kharif     ,BIHAR,102.0,98,1097.1,17087.04,33.66,0.986666667
Gram,2011,Rabi       ,BIHAR,59336.0,76818,1097.1,9939966.72,19580.88,1.197647059
Groundnut,2011,Kharif     ,BIHAR,812.0,829,1097.1,136026.24,267.96,1.0075
Horse-gram,2011,Kharif     ,BIHAR,8641.0,8226,1097.1,1447540.32,2851.53,0.954761905
Jowar,2011,Kharif     ,BIHAR,2016.0,2147,1097.1,337720.32,665.28,1.045714286
Jute,2011,Kharif     ,BIHAR,129070.0,1490696,1097.1,21621806.4,42593.1,12.275
Khesari,2011,Rabi       ,BIHAR,72755.0,92066,1097.1,12187917.6,24009.15,1.067297297
Linseed,2011,Rabi       ,BIHAR,23434.0,20272,1097.1,3925663.68,7733.22,0.872894737
Maize,2011,Autumn     ,BIHAR,263936.0,622416,1097.1,44214558.72,87098.88,2.402432432
Maize,2011,Rabi       ,BIHAR,239586.0,1098173,1097.1,40135446.72,79063.38,4.221764706
Maize,2011,Summer     ,BIHAR,193311.0,836474,1097.1,32383458.72,63792.63,4.129166667
Masoor,2011,Rabi       ,BIHAR,168490.0,171605,1097.1,28225444.8,55601.7,0.997105263
Mesta,2011,Kharif     ,BIHAR,20060.0,248116,1097.1,3360451.2,6619.8,12.03882353
Moong(Green Gram),2011,Kharif     ,BIHAR,7736.0,4700,1097.1,1295934.72,2552.88,0.6259375
Moong(Green Gram),2011,Summer     ,BIHAR,150217.0,90101,1097.1,25164351.84,49571.61,0.683888889
Other  Rabi pulses,2011,Rabi       ,BIHAR,1736.0,1927,1097.1,290814.72,572.88,1.104705882
Other Kharif pulses,2011,Kharif     ,BIHAR,3859.0,3014,1097.1,646459.68,1273.47,0.792
Peas & beans (Pulses),2011,Rabi       ,BIHAR,18655.0,19232,1097.1,3125085.6,6156.15,1.027631579
Ragi,2011,Kharif     ,BIHAR,7736.0,9391,1097.1,1295934.72,2552.88,1.374615385
Rapeseed &Mustard,2011,Rabi       ,BIHAR,90326.0,127926,1097.1,15131411.52,29807.58,1.254736842
Rice,2011,Autumn     ,BIHAR,570397.0,914228,1097.1,95552905.44,188231.01,1.546774194
Rice,2011,Summer     ,BIHAR,96160.0,182628,1097.1,16108723.2,31732.8,1.736190476
Rice,2011,Winter     ,BIHAR,2684379.0,7141115,1097.1,449687170.1,885845.07,2.491578947
Safflower,2011,Kharif     ,BIHAR,282.0,227,1097.1,47240.64,93.06,0.868571429
Sesamum,2011,Kharif     ,BIHAR,2555.0,2247,1097.1,428013.6,843.15,0.892758621
Small millets,2011,Kharif     ,BIHAR,5799.0,4414,1097.1,971448.48,1913.67,0.778571429
Sunflower,2011,Rabi       ,BIHAR,15914.0,22871,1097.1,2665913.28,5251.62,1.416153846
Tobacco,2011,Whole Year ,BIHAR,9942.0,18741,1097.1,1665483.84,3280.86,1.892727273
Urad,2011,Kharif     ,BIHAR,13704.0,11867,1097.1,2295694.08,4522.32,0.899666667
Wheat,2011,Rabi       ,BIHAR,2141892.0,6530955,1097.1,358809747.8,706824.36,3.028684211
Arhar/Tur,2011,Kharif     ,CHHATTISGARH,52856.0,23679,1302.7,8854437.12,17442.48,0.435555556
Bajra,2011,Kharif     ,CHHATTISGARH,62.0,29,1302.7,10386.24,20.46,0.618
Bajra,2011,Whole Year ,CHHATTISGARH,876.0,30348,1302.7,146747.52,289.08,34.86791667
Barley,2011,Rabi       ,CHHATTISGARH,2865.0,2183,1302.7,479944.8,945.45,0.837272727
Castor seed,2011,Kharif     ,CHHATTISGARH,49.0,16,1302.7,8208.48,16.17,0.34
Coconut ,2011,Whole Year ,CHHATTISGARH,73.0,0,1302.7,12228.96,24.09,0.0
Coriander,2011,Whole Year ,CHHATTISGARH,3465.0,1000,1302.7,580456.8,1143.45,0.277692308
Cotton(lint),2011,Kharif     ,CHHATTISGARH,85.0,120,1302.7,14239.2,28.05,1.06
Dry chillies,2011,Whole Year ,CHHATTISGARH,6223.0,5719,1302.7,1042476.96,2053.59,0.895185185
Garlic,2011,Whole Year ,CHHATTISGARH,1204.0,3549,1302.7,201694.08,397.32,2.836666667
Ginger,2011,Whole Year ,CHHATTISGARH,2050.0,2439,1302.7,343416.0,676.5,1.254736842
Gram,2011,Rabi       ,CHHATTISGARH,260208.0,260728,1302.7,43590044.16,85868.64,0.961538462
Groundnut,2011,Kharif     ,CHHATTISGARH,28677.0,37854,1302.7,4803971.04,9463.41,1.29
Horse-gram,2011,Kharif     ,CHHATTISGARH,46924.0,13721,1302.7,7860708.48,15484.92,0.312272727
Horse-gram,2011,Rabi       ,CHHATTISGARH,1777.0,699,1302.7,297683.04,586.41,0.334615385
Jowar,2011,Kharif     ,CHHATTISGARH,5329.0,4093,1302.7,892714.08,1758.57,0.797391304
Jute,2011,Kharif     ,CHHATTISGARH,249.0,0,1302.7,41712.48,82.17,0.0
Khesari,2011,Rabi       ,CHHATTISGARH,347612.0,206829,1302.7,58231962.24,114711.96,0.568095238
Linseed,2011,Rabi       ,CHHATTISGARH,35241.0,13683,1302.7,5903572.32,11629.53,0.3975
Maize,2011,Kharif     ,CHHATTISGARH,107435.0,177805,1302.7,17997511.2,35453.55,1.542592593
Masoor,2011,Rabi       ,CHHATTISGARH,16650.0,5479,1302.7,2789208.0,5494.5,0.334545455
Mesta,2011,Kharif     ,CHHATTISGARH,1215.0,2445,1302.7,203536.8,400.95,1.934210526
Moong(Green Gram),2011,Kharif     ,CHHATTISGARH,8652.0,2306,1302.7,1449383.04,2855.16,0.256296296
Moong(Green Gram),2011,Rabi       ,CHHATTISGARH,6698.0,1579,1302.7,1122048.96,2210.34,0.282727273
Moong(Green Gram),2011,Summer     ,CHHATTISGARH,1.0,0,1302.7,167.52,0.33,0.0
Niger seed,2011,Kharif     ,CHHATTISGARH,66516.0,11389,1302.7,11142760.32,21950.28,0.176842105
Onion,2011,Whole Year ,CHHATTISGARH,5284.0,27352,1302.7,885175.68,1743.72,4.764782609
Other  Rabi pulses,2011,Rabi       ,CHHATTISGARH,3143.0,480,1302.7,526515.36,1037.19,0.229166667
Other Kharif pulses,2011,Kharif     ,CHHATTISGARH,7012.0,1740,1302.7,1174650.24,2313.96,0.2436
Peas & beans (Pulses),2011,Rabi       ,CHHATTISGARH,14463.0,5014,1302.7,2422841.76,4772.79,0.340833333
Potato,2011,Kharif     ,CHHATTISGARH,1847.0,9913,1302.7,309409.44,609.51,6.5875
Potato,2011,Rabi       ,CHHATTISGARH,10371.0,55661,1302.7,1737349.92,3422.43,6.285833333
Ragi,2011,Kharif     ,CHHATTISGARH,8144.0,2053,1302.7,1364282.88,2687.52,0.50625
Rapeseed &Mustard,2011,Rabi       ,CHHATTISGARH,49166.0,21830,1302.7,8236288.32,16224.78,0.471111111
Rice,2011,Kharif     ,CHHATTISGARH,3939826.0,6300825,1302.7,659999651.5,1300142.58,1.527777778
Safflower,2011,Rabi       ,CHHATTISGARH,477.0,134,1302.7,79907.04,157.41,0.271666667
Sannhamp,2011,Whole Year ,CHHATTISGARH,1398.0,2869,1302.7,234192.96,461.34,2.016086957
Sesamum,2011,Kharif     ,CHHATTISGARH,19734.0,7579,1302.7,3305839.68,6512.22,0.395925926
Small millets,2011,Kharif     ,CHHATTISGARH,151178.0,30940,1302.7,25325338.56,49888.74,0.203703704
Soyabean,2011,Kharif     ,CHHATTISGARH,103220.0,84641,1302.7,17291414.4,34062.6,0.848181818
Sugarcane,2011,Whole Year ,CHHATTISGARH,8163.0,45441,1302.7,1367465.76,2693.79,7.9008
Sunflower,2011,Kharif     ,CHHATTISGARH,3489.0,1305,1302.7,584477.28,1151.37,0.509
Sweet potato,2011,Whole Year ,CHHATTISGARH,2933.0,14958,1302.7,491336.16,967.89,5.196666667
Tobacco,2011,Whole Year ,CHHATTISGARH,21.0,9,1302.7,3517.92,6.93,0.45
Turmeric,2011,Whole Year ,CHHATTISGARH,1047.0,989,1302.7,175393.44,345.51,1.063333333
Urad,2011,Kharif     ,CHHATTISGARH,98154.0,29066,1302.7,16442758.08,32390.82,0.295925926
Urad,2011,Rabi       ,CHHATTISGARH,3820.0,1005,1302.7,639926.4,1260.6,0.257894737
Wheat,2011,Rabi       ,CHHATTISGARH,104825.0,135121,1302.7,17560284.0,34592.25,1.512
Arhar/Tur,2011,Kharif     ,HIMACHAL PRADESH,12.0,4,1108.3,2010.24,3.96,0.433333333
Bajra,2011,Kharif     ,HIMACHAL PRADESH,223.0,122,1108.3,37356.96,73.59,0.49
Barley,2011,Rabi       ,HIMACHAL PRADESH,21123.0,30050,1108.3,3538524.96,6970.59,1.520909091
Coriander,2011,Rabi       ,HIMACHAL PRADESH,129.0,42,1108.3,21610.08,42.57,0.33875
Cotton(lint),2011,Kharif     ,HIMACHAL PRADESH,19.0,43,1108.3,3182.88,6.27,2.21
Dry chillies,2011,Kharif     ,HIMACHAL PRADESH,620.0,177,1108.3,103862.4,204.6,0.272222222
Garlic,2011,Rabi       ,HIMACHAL PRADESH,4110.0,5799,1108.3,688507.2,1356.3,1.1925
Ginger,2011,Kharif     ,HIMACHAL PRADESH,2103.0,3736,1108.3,352294.56,693.99,1.825
Gram,2011,Rabi       ,HIMACHAL PRADESH,612.0,614,1108.3,102522.24,201.96,0.664444444
Groundnut,2011,Kharif     ,HIMACHAL PRADESH,114.0,106,1108.3,19097.28,37.62,0.88
Horse-gram,2011,Kharif     ,HIMACHAL PRADESH,2066.0,1030,1108.3,346096.32,681.78,0.523
Linseed,2011,Rabi       ,HIMACHAL PRADESH,1040.0,309,1108.3,174220.8,343.2,0.27
Maize,2011,Kharif     ,HIMACHAL PRADESH,290241.0,612701,1108.3,48621172.32,95779.53,2.435
Masoor,2011,Rabi       ,HIMACHAL PRADESH,598.0,550,1108.3,100176.96,197.34,0.852222222
Moong(Green Gram),2011,Kharif     ,HIMACHAL PRADESH,256.0,129,1108.3,42885.12,84.48,0.478571429
Moth,2011,Kharif     ,HIMACHAL PRADESH,16.0,4,1108.3,2680.32,5.28,0.166666667
Onion,2011,Rabi       ,HIMACHAL PRADESH,724.0,6262,1108.3,121284.48,238.92,9.198
Other Kharif pulses,2011,Kharif     ,HIMACHAL PRADESH,1827.0,524,1108.3,306059.04,602.91,0.353333333
Peas & beans (Pulses),2011,Kharif     ,HIMACHAL PRADESH,1295.0,1705,1108.3,216938.4,427.35,1.331666667
Peas & beans (Pulses),2011,Rabi       ,HIMACHAL PRADESH,1019.0,1685,1108.3,170702.88,336.27,1.396363636
Potato,2011,Kharif     ,HIMACHAL PRADESH,6423.0,63593,1108.3,1075980.96,2119.59,11.144
Potato,2011,Rabi       ,HIMACHAL PRADESH,3431.0,23799,1108.3,574761.12,1132.23,4.865
Ragi,2011,Kharif     ,HIMACHAL PRADESH,2179.0,2446,1108.3,365026.08,719.07,0.892857143
Rapeseed &Mustard,2011,Rabi       ,HIMACHAL PRADESH,9106.0,5110,1108.3,1525437.12,3004.98,0.970909091
Rice,2011,Kharif     ,HIMACHAL PRADESH,75043.0,108648,1108.3,12571203.36,24764.19,1.545454545
Sesamum,2011,Kharif     ,HIMACHAL PRADESH,2876.0,910,1108.3,481787.52,949.08,0.317777778
Small millets,2011,Kharif     ,HIMACHAL PRADESH,5342.0,3226,1108.3,894891.84,1762.86,0.748571429
Soyabean,2011,Kharif     ,HIMACHAL PRADESH,543.0,969,1108.3,90963.36,179.19,1.502857143
Sugarcane,2011,Whole Year ,HIMACHAL PRADESH,1967.0,27771,1108.3,329511.84,649.11,10.67857143
Turmeric,2011,Kharif     ,HIMACHAL PRADESH,197.0,98,1108.3,33001.44,65.01,0.52
Urad,2011,Kharif     ,HIMACHAL PRADESH,9664.0,6150,1108.3,1618913.28,3189.12,0.690909091
Wheat,2011,Rabi       ,HIMACHAL PRADESH,345182.0,506782,1108.3,57824888.64,113910.06,1.423333333
Arhar/Tur,2011,Kharif     ,PUNJAB,3100.0,2700,705.2,519312.0,1023.0,0.923
Bajra,2011,Kharif     ,PUNJAB,3000.0,3000,705.2,502560.0,990.0,1.0
Barley,2011,Rabi       ,PUNJAB,12000.0,47000,705.2,2010240.0,3960.0,3.875
Cotton(lint),2011,Kharif     ,PUNJAB,515000.0,1621000,705.2,86272800.0,169950.0,3.010909091
Gram,2011,Rabi       ,PUNJAB,1800.0,2200,705.2,301536.0,594.0,1.1625
Groundnut,2011,Kharif     ,PUNJAB,1700.0,2900,705.2,284784.0,561.0,1.375
Guar seed,2011,Kharif     ,PUNJAB,10200.0,8500,705.2,1708704.0,3366.0,0.833333333
Maize,2011,Kharif     ,PUNJAB,126000.0,502000,705.2,21107520.0,41580.0,4.359090909
Masoor,2011,Rabi       ,PUNJAB,1000.0,720,705.2,167520.0,330.0,0.715
Moong(Green Gram),2011,Kharif     ,PUNJAB,6600.0,5600,705.2,1105632.0,2178.0,0.894545455
Peas & beans (Pulses),2011,Rabi       ,PUNJAB,2800.0,3500,705.2,469056.0,924.0,1.16
Rapeseed &Mustard,2011,Rabi       ,PUNJAB,29000.0,37000,705.2,4858080.0,9570.0,1.280714286
Rice,2011,Kharif     ,PUNJAB,2818000.0,10542000,705.2,472071360.0,929940.0,3.7495
Sesamum,2011,Kharif     ,PUNJAB,4800.0,1600,705.2,804096.0,1584.0,0.39
Sugarcane,2011,Whole Year ,PUNJAB,80000.0,5653000,705.2,13401600.0,26400.0,71.17333333
Urad,2011,Kharif     ,PUNJAB,2800.0,1100,705.2,469056.0,924.0,0.4875
Wheat,2011,Rabi       ,PUNJAB,3528000.0,17982000,705.2,591010560.0,1164240.0,5.0675
Arhar/Tur,2011,Kharif     ,UTTARAKHAND,2574.0,1740,1564.7,431196.48,849.42,0.636666667
Barley,2011,Rabi       ,UTTARAKHAND,20712.0,26160,1564.7,3469674.24,6834.96,1.410769231
Garlic,2011,Whole Year ,UTTARAKHAND,3039.0,24472,1564.7,509093.28,1002.87,6.487826087
Gram,2011,Rabi       ,UTTARAKHAND,720.0,574,1564.7,120614.4,237.6,0.692727273
Groundnut,2011,Kharif     ,UTTARAKHAND,1214.0,1538,1564.7,203369.28,400.62,1.251666667
Horse-gram,2011,Kharif     ,UTTARAKHAND,10016.0,8120,1564.7,1677880.32,3305.28,0.848181818
Maize,2011,Kharif     ,UTTARAKHAND,25472.0,38284,1564.7,4267069.44,8405.76,1.37
Maize,2011,Summer     ,UTTARAKHAND,47.0,94,1564.7,7873.44,15.51,1.873333333
Masoor,2011,Rabi       ,UTTARAKHAND,10978.0,9045,1564.7,1839034.56,3622.74,0.744615385
Moong(Green Gram),2011,Summer     ,UTTARAKHAND,3.0,2,1564.7,502.56,0.99,0.67
Moth,2011,Kharif     ,UTTARAKHAND,2.0,2,1564.7,335.04,0.66,1.0
Onion,2011,Whole Year ,UTTARAKHAND,2149.0,11529,1564.7,360000.48,709.17,5.808461538
Other  Rabi pulses,2011,Rabi       ,UTTARAKHAND,23.0,14,1564.7,3852.96,7.59,0.615
Other Cereals,2011,Rabi       ,UTTARAKHAND,477.0,412,1564.7,79907.04,157.41,0.848571429
Other Kharif pulses,2011,Kharif     ,UTTARAKHAND,10189.0,8848,1564.7,1706861.28,3362.37,0.806363636
Peas & beans (Pulses),2011,Rabi       ,UTTARAKHAND,6396.0,6576,1564.7,1071457.92,2110.68,0.71
Potato,2011,Kharif     ,UTTARAKHAND,7623.0,78490,1564.7,1277004.96,2515.59,9.606363636
Potato,2011,Rabi       ,UTTARAKHAND,4642.0,55998,1564.7,777627.84,1531.86,11.08923077
Ragi,2011,Kharif     ,UTTARAKHAND,114511.0,160034,1564.7,19182882.72,37788.63,1.467272727
Rapeseed &Mustard,2011,Rabi       ,UTTARAKHAND,12391.0,9733,1564.7,2075740.32,4089.03,0.653076923
Rice,2011,Kharif     ,UTTARAKHAND,261319.0,544497,1564.7,43776158.88,86235.27,1.684615385
Rice,2011,Summer     ,UTTARAKHAND,13680.0,45267,1564.7,2291673.6,4514.4,3.31
Sesamum,2011,Kharif     ,UTTARAKHAND,1745.0,400,1564.7,292322.4,575.85,0.226153846
Small millets,2011,Kharif     ,UTTARAKHAND,63943.0,79864,1564.7,10711731.36,21101.19,1.202727273
Soyabean,2011,Kharif     ,UTTARAKHAND,9041.0,14414,1564.7,1514548.32,2983.53,1.133636364
Sugarcane,2011,Whole Year ,UTTARAKHAND,104210.0,6348078,1564.7,17457259.2,34389.3,61.1
Sunflower,2011,Kharif     ,UTTARAKHAND,24.0,10,1564.7,4020.48,7.92,0.38
Tobacco,2011,Whole Year ,UTTARAKHAND,6.0,9,1564.7,1005.12,1.98,1.39
Turmeric,2011,Whole Year ,UTTARAKHAND,1292.0,11037,1564.7,216435.84,426.36,8.801
Urad,2011,Kharif     ,UTTARAKHAND,11013.0,8941,1564.7,1844897.76,3634.29,0.696153846
Urad,2011,Summer     ,UTTARAKHAND,77.0,19,1564.7,12899.04,25.41,0.25
Wheat,2011,Rabi       ,UTTARAKHAND,355549.0,864836,1564.7,59561568.48,117331.17,1.873076923
other oilseeds,2011,Rabi       ,UTTARAKHAND,780.0,890,1564.7,130665.6,257.4,1.0675
Arhar/Tur,2011,Rabi       ,JHARKHAND,18053.0,29165,1374.7,3024238.56,5957.49,1.61173913
Gram,2011,Rabi       ,JHARKHAND,14034.0,13022,1374.7,2350975.68,4631.22,1.000833333
Maize,2011,Autumn     ,JHARKHAND,65931.0,92140,1374.7,11044761.12,21757.23,1.34625
Masoor,2011,Rabi       ,JHARKHAND,5097.0,5038,1374.7,853849.44,1682.01,1.0125
Onion,2011,Rabi       ,JHARKHAND,3184.0,20676,1374.7,533383.68,1050.72,6.4995
Potato,2011,Rabi       ,JHARKHAND,16213.0,119875,1374.7,2716001.76,5350.29,7.81625
Potato,2011,Winter     ,JHARKHAND,21703.0,186886,1374.7,3635686.56,7161.99,7.600909091
Ragi,2011,Autumn     ,JHARKHAND,21550.0,20401,1374.7,3610056.0,7111.5,0.813157895
Rapeseed &Mustard,2011,Rabi       ,JHARKHAND,7486.0,6484,1374.7,1254054.72,2470.38,0.851666667
Rice,2011,Autumn     ,JHARKHAND,150654.0,126012,1374.7,25237558.08,49715.82,0.79173913
Rice,2011,Winter     ,JHARKHAND,832047.0,1250312,1374.7,139384513.4,274575.51,1.554166667
Sugarcane,2011,Whole Year ,JHARKHAND,766.0,27049,1374.7,128320.32,252.78,33.58888889
Wheat,2011,Rabi       ,JHARKHAND,47933.0,73657,1374.7,8029736.16,15817.89,1.486666667
Arhar/Tur,2012,Kharif     ,BIHAR,22106.0,47119,924.1,3333584.8,6852.86,1.926216216
Bajra,2012,Kharif     ,BIHAR,4244.0,4838,924.1,639995.2,1315.64,1.141428571
Barley,2012,Rabi       ,BIHAR,10433.0,15231,924.1,1573296.4,3234.23,1.464666667
Castor seed,2012,Kharif     ,BIHAR,100.0,96,924.1,15080.0,31.0,0.986666667
Gram,2012,Rabi       ,BIHAR,61473.0,86186,924.1,9270128.4,19056.63,1.6196875
Groundnut,2012,Kharif     ,BIHAR,762.0,779,924.1,114909.6,236.22,1.01125
Horse-gram,2012,Kharif     ,BIHAR,8006.0,7752,924.1,1207304.8,2481.86,0.97375
Jowar,2012,Kharif     ,BIHAR,2631.0,2819,924.1,396754.8,815.61,1.084285714
Jute,2012,Kharif     ,BIHAR,123047.0,1490518,924.1,18555487.6,38144.57,13.43888889
Khesari,2012,Rabi       ,BIHAR,71199.0,83797,924.1,10736809.2,22071.69,1.079428571
Linseed,2012,Rabi       ,BIHAR,21969.0,19046,924.1,3312925.2,6810.39,0.868285714
Maize,2012,Autumn     ,BIHAR,261039.0,926315,924.1,39364681.2,80922.09,3.673513514
Maize,2012,Rabi       ,BIHAR,242336.0,791005,924.1,36544268.8,75124.16,3.189714286
Maize,2012,Summer     ,BIHAR,189961.0,1038634,924.1,28646118.8,58887.91,5.096756757
Masoor,2012,Rabi       ,BIHAR,159714.0,183235,924.1,24084871.2,49511.34,1.033157895
Mesta,2012,Kharif     ,BIHAR,17612.0,40948,924.1,2655889.6,5459.72,2.432941176
Moong(Green Gram),2012,Kharif     ,BIHAR,8835.0,7179,924.1,1332318.0,2738.85,0.695294118
Moong(Green Gram),2012,Summer     ,BIHAR,147623.0,92127,924.1,22261548.4,45763.13,0.681891892
Other  Rabi pulses,2012,Rabi       ,BIHAR,1388.0,1528,924.1,209310.4,430.28,1.093076923
Other Kharif pulses,2012,Kharif     ,BIHAR,2982.0,2416,924.1,449685.6,924.42,0.862
Peas & beans (Pulses),2012,Rabi       ,BIHAR,18496.0,19254,924.1,2789196.8,5733.76,1.037894737
Ragi,2012,Kharif     ,BIHAR,7935.0,9371,924.1,1196598.0,2459.85,1.301785714
Rapeseed &Mustard,2012,Rabi       ,BIHAR,86823.0,138518,924.1,13092908.4,26915.13,1.306486486
Rice,2012,Autumn     ,BIHAR,540424.0,960007,924.1,81495939.2,167531.44,1.743793103
Rice,2012,Summer     ,BIHAR,105117.0,285835,924.1,15851643.6,32586.27,2.396086957
Rice,2012,Winter     ,BIHAR,2653346.0,7076168,924.1,400124576.8,822537.26,2.567894737
Safflower,2012,Rabi       ,BIHAR,104.0,84,924.1,15683.2,32.24,0.933333333
Sannhamp,2012,Kharif     ,BIHAR,1231.0,990,924.1,185634.8,381.61,0.806875
Sesamum,2012,Kharif     ,BIHAR,2208.0,1948,924.1,332966.4,684.48,0.906071429
Small millets,2012,Kharif     ,BIHAR,2886.0,2209,924.1,435208.8,894.66,0.76875
Sugarcane,2012,Whole Year ,BIHAR,250344.0,12741415,924.1,37751875.2,77606.64,59.25057143
Sunflower,2012,Rabi       ,BIHAR,15764.0,22235,924.1,2377211.2,4886.84,1.449565217
Tobacco,2012,Whole Year ,BIHAR,10913.0,20626,924.1,1645680.4,3383.03,1.896363636
Urad,2012,Kharif     ,BIHAR,14057.0,12149,924.1,2119795.6,4357.67,0.903666667
Wheat,2012,Rabi       ,BIHAR,2207704.0,6174260,924.1,332921763.2,684388.24,2.749210526
Arhar/Tur,2012,Kharif     ,CHHATTISGARH,51851.0,31007,1366.8,7819130.8,16073.81,0.568888889
Bajra,2012,Kharif     ,CHHATTISGARH,373.0,158,1366.8,56248.4,115.63,0.606666667
Bajra,2012,Whole Year ,CHHATTISGARH,962.0,13320,1366.8,145069.6,298.22,13.29291667
Barley,2012,Rabi       ,CHHATTISGARH,2811.0,1332,1366.8,423898.8,871.41,0.62
Castor seed,2012,Kharif     ,CHHATTISGARH,90.0,30,1366.8,13572.0,27.9,0.376
Coconut ,2012,Whole Year ,CHHATTISGARH,100.0,0,1366.8,15080.0,31.0,0.0
Coriander,2012,Whole Year ,CHHATTISGARH,2959.0,841,1366.8,446217.2,917.29,0.280740741
Cotton(lint),2012,Kharif     ,CHHATTISGARH,131.0,138,1366.8,19754.8,40.61,1.154
Dry chillies,2012,Whole Year ,CHHATTISGARH,6486.0,6552,1366.8,978088.8,2010.66,1.008518519
Garlic,2012,Whole Year ,CHHATTISGARH,1175.0,3141,1366.8,177190.0,364.25,2.834444444
Ginger,2012,Whole Year ,CHHATTISGARH,1905.0,2282,1366.8,287274.0,590.55,1.198421053
Gram,2012,Rabi       ,CHHATTISGARH,267890.0,304859,1366.8,40397812.0,83045.9,1.114615385
Groundnut,2012,Kharif     ,CHHATTISGARH,29397.0,40504,1366.8,4433067.6,9113.07,1.467826087
Horse-gram,2012,Kharif     ,CHHATTISGARH,46068.0,14340,1366.8,6947054.4,14281.08,0.3325
Horse-gram,2012,Rabi       ,CHHATTISGARH,1509.0,425,1366.8,227557.2,467.79,0.300833333
Jowar,2012,Kharif     ,CHHATTISGARH,6235.0,4458,1366.8,940238.0,1932.85,0.7128
Jute,2012,Kharif     ,CHHATTISGARH,189.0,0,1366.8,28501.2,58.59,0.0
Khesari,2012,Rabi       ,CHHATTISGARH,331839.0,159868,1366.8,50041321.2,102870.09,0.466818182
Linseed,2012,Rabi       ,CHHATTISGARH,32250.0,13416,1366.8,4863300.0,9997.5,0.442083333
Maize,2012,Kharif     ,CHHATTISGARH,116839.0,225109,1366.8,17619321.2,36220.09,1.844814815
Masoor,2012,Rabi       ,CHHATTISGARH,15864.0,5147,1366.8,2392291.2,4917.84,0.329565217
Mesta,2012,Kharif     ,CHHATTISGARH,1222.0,2273,1366.8,184277.6,378.82,2.078421053
Moong(Green Gram),2012,Kharif     ,CHHATTISGARH,8540.0,2652,1366.8,1287832.0,2647.4,0.287037037
Moong(Green Gram),2012,Rabi       ,CHHATTISGARH,6946.0,1585,1366.8,1047456.8,2153.26,0.264761905
Niger seed,2012,Kharif     ,CHHATTISGARH,66184.0,11736,1366.8,9980547.2,20517.04,0.184210526
Onion,2012,Whole Year ,CHHATTISGARH,5428.0,18613,1366.8,818542.4,1682.68,3.120416667
Other  Rabi pulses,2012,Rabi       ,CHHATTISGARH,2467.0,394,1366.8,372023.6,764.77,0.1988
Other Kharif pulses,2012,Kharif     ,CHHATTISGARH,12660.0,1789,1366.8,1909128.0,3924.6,0.26
Peas & beans (Pulses),2012,Rabi       ,CHHATTISGARH,13666.0,5131,1366.8,2060832.8,4236.46,0.3496
Potato,2012,Kharif     ,CHHATTISGARH,1615.0,11121,1366.8,243542.0,500.65,6.890909091
Potato,2012,Rabi       ,CHHATTISGARH,10549.0,72640,1366.8,1590789.2,3270.19,7.416521739
Ragi,2012,Kharif     ,CHHATTISGARH,8305.0,2344,1366.8,1252394.0,2574.55,0.270625
Rapeseed &Mustard,2012,Rabi       ,CHHATTISGARH,47043.0,23851,1366.8,7094084.4,14583.33,0.495555556
Rice,2012,Kharif     ,CHHATTISGARH,3982172.0,7848401,1366.8,600511537.6,1234473.32,1.91962963
Safflower,2012,Rabi       ,CHHATTISGARH,681.0,195,1366.8,102694.8,211.11,0.284615385
Sannhamp,2012,Whole Year ,CHHATTISGARH,1239.0,420,1366.8,186841.2,384.09,0.314782609
Sesamum,2012,Kharif     ,CHHATTISGARH,19663.0,5722,1366.8,2965180.4,6095.53,0.29
Small millets,2012,Kharif     ,CHHATTISGARH,137382.0,31034,1366.8,20717205.6,42588.42,0.257777778
Soyabean,2012,Kharif     ,CHHATTISGARH,101457.0,126111,1366.8,15299715.6,31451.67,1.294761905
Sugarcane,2012,Whole Year ,CHHATTISGARH,9227.0,25800,1366.8,1391431.6,2860.37,3.100434783
Sunflower,2012,Kharif     ,CHHATTISGARH,3182.0,1111,1366.8,479845.6,986.42,0.452105263
Sweet potato,2012,Whole Year ,CHHATTISGARH,2661.0,14888,1366.8,401278.8,824.91,5.426296296
Tobacco,2012,Whole Year ,CHHATTISGARH,18.0,8,1366.8,2714.4,5.58,1.2075
Turmeric,2012,Whole Year ,CHHATTISGARH,1046.0,945,1366.8,157736.8,324.26,1.022173913
Urad,2012,Kharif     ,CHHATTISGARH,95277.0,30509,1366.8,14367771.6,29535.87,0.34
Urad,2012,Rabi       ,CHHATTISGARH,3385.0,850,1366.8,510458.0,1049.35,0.285
Wheat,2012,Rabi       ,CHHATTISGARH,102230.0,143226,1366.8,15416284.0,31691.3,1.6104
Arhar/Tur,2012,Kharif     ,HIMACHAL PRADESH,21.0,7,1035.0,3166.8,6.51,0.31
Bajra,2012,Kharif     ,HIMACHAL PRADESH,2435.0,1236,1035.0,367198.0,754.85,0.50375
Barley,2012,Rabi       ,HIMACHAL PRADESH,20802.0,35916,1035.0,3136941.6,6448.62,1.756363636
Coriander,2012,Rabi       ,HIMACHAL PRADESH,144.0,46,1035.0,21715.2,44.64,0.318
Cotton(lint),2012,Kharif     ,HIMACHAL PRADESH,2.0,1,1035.0,301.6,0.62,0.25
Dry chillies,2012,Kharif     ,HIMACHAL PRADESH,630.0,205,1035.0,95004.0,195.3,0.322
Garlic,2012,Rabi       ,HIMACHAL PRADESH,4298.0,6026,1035.0,648138.4,1332.38,1.256666667
Ginger,2012,Kharif     ,HIMACHAL PRADESH,2406.0,16872,1035.0,362824.8,745.86,7.345555556
Gram,2012,Rabi       ,HIMACHAL PRADESH,450.0,422,1035.0,67860.0,139.5,0.95
Groundnut,2012,Kharif     ,HIMACHAL PRADESH,22.0,19,1035.0,3317.6,6.82,0.8875
Horse-gram,2012,Kharif     ,HIMACHAL PRADESH,1910.0,744,1035.0,288028.0,592.1,0.622
Linseed,2012,Rabi       ,HIMACHAL PRADESH,932.0,344,1035.0,140545.6,288.92,0.365
Maize,2012,Kharif     ,HIMACHAL PRADESH,275973.0,605082,1035.0,41616728.4,85551.63,2.4975
Masoor,2012,Rabi       ,HIMACHAL PRADESH,608.0,432,1035.0,91686.4,188.48,0.845555556
Moong(Green Gram),2012,Kharif     ,HIMACHAL PRADESH,282.0,133,1035.0,42525.6,87.42,0.405714286
Moth,2012,Kharif     ,HIMACHAL PRADESH,14.0,4,1035.0,2111.2,4.34,0.193333333
Onion,2012,Rabi       ,HIMACHAL PRADESH,748.0,6967,1035.0,112798.4,231.88,9.482
Other Kharif pulses,2012,Kharif     ,HIMACHAL PRADESH,4930.0,4522,1035.0,743444.0,1528.3,0.941666667
Peas & beans (Pulses),2012,Kharif     ,HIMACHAL PRADESH,1381.0,1785,1035.0,208254.8,428.11,1.318333333
Peas & beans (Pulses),2012,Rabi       ,HIMACHAL PRADESH,2477.0,4783,1035.0,373531.6,767.87,1.574545455
Potato,2012,Kharif     ,HIMACHAL PRADESH,6404.0,65510,1035.0,965723.2,1985.24,10.782
Potato,2012,Rabi       ,HIMACHAL PRADESH,3415.0,23797,1035.0,514982.0,1058.65,4.953
Ragi,2012,Kharif     ,HIMACHAL PRADESH,2338.0,2450,1035.0,352570.4,724.78,0.847142857
Rapeseed &Mustard,2012,Rabi       ,HIMACHAL PRADESH,8945.0,3969,1035.0,1348906.0,2772.95,0.46
Rice,2012,Kharif     ,HIMACHAL PRADESH,75380.0,111252,1035.0,11367304.0,23367.8,1.577272727
Sesamum,2012,Kharif     ,HIMACHAL PRADESH,2632.0,929,1035.0,396905.6,815.92,0.461111111
Small millets,2012,Kharif     ,HIMACHAL PRADESH,5095.0,3432,1035.0,768326.0,1579.45,0.702857143
Soyabean,2012,Kharif     ,HIMACHAL PRADESH,617.0,834,1035.0,93043.6,191.27,1.494285714
Sugarcane,2012,Whole Year ,HIMACHAL PRADESH,1836.0,38063,1035.0,276868.8,569.16,16.37571429
Tobacco,2012,Kharif     ,HIMACHAL PRADESH,1.0,2,1035.0,150.8,0.31,1.1
Turmeric,2012,Kharif     ,HIMACHAL PRADESH,283.0,158,1035.0,42676.4,87.73,0.515
Urad,2012,Kharif     ,HIMACHAL PRADESH,9519.0,3841,1035.0,1435465.2,2950.89,0.527272727
Wheat,2012,Rabi       ,HIMACHAL PRADESH,350121.0,656543,1035.0,52798246.8,108537.51,1.894166667
Arhar/Tur,2012,Kharif     ,PUNJAB,2400.0,2900,338.9,361920.0,744.0,1.583636364
Bajra,2012,Kharif     ,PUNJAB,3000.0,3000,338.9,452400.0,930.0,1.0
Barley,2012,Rabi       ,PUNJAB,13000.0,47000,338.9,1960400.0,4030.0,3.5
Cotton(lint),2012,Kharif     ,PUNJAB,481000.0,1627000,338.9,72534800.0,149110.0,3.318181818
Gram,2012,Rabi       ,PUNJAB,2400.0,3100,338.9,361920.0,744.0,1.132727273
Groundnut,2012,Kharif     ,PUNJAB,1600.0,2900,338.9,241280.0,496.0,1.81
Guar seed,2012,Kharif     ,PUNJAB,21100.0,20500,338.9,3181880.0,6541.0,0.936
Maize,2012,Kharif     ,PUNJAB,131000.0,483000,338.9,19754800.0,40610.0,3.5125
Masoor,2012,Rabi       ,PUNJAB,900.0,700,338.9,135720.0,279.0,0.857142857
Moong(Green Gram),2012,Kharif     ,PUNJAB,4800.0,4200,338.9,723840.0,1488.0,0.894545455
Peas & beans (Pulses),2012,Rabi       ,PUNJAB,900.0,1200,338.9,135720.0,279.0,1.25
Rapeseed &Mustard,2012,Rabi       ,PUNJAB,32000.0,41700,338.9,4825600.0,9920.0,1.301111111
Rice,2012,Kharif     ,PUNJAB,2849000.0,11390000,338.9,429629200.0,883190.0,3.923636364
Sesamum,2012,Kharif     ,PUNJAB,5400.0,1900,338.9,814320.0,1674.0,0.325555556
Sugarcane,2012,Whole Year ,PUNJAB,82000.0,5832000,338.9,12365600.0,25420.0,72.55625
Sunflower,2012,Rabi       ,PUNJAB,12600.0,23700,338.9,1900080.0,3906.0,1.929
Urad,2012,Kharif     ,PUNJAB,2500.0,1200,338.9,377000.0,775.0,0.486666667
Wheat,2012,Rabi       ,PUNJAB,3517000.0,16614000,338.9,530363600.0,1090270.0,4.677272727
Arhar/Tur,2012,Kharif     ,TAMIL NADU,42065.0,33105,706.8,6343402.0,13040.15,0.677241379
Castor seed,2012,Kharif     ,TAMIL NADU,12174.0,1750,706.8,1835839.2,3773.94,0.153333333
Cotton(lint),2012,Kharif     ,TAMIL NADU,117417.0,208517,706.8,17706483.6,36399.27,2.005555556
Gram,2012,Rabi       ,TAMIL NADU,7036.0,4531,706.8,1061028.8,2181.16,0.48
Groundnut,2012,Kharif     ,TAMIL NADU,339361.0,785362,706.8,51175638.8,105201.91,2.458333333
Horse-gram,2012,Kharif     ,TAMIL NADU,63505.0,25455,706.8,9576554.0,19686.55,0.331923077
Maize,2012,Kharif     ,TAMIL NADU,291052.0,946363,706.8,43890641.6,90226.12,3.498214286
Moong(Green Gram),2012,Kharif     ,TAMIL NADU,118615.0,33674,706.8,17887142.0,36770.65,0.301724138
Ragi,2012,Kharif     ,TAMIL NADU,70294.0,138011,706.8,10600335.2,21791.14,2.089259259
Rice,2012,Kharif     ,TAMIL NADU,1493276.0,4050334,706.8,225186020.8,462915.56,3.293225806
Sesamum,2012,Whole Year ,TAMIL NADU,33181.0,17179,706.8,5003694.8,10286.11,0.477241379
Sugarcane,2012,Whole Year ,TAMIL NADU,348379.0,34014097,706.8,52535553.2,107997.49,93.54354839
Sunflower,2012,Kharif     ,TAMIL NADU,10782.0,11374,706.8,1625925.6,3342.42,1.1364
Urad,2012,Kharif     ,TAMIL NADU,208625.0,88706,706.8,31460650.0,64673.75,0.474666667
Arhar/Tur,2012,Kharif     ,UTTARAKHAND,2531.0,1966,1309.8,381674.8,784.61,0.72
Bajra,2012,Kharif     ,UTTARAKHAND,1.0,1,1309.8,150.8,0.31,1.0
Barley,2012,Rabi       ,UTTARAKHAND,20702.0,28222,1309.8,3121861.6,6417.62,1.356153846
Garlic,2012,Whole Year ,UTTARAKHAND,3551.0,28056,1309.8,535490.8,1100.81,6.268636364
Gram,2012,Rabi       ,UTTARAKHAND,599.0,506,1309.8,90329.2,185.69,0.667272727
Groundnut,2012,Kharif     ,UTTARAKHAND,1067.0,1235,1309.8,160903.6,330.77,1.106666667
Horse-gram,2012,Kharif     ,UTTARAKHAND,10867.0,8700,1309.8,1638743.6,3368.77,0.803636364
Maize,2012,Kharif     ,UTTARAKHAND,26096.0,38701,1309.8,3935276.8,8089.76,1.387692308
Maize,2012,Summer     ,UTTARAKHAND,51.0,102,1309.8,7690.8,15.81,1.453333333
Masoor,2012,Rabi       ,UTTARAKHAND,11075.0,9039,1309.8,1670110.0,3433.25,0.713076923
Moong(Green Gram),2012,Summer     ,UTTARAKHAND,12.0,9,1309.8,1809.6,3.72,0.725
Moth,2012,Kharif     ,UTTARAKHAND,20.0,8,1309.8,3016.0,6.2,0.37
Onion,2012,Whole Year ,UTTARAKHAND,2322.0,12287,1309.8,350157.6,719.82,5.809166667
Other  Rabi pulses,2012,Rabi       ,UTTARAKHAND,3.0,1,1309.8,452.4,0.93,0.25
Other Cereals,2012,Rabi       ,UTTARAKHAND,631.0,432,1309.8,95154.8,195.61,0.807142857
Other Kharif pulses,2012,Kharif     ,UTTARAKHAND,11212.0,9750,1309.8,1690769.6,3475.72,0.834545455
Peas & beans (Pulses),2012,Rabi       ,UTTARAKHAND,6117.0,6017,1309.8,922443.6,1896.27,0.768461538
Potato,2012,Kharif     ,UTTARAKHAND,8339.0,69006,1309.8,1257521.2,2585.09,8.705454545
Potato,2012,Rabi       ,UTTARAKHAND,5317.0,64212,1309.8,801803.6,1648.27,11.07461538
Ragi,2012,Kharif     ,UTTARAKHAND,113210.0,157792,1309.8,17072068.0,35095.1,1.457272727
Rapeseed &Mustard,2012,Rabi       ,UTTARAKHAND,13238.0,12093,1309.8,1996290.4,4103.78,0.65
Rice,2012,Kharif     ,UTTARAKHAND,255037.0,561339,1309.8,38459579.6,79061.47,1.750769231
Rice,2012,Summer     ,UTTARAKHAND,14200.0,45552,1309.8,2141360.0,4402.0,3.21
Sesamum,2012,Kharif     ,UTTARAKHAND,1778.0,486,1309.8,268122.4,551.18,0.281666667
Small millets,2012,Kharif     ,UTTARAKHAND,65057.0,80661,1309.8,9810595.6,20167.67,1.164545455
Soyabean,2012,Kharif     ,UTTARAKHAND,9067.0,19415,1309.8,1367303.6,2810.77,1.275
Sugarcane,2012,Whole Year ,UTTARAKHAND,103983.0,6344504,1309.8,15680636.4,32234.73,61.14
Sunflower,2012,Kharif     ,UTTARAKHAND,3.0,3,1309.8,452.4,0.93,1.0
Turmeric,2012,Whole Year ,UTTARAKHAND,672.0,5246,1309.8,101337.6,208.32,7.579
Urad,2012,Kharif     ,UTTARAKHAND,11770.0,9211,1309.8,1774916.0,3648.7,0.751538462
Urad,2012,Summer     ,UTTARAKHAND,114.0,58,1309.8,17191.2,35.34,0.6275
Wheat,2012,Rabi       ,UTTARAKHAND,349669.0,853769,1309.8,52730085.2,108397.39,1.954615385
other oilseeds,2012,Kharif     ,UTTARAKHAND,43.0,26,1309.8,6484.4,13.33,0.746666667
other oilseeds,2012,Rabi       ,UTTARAKHAND,751.0,357,1309.8,113250.8,232.81,0.561666667
Arhar/Tur,2012,Rabi       ,JHARKHAND,18850.0,35859,1102.0,2842580.0,5843.5,1.7475
Gram,2012,Rabi       ,JHARKHAND,31359.0,31888,1102.0,4728937.2,9721.29,1.031666667
Maize,2012,Autumn     ,JHARKHAND,93589.0,118472,1102.0,14113221.2,29012.59,1.367916667
Masoor,2012,Rabi       ,JHARKHAND,10104.0,9830,1102.0,1523683.2,3132.24,0.975333333
Onion,2012,Rabi       ,JHARKHAND,3087.0,17468,1102.0,465519.6,956.97,6.117826087
Potato,2012,Rabi       ,JHARKHAND,16873.0,128549,1102.0,2544448.4,5230.63,7.279583333
Potato,2012,Winter     ,JHARKHAND,23093.0,156202,1102.0,3482424.4,7158.83,6.298695652
Ragi,2012,Autumn     ,JHARKHAND,21480.0,18462,1102.0,3239184.0,6658.8,0.828947368
Rapeseed &Mustard,2012,Rabi       ,JHARKHAND,21277.0,18928,1102.0,3208571.6,6595.87,0.96875
Rice,2012,Autumn     ,JHARKHAND,148761.0,129693,1102.0,22433158.8,46115.91,0.761304348
Rice,2012,Winter     ,JHARKHAND,942310.0,1292796,1102.0,142100348.0,292116.1,1.338333333
Sugarcane,2012,Whole Year ,JHARKHAND,990.0,48888,1102.0,149292.0,306.9,46.728
Wheat,2012,Rabi       ,JHARKHAND,69336.0,128571,1102.0,10455868.8,21494.16,1.663333333
Arhar/Tur,2013,Kharif     ,BIHAR,21874.0,36459,1069.9,3160574.26,5905.98,1.698648649
Bajra,2013,Kharif     ,BIHAR,2638.0,3001,1069.9,381164.62,712.26,1.136666667
Barley,2013,Rabi       ,BIHAR,10194.0,14254,1069.9,1472931.06,2752.38,1.392857143
Castor seed,2013,Kharif     ,BIHAR,158.0,151,1069.9,22829.42,42.66,0.974
Gram,2013,Rabi       ,BIHAR,61325.0,70339,1069.9,8860849.25,16557.75,1.161
Groundnut,2013,Kharif     ,BIHAR,892.0,913,1069.9,128885.08,240.84,1.01
Horse-gram,2013,Kharif     ,BIHAR,8221.0,7828,1069.9,1187852.29,2219.67,0.957142857
Jowar,2013,Kharif     ,BIHAR,1233.0,1313,1069.9,178156.17,332.91,1.068888889
Jute,2013,Kharif     ,BIHAR,104883.0,1498039,1069.9,15154544.67,28318.41,14.13615385
Khesari,2013,Rabi       ,BIHAR,63233.0,70548,1069.9,9136536.17,17072.91,1.094411765
Linseed,2013,Rabi       ,BIHAR,18674.0,15874,1069.9,2698206.26,5041.98,0.854705882
Maize,2013,Autumn     ,BIHAR,276577.0,778209,1069.9,39962610.73,74675.79,2.933783784
Maize,2013,Rabi       ,BIHAR,263499.0,1199389,1069.9,38072970.51,71144.73,4.180294118
Maize,2013,Summer     ,BIHAR,192263.0,926639,1069.9,27780080.87,51911.01,4.573243243
Masoor,2013,Rabi       ,BIHAR,154087.0,196055,1069.9,22264030.63,41603.49,1.156578947
Mesta,2013,Kharif     ,BIHAR,16191.0,246996,1069.9,2339437.59,4371.57,14.3425
Moong(Green Gram),2013,Kharif     ,BIHAR,9138.0,7360,1069.9,1320349.62,2467.26,0.7315625
Moong(Green Gram),2013,Summer     ,BIHAR,145905.0,98013,1069.9,21081813.45,39394.35,0.817567568
Other  Rabi pulses,2013,Rabi       ,BIHAR,1289.0,1302,1069.9,186247.61,348.03,1.006153846
Other Kharif pulses,2013,Kharif     ,BIHAR,2065.0,1629,1069.9,298371.85,557.55,0.8485
Peas & beans (Pulses),2013,Rabi       ,BIHAR,17308.0,18347,1069.9,2500832.92,4673.16,1.061052632
Ragi,2013,Kharif     ,BIHAR,7034.0,7138,1069.9,1016342.66,1899.18,0.992692308
Rapeseed &Mustard,2013,Rabi       ,BIHAR,85246.0,117142,1069.9,12317194.54,23016.42,1.293421053
Rice,2013,Autumn     ,BIHAR,549404.0,798676,1069.9,79383383.96,148339.08,1.413
Rice,2013,Summer     ,BIHAR,92207.0,215952,1069.9,13322989.43,24895.89,2.233157895
Rice,2013,Winter     ,BIHAR,2509203.0,5634961,1069.9,362554741.5,677484.81,2.066842105
Safflower,2013,Rabi       ,BIHAR,1644.0,1324,1069.9,237541.56,443.88,0.87
Sannhamp,2013,Kharif     ,BIHAR,1397.0,1124,1069.9,201852.53,377.19,0.822941176
Sesamum,2013,Kharif     ,BIHAR,2277.0,1986,1069.9,329003.73,614.79,0.894137931
Small millets,2013,Kharif     ,BIHAR,2768.0,2088,1069.9,399948.32,747.36,0.783684211
Sugarcane,2013,Whole Year ,BIHAR,258068.0,12881781,1069.9,37288245.32,69678.36,51.20944444
Sunflower,2013,Rabi       ,BIHAR,14030.0,19789,1069.9,2027194.7,3788.1,1.416818182
Tobacco,2013,Whole Year ,BIHAR,12106.0,23012,1069.9,1749195.94,3268.62,1.910833333
Urad,2013,Kharif     ,BIHAR,15503.0,14142,1069.9,2240028.47,4185.81,0.918387097
Wheat,2013,Rabi       ,BIHAR,2148818.0,6134679,1069.9,310482712.8,580180.86,2.835
Arhar/Tur,2013,Kharif     ,CHHATTISGARH,52816.0,29448,1418.3,7631383.84,14260.32,0.56
Bajra,2013,Whole Year ,CHHATTISGARH,1240.0,41543,1418.3,179167.6,334.8,31.91931034
Barley,2013,Rabi       ,CHHATTISGARH,2702.0,2441,1418.3,390411.98,729.54,1.097272727
Castor seed,2013,Rabi       ,CHHATTISGARH,45.0,16,1418.3,6502.05,12.15,0.398
Coconut ,2013,Whole Year ,CHHATTISGARH,25.0,0,1418.3,3612.25,6.75,0.0
Coriander,2013,Rabi       ,CHHATTISGARH,17.0,9,1418.3,2456.33,4.59,0.53
Coriander,2013,Whole Year ,CHHATTISGARH,2849.0,846,1418.3,411652.01,769.23,0.297307692
Cotton(lint),2013,Whole Year ,CHHATTISGARH,49.0,70,1418.3,7080.01,13.23,1.736666667
Dry chillies,2013,Whole Year ,CHHATTISGARH,6410.0,4629,1418.3,926180.9,1730.7,0.723703704
Garlic,2013,Rabi       ,CHHATTISGARH,41.0,240,1418.3,5924.09,11.07,5.85
Garlic,2013,Whole Year ,CHHATTISGARH,1277.0,3393,1418.3,184513.73,344.79,2.918333333
Ginger,2013,Whole Year ,CHHATTISGARH,1802.0,1987,1418.3,260370.98,486.54,1.166818182
Gram,2013,Rabi       ,CHHATTISGARH,289734.0,221569,1418.3,41863665.66,78228.18,0.813846154
Groundnut,2013,Kharif     ,CHHATTISGARH,29186.0,42396,1418.3,4217085.14,7880.22,1.331818182
Guar seed,2013,Kharif     ,CHHATTISGARH,26.0,21,1418.3,3756.74,7.02,0.81
Horse-gram,2013,Kharif     ,CHHATTISGARH,44568.0,13804,1418.3,6439630.32,12033.36,0.322727273
Horse-gram,2013,Rabi       ,CHHATTISGARH,1366.0,359,1418.3,197373.34,368.82,0.321428571
Jowar,2013,Whole Year ,CHHATTISGARH,5153.0,3320,1418.3,744556.97,1391.31,0.64173913
Jute,2013,Kharif     ,CHHATTISGARH,221.0,0,1418.3,31932.29,59.67,0.0
Khesari,2013,Rabi       ,CHHATTISGARH,315247.0,174016,1418.3,45550039.03,85116.69,0.564782609
Linseed,2013,Rabi       ,CHHATTISGARH,31159.0,11820,1418.3,4502163.91,8412.93,0.39625
Maize,2013,Kharif     ,CHHATTISGARH,123430.0,254134,1418.3,17834400.7,33326.1,1.981481481
Maize,2013,Rabi       ,CHHATTISGARH,33.0,117,1418.3,4768.17,8.91,3.55
Maize,2013,Summer     ,CHHATTISGARH,127.0,233,1418.3,18350.23,34.29,1.83
Masoor,2013,Rabi       ,CHHATTISGARH,16245.0,5298,1418.3,2347240.05,4386.15,0.320454545
Mesta,2013,Kharif     ,CHHATTISGARH,1098.0,2005,1418.3,158650.02,296.46,2.091666667
Moong(Green Gram),2013,Kharif     ,CHHATTISGARH,8617.0,2551,1418.3,1245070.33,2326.59,0.274814815
Moong(Green Gram),2013,Rabi       ,CHHATTISGARH,6562.0,1409,1418.3,948143.38,1771.74,0.254090909
Niger seed,2013,Kharif     ,CHHATTISGARH,63611.0,11567,1418.3,9191153.39,17174.97,4.987647059
Onion,2013,Rabi       ,CHHATTISGARH,87.0,1769,1418.3,12570.63,23.49,20.33
Onion,2013,Summer     ,CHHATTISGARH,90.0,1211,1418.3,13004.1,24.3,13.46
Onion,2013,Whole Year ,CHHATTISGARH,5745.0,40905,1418.3,830095.05,1551.15,6.4736
Other  Rabi pulses,2013,Rabi       ,CHHATTISGARH,2422.0,2804,1418.3,349954.78,653.94,1.198
Other Kharif pulses,2013,Kharif     ,CHHATTISGARH,8113.0,2053,1418.3,1172247.37,2190.51,0.338461538
Peas & beans (Pulses),2013,Rabi       ,CHHATTISGARH,13319.0,4821,1418.3,1924462.31,3596.13,0.33625
Potato,2013,Kharif     ,CHHATTISGARH,1805.0,8900,1418.3,260804.45,487.35,5.703846154
Potato,2013,Rabi       ,CHHATTISGARH,10935.0,53920,1418.3,1579998.15,2952.45,5.766190476
Ragi,2013,Kharif     ,CHHATTISGARH,7648.0,1936,1418.3,1105059.52,2064.96,0.271333333
Rapeseed &Mustard,2013,Rabi       ,CHHATTISGARH,47542.0,26999,1418.3,6869343.58,12836.34,0.546296296
Rice,2013,Kharif     ,CHHATTISGARH,3987721.0,7102729,1418.3,576185807.3,1076684.67,1.75037037
Safflower,2013,Rabi       ,CHHATTISGARH,532.0,184,1418.3,76868.68,143.64,0.408333333
Sannhamp,2013,Kharif     ,CHHATTISGARH,1469.0,448,1418.3,212255.81,396.63,0.312272727
Sesamum,2013,Kharif     ,CHHATTISGARH,17018.0,4799,1418.3,2458930.82,4594.86,0.281481481
Small millets,2013,Kharif     ,CHHATTISGARH,127486.0,27223,1418.3,18420452.14,34421.22,0.216666667
Soyabean,2013,Kharif     ,CHHATTISGARH,107772.0,111862,1418.3,15571976.28,29098.44,1.091578947
Sugarcane,2013,Kharif     ,CHHATTISGARH,44097.0,2129180,1418.3,6371575.53,11906.19,48.28
Sugarcane,2013,Whole Year ,CHHATTISGARH,9189.0,23831,1418.3,1327718.61,2481.03,2.935652174
Sunflower,2013,Kharif     ,CHHATTISGARH,3031.0,123,1418.3,437949.19,818.37,0.138333333
Sunflower,2013,Summer     ,CHHATTISGARH,31.0,50,1418.3,4479.19,8.37,1.61
Sweet potato,2013,Whole Year ,CHHATTISGARH,3643.0,19396,1418.3,526377.07,983.61,5.608461538
Tobacco,2013,Whole Year ,CHHATTISGARH,22.0,15,1418.3,3178.78,5.94,0.7675
Turmeric,2013,Whole Year ,CHHATTISGARH,1123.0,958,1418.3,162262.27,303.21,1.015454545
Urad,2013,Kharif     ,CHHATTISGARH,93484.0,29013,1418.3,13507503.16,25240.68,0.333333333
Urad,2013,Rabi       ,CHHATTISGARH,3451.0,912,1418.3,498634.99,931.77,0.281578947
Wheat,2013,Rabi       ,CHHATTISGARH,105033.0,140756,1418.3,15176218.17,28358.91,1.5332
Arhar/Tur,2013,Kharif     ,HIMACHAL PRADESH,71.0,23,1216.9,10258.79,19.17,0.346666667
Bajra,2013,Kharif     ,HIMACHAL PRADESH,731.0,400,1216.9,105622.19,197.37,0.532
Barley,2013,Rabi       ,HIMACHAL PRADESH,20585.0,18708,1216.9,2974326.65,5557.95,0.927272727
Coriander,2013,Rabi       ,HIMACHAL PRADESH,144.0,43,1216.9,20806.56,38.88,0.294285714
Cotton(lint),2013,Kharif     ,HIMACHAL PRADESH,4.0,2,1216.9,577.96,1.08,0.415
Dry chillies,2013,Kharif     ,HIMACHAL PRADESH,419.0,143,1216.9,60541.31,113.13,0.312
Garlic,2013,Rabi       ,HIMACHAL PRADESH,4961.0,7516,1216.9,716814.89,1339.47,1.433
Gram,2013,Rabi       ,HIMACHAL PRADESH,475.0,448,1216.9,68632.75,128.25,0.822222222
Groundnut,2013,Kharif     ,HIMACHAL PRADESH,49.0,31,1216.9,7080.01,13.23,0.7075
Horse-gram,2013,Kharif     ,HIMACHAL PRADESH,1750.0,613,1216.9,252857.5,472.5,0.352
Linseed,2013,Rabi       ,HIMACHAL PRADESH,1087.0,273,1216.9,157060.63,293.49,0.2275
Maize,2013,Kharif     ,HIMACHAL PRADESH,291960.0,594280,1216.9,42185300.4,78829.2,2.336666667
Masoor,2013,Rabi       ,HIMACHAL PRADESH,529.0,361,1216.9,76435.21,142.83,0.688888889
Moong(Green Gram),2013,Kharif     ,HIMACHAL PRADESH,300.0,142,1216.9,43347.0,81.0,0.484285714
Moth,2013,Kharif     ,HIMACHAL PRADESH,27.0,10,1216.9,3901.23,7.29,0.366666667
Onion,2013,Rabi       ,HIMACHAL PRADESH,764.0,7246,1216.9,110390.36,206.28,9.466666667
Other Kharif pulses,2013,Kharif     ,HIMACHAL PRADESH,5087.0,4499,1216.9,735020.63,1373.49,0.896666667
Peas & beans (Pulses),2013,Kharif     ,HIMACHAL PRADESH,1265.0,1677,1216.9,182779.85,341.55,1.350833333
Peas & beans (Pulses),2013,Rabi       ,HIMACHAL PRADESH,22.0,7,1216.9,3178.78,5.94,0.211666667
Potato,2013,Kharif     ,HIMACHAL PRADESH,6228.0,64123,1216.9,899883.72,1681.56,10.642
Potato,2013,Rabi       ,HIMACHAL PRADESH,3408.0,23871,1216.9,492421.92,920.16,4.882
Ragi,2013,Kharif     ,HIMACHAL PRADESH,1927.0,1774,1216.9,278432.23,520.29,0.798571429
Rapeseed &Mustard,2013,Rabi       ,HIMACHAL PRADESH,8459.0,4205,1216.9,1222240.91,2283.93,0.460909091
Rice,2013,Kharif     ,HIMACHAL PRADESH,73139.0,106899,1216.9,10567854.11,19747.53,1.565454545
Sesamum,2013,Kharif     ,HIMACHAL PRADESH,1802.0,589,1216.9,260370.98,486.54,0.327777778
Small millets,2013,Kharif     ,HIMACHAL PRADESH,4165.0,3017,1216.9,601800.85,1124.55,0.737142857
Soyabean,2013,Kharif     ,HIMACHAL PRADESH,528.0,798,1216.9,76290.72,142.56,1.428571429
Sugarcane,2013,Whole Year ,HIMACHAL PRADESH,1449.0,3496,1216.9,209366.01,391.23,3.07
Turmeric,2013,Kharif     ,HIMACHAL PRADESH,266.0,145,1216.9,38434.34,71.82,0.541428571
Urad,2013,Kharif     ,HIMACHAL PRADESH,7686.0,3339,1216.9,1110550.14,2075.22,0.54
Wheat,2013,Rabi       ,HIMACHAL PRADESH,415665.0,324283,1216.9,60059435.85,112229.55,0.786666667
Arhar/Tur,2013,Kharif     ,PUNJAB,2900.0,2600,586.6,419021.0,783.0,0.92375
Bajra,2013,Kharif     ,PUNJAB,800.0,800,586.6,115592.0,216.0,1.0
Barley,2013,Rabi       ,PUNJAB,12000.0,46000,586.6,1733880.0,3240.0,3.8125
Cotton(lint),2013,Kharif     ,PUNJAB,446000.0,1495000,586.6,64442540.0,120420.0,3.409090909
Gram,2013,Rabi       ,PUNJAB,1900.0,2370,586.6,274531.0,513.0,1.224285714
Groundnut,2013,Kharif     ,PUNJAB,1300.0,2400,586.6,187837.0,351.0,1.85
Guar seed,2013,Kharif     ,PUNJAB,37100.0,30400,586.6,5360579.0,10017.0,0.914444444
Maize,2013,Kharif     ,PUNJAB,130000.0,507000,586.6,18783700.0,35100.0,4.231428571
Masoor,2013,Rabi       ,PUNJAB,900.0,630,586.6,130041.0,243.0,0.664
Moong(Green Gram),2013,Kharif     ,PUNJAB,4600.0,3800,586.6,664654.0,1242.0,0.860833333
Peas & beans (Pulses),2013,Rabi       ,PUNJAB,900.0,1260,586.6,130041.0,243.0,1.45
Rapeseed &Mustard,2013,Rabi       ,PUNJAB,32000.0,41800,586.6,4623680.0,8640.0,1.293529412
Rice,2013,Kharif     ,PUNJAB,2851000.0,11267000,586.6,411940990.0,769770.0,3.834090909
Sesamum,2013,Kharif     ,PUNJAB,4100.0,1400,586.6,592409.0,1107.0,0.265555556
Sugarcane,2013,Whole Year ,PUNJAB,89000.0,6675000,586.6,12859610.0,24030.0,77.713125
Urad,2013,Kharif     ,PUNJAB,2200.0,1050,586.6,317878.0,594.0,0.464
Wheat,2013,Rabi       ,PUNJAB,3512000.0,17620000,586.6,507448880.0,948240.0,4.936818182
Arhar/Tur,2013,Kharif     ,TELANGANA,261516.0,138315,1348.7,37786446.84,70609.32,0.577777778
Arhar/Tur,2013,Rabi       ,TELANGANA,1398.0,922,1348.7,201997.02,377.46,0.61
Bajra,2013,Kharif     ,TELANGANA,4281.0,4033,1348.7,618561.69,1155.87,0.964
Bajra,2013,Rabi       ,TELANGANA,8937.0,8419,1348.7,1291307.13,2412.99,0.97
Banana,2013,Whole Year ,TELANGANA,1522.0,47401,1348.7,219913.78,410.94,31.14714286
Cashewnut,2013,Kharif     ,TELANGANA,4235.0,2710,1348.7,611915.15,1143.45,0.635
Castor seed,2013,Kharif     ,TELANGANA,78475.0,55516,1348.7,11338852.75,21188.25,0.60625
Castor seed,2013,Rabi       ,TELANGANA,1358.0,964,1348.7,196217.42,366.66,0.713333333
Coconut ,2013,Whole Year ,TELANGANA,428.0,6956712,1348.7,61841.72,115.56,16254.0
Coriander,2013,Whole Year ,TELANGANA,1378.0,978,1348.7,199107.22,372.06,0.701428571
Cotton(lint),2013,Kharif     ,TELANGANA,1712830.0,4265305,1348.7,247486806.7,462464.1,2.458888889
Cowpea(Lobia),2013,Kharif     ,TELANGANA,2162.0,1209,1348.7,312387.38,583.74,0.515
Cowpea(Lobia),2013,Rabi       ,TELANGANA,8572.0,6669,1348.7,1238568.28,2314.44,0.75
Dry chillies,2013,Kharif     ,TELANGANA,54378.0,171985,1348.7,7857077.22,14682.06,2.717777778
Dry chillies,2013,Rabi       ,TELANGANA,24557.0,107792,1348.7,3548240.93,6630.39,4.40625
Ginger,2013,Kharif     ,TELANGANA,1767.0,12703,1348.7,255313.83,477.09,6.776666667
Ginger,2013,Rabi       ,TELANGANA,4.0,26,1348.7,577.96,1.08,6.5
Gram,2013,Kharif     ,TELANGANA,54.0,73,1348.7,7802.46,14.58,1.35
Gram,2013,Rabi       ,TELANGANA,113374.0,194546,1348.7,16381409.26,30610.98,1.525555556
Groundnut,2013,Kharif     ,TELANGANA,21394.0,32071,1348.7,3091219.06,5776.38,1.25875
Groundnut,2013,Rabi       ,TELANGANA,188660.0,323072,1348.7,27259483.4,50938.2,1.644444444
Horse-gram,2013,Kharif     ,TELANGANA,507.0,315,1348.7,73256.43,136.89,0.61
Horse-gram,2013,Rabi       ,TELANGANA,2437.0,1165,1348.7,352122.13,657.99,0.481428571
Jowar,2013,Kharif     ,TELANGANA,70833.0,76868,1348.7,10234660.17,19124.91,0.951428571
Jowar,2013,Rabi       ,TELANGANA,36331.0,32017,1348.7,5249466.19,9809.37,0.906666667
Linseed,2013,Rabi       ,TELANGANA,229.0,112,1348.7,33088.21,61.83,0.49
Maize,2013,Kharif     ,TELANGANA,552897.0,2436849,1348.7,79888087.53,149282.19,4.022222222
Maize,2013,Rabi       ,TELANGANA,197322.0,1074644,1348.7,28511055.78,53276.94,5.292222222
Masoor,2013,Rabi       ,TELANGANA,382.0,196,1348.7,55195.18,103.14,0.51
Mesta,2013,Kharif     ,TELANGANA,25.0,229,1348.7,3612.25,6.75,9.155
Mesta,2013,Rabi       ,TELANGANA,85.0,780,1348.7,12281.65,22.95,9.18
Moong(Green Gram),2013,Kharif     ,TELANGANA,110951.0,73489,1348.7,16031309.99,29956.77,0.656666667
Moong(Green Gram),2013,Rabi       ,TELANGANA,12516.0,11549,1348.7,1808436.84,3379.32,0.9325
Onion,2013,Kharif     ,TELANGANA,3984.0,74919,1348.7,575648.16,1075.68,18.82666667
Onion,2013,Rabi       ,TELANGANA,10794.0,359826,1348.7,1559625.06,2914.38,31.81375
Other  Rabi pulses,2013,Rabi       ,TELANGANA,467.0,660,1348.7,67476.83,126.09,1.315
Other Kharif pulses,2013,Kharif     ,TELANGANA,346.0,109,1348.7,49993.54,93.42,0.37
Potato,2013,Whole Year ,TELANGANA,3512.0,47411,1348.7,507448.88,948.24,14.71
Ragi,2013,Kharif     ,TELANGANA,1204.0,1727,1348.7,173965.96,325.08,1.593333333
Ragi,2013,Rabi       ,TELANGANA,511.0,794,1348.7,73834.39,137.97,1.55
Rapeseed &Mustard,2013,Rabi       ,TELANGANA,843.0,644,1348.7,121805.07,227.61,0.834
Rice,2013,Kharif     ,TELANGANA,1166334.0,3768045,1348.7,168523599.7,314910.18,3.115555556
Rice,2013,Rabi       ,TELANGANA,828103.0,2813045,1348.7,119652602.5,223587.81,3.203333333
Safflower,2013,Rabi       ,TELANGANA,7867.0,5573,1348.7,1136702.83,2124.09,0.75
Sesamum,2013,Kharif     ,TELANGANA,5713.0,1300,1348.7,825471.37,1542.51,0.242857143
Sesamum,2013,Rabi       ,TELANGANA,18484.0,7410,1348.7,2670753.16,4990.68,0.392857143
Small millets,2013,Kharif     ,TELANGANA,882.0,665,1348.7,127440.18,238.14,0.75
Soyabean,2013,Kharif     ,TELANGANA,242438.0,390305,1348.7,35029866.62,65458.26,1.6
Soyabean,2013,Rabi       ,TELANGANA,14.0,23,1348.7,2022.86,3.78,1.65
Sugarcane,2013,Kharif     ,TELANGANA,39309.0,3376625,1348.7,5679757.41,10613.43,83.91888889
Sunflower,2013,Kharif     ,TELANGANA,2040.0,1750,1348.7,294759.6,550.8,0.846666667
Sunflower,2013,Rabi       ,TELANGANA,17580.0,16867,1348.7,2540134.2,4746.6,1.084444444
Sweet potato,2013,Whole Year ,TELANGANA,109.0,742,1348.7,15749.41,29.43,7.57
Tobacco,2013,Kharif     ,TELANGANA,2218.0,3889,1348.7,320478.82,598.86,3.106666667
Tobacco,2013,Rabi       ,TELANGANA,3839.0,9718,1348.7,554697.11,1036.53,2.968333333
Turmeric,2013,Kharif     ,TELANGANA,49638.0,252061,1348.7,7172194.62,13402.26,4.785555556
Urad,2013,Kharif     ,TELANGANA,32090.0,26377,1348.7,4636684.1,8664.3,0.83125
Urad,2013,Rabi       ,TELANGANA,9473.0,9028,1348.7,1368753.77,2557.71,0.912857143
Wheat,2013,Rabi       ,TELANGANA,7039.0,4366,1348.7,1017065.11,1900.53,0.74
other oilseeds,2013,Kharif     ,TELANGANA,3645.0,45575,1348.7,526666.05,984.15,8.973333333
Arhar/Tur,2013,Kharif     ,UTTARAKHAND,2330.0,1880,1735.4,336661.7,629.1,0.793076923
Bajra,2013,Kharif     ,UTTARAKHAND,1.0,1,1735.4,144.49,0.27,1.0
Barley,2013,Rabi       ,UTTARAKHAND,21317.0,29054,1735.4,3080093.33,5755.59,1.491538462
Garlic,2013,Whole Year ,UTTARAKHAND,3173.0,20391,1735.4,458466.77,856.71,5.58173913
Gram,2013,Rabi       ,UTTARAKHAND,569.0,481,1735.4,82214.81,153.63,0.729090909
Groundnut,2013,Kharif     ,UTTARAKHAND,1218.0,1426,1735.4,175988.82,328.86,1.152857143
Horse-gram,2013,Kharif     ,UTTARAKHAND,10523.0,8474,1735.4,1520468.27,2841.21,0.792727273
Linseed,2013,Rabi       ,UTTARAKHAND,2.0,1,1735.4,288.98,0.54,0.5
Maize,2013,Kharif     ,UTTARAKHAND,23534.0,33712,1735.4,3400427.66,6354.18,1.412307692
Maize,2013,Summer     ,UTTARAKHAND,48.0,118,1735.4,6935.52,12.96,2.4325
Masoor,2013,Rabi       ,UTTARAKHAND,9839.0,8822,1735.4,1421637.11,2656.53,0.836153846
Moong(Green Gram),2013,Kharif     ,UTTARAKHAND,15.0,8,1735.4,2167.35,4.05,0.525
Moong(Green Gram),2013,Summer     ,UTTARAKHAND,10.0,5,1735.4,1444.9,2.7,0.5
Moth,2013,Kharif     ,UTTARAKHAND,27.0,11,1735.4,3901.23,7.29,0.26
Onion,2013,Whole Year ,UTTARAKHAND,2359.0,12452,1735.4,340851.91,636.93,5.754166667
Other  Rabi pulses,2013,Rabi       ,UTTARAKHAND,8.0,5,1735.4,1155.92,2.16,0.723333333
Other Kharif pulses,2013,Kharif     ,UTTARAKHAND,12906.0,11101,1735.4,1864787.94,3484.62,0.875
Peas & beans (Pulses),2013,Rabi       ,UTTARAKHAND,6244.0,6163,1735.4,902195.56,1685.88,0.742307692
Potato,2013,Kharif     ,UTTARAKHAND,9246.0,84730,1735.4,1335954.54,2496.42,9.480909091
Potato,2013,Rabi       ,UTTARAKHAND,5058.0,54900,1735.4,730830.42,1365.66,10.64153846
Ragi,2013,Kharif     ,UTTARAKHAND,108656.0,148803,1735.4,15699705.44,29337.12,1.480909091
Rapeseed &Mustard,2013,Rabi       ,UTTARAKHAND,12061.0,9167,1735.4,1742693.89,3256.47,0.698461538
Rice,2013,Kharif     ,UTTARAKHAND,246959.0,551758,1735.4,35683105.91,66678.93,1.736153846
Rice,2013,Summer     ,UTTARAKHAND,12420.0,41310,1735.4,1794565.8,3353.4,3.353333333
Sesamum,2013,Kharif     ,UTTARAKHAND,1798.0,467,1735.4,259793.02,485.46,0.274615385
Small millets,2013,Kharif     ,UTTARAKHAND,62135.0,76031,1735.4,8977886.15,16776.45,1.187272727
Soyabean,2013,Kharif     ,UTTARAKHAND,9172.0,14374,1735.4,1325262.28,2476.44,1.109166667
Sugarcane,2013,Whole Year ,UTTARAKHAND,106499.0,6061428,1735.4,15388040.51,28754.73,58.4
Sunflower,2013,Kharif     ,UTTARAKHAND,40.0,39,1735.4,5779.6,10.8,0.992
Tobacco,2013,Whole Year ,UTTARAKHAND,6.0,22,1735.4,866.94,1.62,3.67
Turmeric,2013,Whole Year ,UTTARAKHAND,702.0,1317,1735.4,101431.98,189.54,1.918
Urad,2013,Kharif     ,UTTARAKHAND,11132.0,8839,1735.4,1608462.68,3005.64,0.793076923
Urad,2013,Summer     ,UTTARAKHAND,66.0,27,1735.4,9536.34,17.82,0.41
Wheat,2013,Rabi       ,UTTARAKHAND,343637.0,848134,1735.4,49652110.13,92781.99,1.978461538
other oilseeds,2013,Kharif     ,UTTARAKHAND,61.0,36,1735.4,8813.89,16.47,0.6
other oilseeds,2013,Rabi       ,UTTARAKHAND,494.0,232,1735.4,71378.06,133.38,0.474
Arhar/Tur,2013,Rabi       ,JHARKHAND,39731.0,57154,1253.6,5740732.19,10727.37,1.660869565
Gram,2013,Rabi       ,JHARKHAND,38021.0,39216,1253.6,5493654.29,10265.67,0.990416667
Maize,2013,Autumn     ,JHARKHAND,85854.0,136388,1253.6,12405044.46,23180.58,1.467916667
Masoor,2013,Rabi       ,JHARKHAND,10592.0,8773,1253.6,1530438.08,2859.84,0.774444444
Onion,2013,Rabi       ,JHARKHAND,3640.0,24604,1253.6,525943.6,982.8,21.76956522
Potato,2013,Rabi       ,JHARKHAND,17421.0,102216,1253.6,2517160.29,4703.67,6.32375
Potato,2013,Winter     ,JHARKHAND,22552.0,155407,1253.6,3258538.48,6089.04,7.315
Ragi,2013,Autumn     ,JHARKHAND,22202.0,16373,1253.6,3207966.98,5994.54,1.137222222
Rapeseed &Mustard,2013,Rabi       ,JHARKHAND,31770.0,32147,1253.6,4590447.3,8577.9,0.986521739
Rice,2013,Autumn     ,JHARKHAND,154068.0,131682,1253.6,22261285.32,41598.36,0.854782609
Rice,2013,Winter     ,JHARKHAND,933073.0,1366639,1253.6,134819717.8,251929.71,1.422083333
Sugarcane,2013,Whole Year ,JHARKHAND,998.0,56340,1253.6,144201.02,269.46,49.495
Wheat,2013,Rabi       ,JHARKHAND,73527.0,106208,1253.6,10623916.23,19852.29,1.550416667
Arhar/Tur,2014,Kharif     ,BIHAR,19851.0,28542,1061.0,2996706.96,6550.83,1.456756757
Bajra,2014,Kharif     ,BIHAR,3288.0,3729,1061.0,496356.48,1085.04,1.117142857
Barley,2014,Rabi       ,BIHAR,12112.0,13434,1061.0,1828427.52,3996.96,1.101034483
Castor seed,2014,Kharif     ,BIHAR,96.0,92,1061.0,14492.16,31.68,0.9875
Gram,2014,Rabi       ,BIHAR,60002.0,57490,1061.0,9057901.92,19800.66,0.941333333
Groundnut,2014,Kharif     ,BIHAR,574.0,587,1061.0,86651.04,189.42,1.017142857
Horse-gram,2014,Kharif     ,BIHAR,8318.0,7960,1061.0,1255685.28,2744.94,0.964736842
Jowar,2014,Kharif     ,BIHAR,1451.0,1550,1061.0,219042.96,478.83,1.075
Jute,2014,Kharif     ,BIHAR,94801.0,1418710,1061.0,14311158.96,31284.33,14.64727273
Khesari,2014,Rabi       ,BIHAR,60661.0,60055,1061.0,9157384.56,20018.13,0.885428571
Linseed,2014,Rabi       ,BIHAR,16439.0,14155,1061.0,2481631.44,5424.87,0.864705882
Maize,2014,Autumn     ,BIHAR,277416.0,825146,1061.0,41878719.36,91547.28,2.717368421
Maize,2014,Rabi       ,BIHAR,251716.0,913784,1061.0,37999047.36,83066.28,3.269705882
Maize,2014,Summer     ,BIHAR,177386.0,739815,1061.0,26778190.56,58537.38,3.988378378
Masoor,2014,Rabi       ,BIHAR,152912.0,140063,1061.0,23083595.52,50460.96,0.826315789
Mesta,2014,Kharif     ,BIHAR,16370.0,218409,1061.0,2471215.2,5402.1,13.15894737
Moong(Green Gram),2014,Kharif     ,BIHAR,11016.0,9232,1061.0,1662975.36,3635.28,0.7175
Moong(Green Gram),2014,Summer     ,BIHAR,156699.0,90725,1061.0,23655281.04,51710.67,0.638918919
Other  Rabi pulses,2014,Rabi       ,BIHAR,1049.0,1049,1061.0,158357.04,346.17,1.0
Other Kharif pulses,2014,Kharif     ,BIHAR,2706.0,2143,1061.0,408497.76,892.98,0.850833333
Peas & beans (Pulses),2014,Rabi       ,BIHAR,17142.0,17313,1061.0,2587756.32,5656.86,0.989459459
Ragi,2014,Kharif     ,BIHAR,6678.0,9843,1061.0,1008110.88,2203.74,1.402692308
Rapeseed &Mustard,2014,Rabi       ,BIHAR,84445.0,92891,1061.0,12747817.2,27866.85,1.041891892
Rice,2014,Autumn     ,BIHAR,581128.0,1010341,1061.0,87727082.88,191772.24,1.738965517
Rice,2014,Summer     ,BIHAR,82265.0,181555,1061.0,12418724.4,27147.45,1.971764706
Rice,2014,Winter     ,BIHAR,2599981.0,7049728,1061.0,392493131.8,857993.73,2.625263158
Safflower,2014,Rabi       ,BIHAR,102.0,82,1061.0,15397.92,33.66,0.9
Sannhamp,2014,Kharif     ,BIHAR,1362.0,1096,1061.0,205607.52,449.46,0.821176471
Sesamum,2014,Kharif     ,BIHAR,2926.0,2558,1061.0,441708.96,965.58,0.899259259
Small millets,2014,Kharif     ,BIHAR,2612.0,1978,1061.0,394307.52,861.96,0.7895
Sugarcane,2014,Whole Year ,BIHAR,254338.0,15498951,1061.0,38394864.48,83931.54,64.80361111
Sunflower,2014,Rabi       ,BIHAR,11645.0,16642,1061.0,1757929.2,3842.85,1.402173913
Tobacco,2014,Whole Year ,BIHAR,10593.0,18669,1061.0,1599119.28,3495.69,1.788333333
Urad,2014,Kharif     ,BIHAR,15725.0,14355,1061.0,2373846.0,5189.25,0.917407407
Wheat,2014,Rabi       ,BIHAR,2154423.0,3570211,1061.0,325231696.1,710959.59,1.676315789
Arhar/Tur,2014,Kharif     ,CHHATTISGARH,55306.0,35064,1274.7,8348993.76,18250.98,0.592962963
Bajra,2014,Kharif     ,CHHATTISGARH,146.0,91,1274.7,22040.16,48.18,0.518333333
Bajra,2014,Whole Year ,CHHATTISGARH,1065.0,39983,1274.7,160772.4,351.45,36.92791667
Barley,2014,Rabi       ,CHHATTISGARH,2503.0,2703,1274.7,377852.88,825.99,1.163636364
Castor seed,2014,Rabi       ,CHHATTISGARH,48.0,14,1274.7,7246.08,15.84,0.234
Coconut ,2014,Whole Year ,CHHATTISGARH,59.0,0,1274.7,8906.64,19.47,0.0
Coriander,2014,Whole Year ,CHHATTISGARH,2240.0,651,1274.7,338150.4,739.2,0.2684
Cotton(lint),2014,Whole Year ,CHHATTISGARH,59.0,75,1274.7,8906.64,19.47,0.976666667
Dry chillies,2014,Whole Year ,CHHATTISGARH,6891.0,3576,1274.7,1040265.36,2274.03,0.496666667
Garlic,2014,Whole Year ,CHHATTISGARH,1064.0,2824,1274.7,160621.44,351.12,2.71
Ginger,2014,Whole Year ,CHHATTISGARH,1757.0,2188,1274.7,265236.72,579.81,1.637142857
Gram,2014,Rabi       ,CHHATTISGARH,293263.0,311152,1274.7,44270982.48,96776.79,1.113076923
Groundnut,2014,Kharif     ,CHHATTISGARH,29095.0,40762,1274.7,4392181.2,9601.35,1.434285714
Horse-gram,2014,Kharif     ,CHHATTISGARH,43859.0,13849,1274.7,6620954.64,14473.47,0.324347826
Horse-gram,2014,Rabi       ,CHHATTISGARH,1399.0,417,1274.7,211193.04,461.67,0.294166667
Jowar,2014,Whole Year ,CHHATTISGARH,5000.0,4230,1274.7,754800.0,1650.0,0.836666667
Jute,2014,Kharif     ,CHHATTISGARH,139.0,0,1274.7,20983.44,45.87,0.0
Khesari,2014,Rabi       ,CHHATTISGARH,338202.0,297877,1274.7,51054973.92,111606.66,0.924347826
Linseed,2014,Rabi       ,CHHATTISGARH,27398.0,11178,1274.7,4136002.08,9041.34,0.40125
Maize,2014,Kharif     ,CHHATTISGARH,125074.0,235014,1274.7,18881171.04,41274.42,1.803333333
Masoor,2014,Rabi       ,CHHATTISGARH,15947.0,5427,1274.7,2407359.12,5262.51,0.327391304
Mesta,2014,Kharif     ,CHHATTISGARH,1133.0,2059,1274.7,171037.68,373.89,1.97
Moong(Green Gram),2014,Kharif     ,CHHATTISGARH,8803.0,2534,1274.7,1328900.88,2904.99,0.271481481
Moong(Green Gram),2014,Rabi       ,CHHATTISGARH,7622.0,1621,1274.7,1150617.12,2515.26,0.231304348
Niger seed,2014,Kharif     ,CHHATTISGARH,63559.0,11349,1274.7,9594866.64,20974.47,0.205882353
Onion,2014,Whole Year ,CHHATTISGARH,4808.0,42902,1274.7,725815.68,1586.64,8.960869565
Other  Rabi pulses,2014,Rabi       ,CHHATTISGARH,2717.0,380,1274.7,410158.32,896.61,0.184090909
Other Kharif pulses,2014,Kharif     ,CHHATTISGARH,9957.0,1827,1274.7,1503108.72,3285.81,0.247692308
Peas & beans (Pulses),2014,Rabi       ,CHHATTISGARH,13343.0,5154,1274.7,2014259.28,4403.19,0.3672
Potato,2014,Kharif     ,CHHATTISGARH,1995.0,11894,1274.7,301165.2,658.35,6.859166667
Potato,2014,Rabi       ,CHHATTISGARH,10522.0,62732,1274.7,1588401.12,3472.26,6.647727273
Ragi,2014,Kharif     ,CHHATTISGARH,7640.0,1987,1274.7,1153334.4,2521.2,0.235
Rapeseed &Mustard,2014,Rabi       ,CHHATTISGARH,46564.0,24586,1274.7,7029301.44,15366.12,0.51037037
Rice,2014,Kharif     ,CHHATTISGARH,4035700.0,7977746,1274.7,609229272.0,1331781.0,1.92962963
Safflower,2014,Rabi       ,CHHATTISGARH,1329.0,393,1274.7,200625.84,438.57,0.321818182
Sannhamp,2014,Kharif     ,CHHATTISGARH,1403.0,472,1274.7,211796.88,462.99,0.3145
Sesamum,2014,Kharif     ,CHHATTISGARH,17517.0,7918,1274.7,2644366.32,5780.61,0.44962963
Small millets,2014,Kharif     ,CHHATTISGARH,116185.0,27670,1274.7,17539287.6,38341.05,0.24
Soyabean,2014,Kharif     ,CHHATTISGARH,102811.0,50070,1274.7,15520348.56,33927.63,0.799565217
Sugarcane,2014,Whole Year ,CHHATTISGARH,12453.0,76149,1274.7,1879904.88,4109.49,6.040869565
Sunflower,2014,Kharif     ,CHHATTISGARH,2883.0,1001,1274.7,435217.68,951.39,0.370526316
Sweet potato,2014,Whole Year ,CHHATTISGARH,2553.0,13977,1274.7,385400.88,842.49,5.429230769
Tobacco,2014,Whole Year ,CHHATTISGARH,33.0,16,1274.7,4981.68,10.89,0.625
Turmeric,2014,Whole Year ,CHHATTISGARH,1880.0,1621,1274.7,283804.8,620.4,1.030416667
Urad,2014,Kharif     ,CHHATTISGARH,92613.0,29233,1274.7,13980858.48,30562.29,0.335555556
Urad,2014,Rabi       ,CHHATTISGARH,3256.0,863,1274.7,491525.76,1074.48,0.272380952
Wheat,2014,Rabi       ,CHHATTISGARH,103195.0,153321,1274.7,15578317.2,34054.35,1.745384615
Arhar/Tur,2014,Kharif     ,HIMACHAL PRADESH,20.0,7,1019.9,3019.2,6.6,0.243333333
Bajra,2014,Kharif     ,HIMACHAL PRADESH,657.0,342,1019.9,99180.72,216.81,0.518
Barley,2014,Rabi       ,HIMACHAL PRADESH,20374.0,36473,1019.9,3075659.04,6723.42,1.818181818
Coriander,2014,Rabi       ,HIMACHAL PRADESH,172.0,53,1019.9,25965.12,56.76,0.24
Cotton(lint),2014,Kharif     ,HIMACHAL PRADESH,4.0,2,1019.9,603.84,1.32,0.39
Dry chillies,2014,Kharif     ,HIMACHAL PRADESH,466.0,151,1019.9,70347.36,153.78,0.335
Garlic,2014,Rabi       ,HIMACHAL PRADESH,4608.0,6519,1019.9,695623.68,1520.64,1.084
Ginger,2014,Kharif     ,HIMACHAL PRADESH,2144.0,14712,1019.9,323658.24,707.52,6.611
Gram,2014,Rabi       ,HIMACHAL PRADESH,399.0,357,1019.9,60233.04,131.67,0.813333333
Groundnut,2014,Kharif     ,HIMACHAL PRADESH,44.0,28,1019.9,6642.24,14.52,0.7175
Horse-gram,2014,Kharif     ,HIMACHAL PRADESH,1472.0,607,1019.9,222213.12,485.76,0.375
Linseed,2014,Rabi       ,HIMACHAL PRADESH,680.0,163,1019.9,102652.8,224.4,0.235
Maize,2014,Kharif     ,HIMACHAL PRADESH,289204.0,503715,1019.9,43658235.84,95437.32,1.985
Masoor,2014,Rabi       ,HIMACHAL PRADESH,477.0,300,1019.9,72007.92,157.41,0.604444444
Moong(Green Gram),2014,Kharif     ,HIMACHAL PRADESH,222.0,97,1019.9,33513.12,73.26,0.485714286
Moth,2014,Kharif     ,HIMACHAL PRADESH,14.0,4,1019.9,2113.44,4.62,0.246666667
Onion,2014,Rabi       ,HIMACHAL PRADESH,806.0,7600,1019.9,121673.76,265.98,9.471
Other Kharif pulses,2014,Kharif     ,HIMACHAL PRADESH,6180.0,5244,1019.9,932932.8,2039.4,0.843333333
Peas & beans (Pulses),2014,Kharif     ,HIMACHAL PRADESH,1361.0,1693,1019.9,205456.56,449.13,1.296666667
Peas & beans (Pulses),2014,Rabi       ,HIMACHAL PRADESH,2040.0,597,1019.9,307958.4,673.2,0.3275
Potato,2014,Kharif     ,HIMACHAL PRADESH,6548.0,65364,1019.9,988486.08,2160.84,10.461
Potato,2014,Rabi       ,HIMACHAL PRADESH,3551.0,23045,1019.9,536058.96,1171.83,4.698
Ragi,2014,Kharif     ,HIMACHAL PRADESH,1908.0,1895,1019.9,288031.68,629.64,0.828571429
Rapeseed &Mustard,2014,Rabi       ,HIMACHAL PRADESH,8626.0,4723,1019.9,1302180.96,2846.58,0.491818182
Rice,2014,Kharif     ,HIMACHAL PRADESH,72380.0,116365,1019.9,10926484.8,23885.4,1.72
Sesamum,2014,Kharif     ,HIMACHAL PRADESH,1998.0,649,1019.9,301618.08,659.34,0.348888889
Small millets,2014,Kharif     ,HIMACHAL PRADESH,4122.0,2987,1019.9,622257.12,1360.26,0.738571429
Soyabean,2014,Kharif     ,HIMACHAL PRADESH,633.0,934,1019.9,95557.68,208.89,1.288571429
Sugarcane,2014,Whole Year ,HIMACHAL PRADESH,1600.0,36681,1019.9,241536.0,528.0,26.19142857
Tobacco,2014,Kharif     ,HIMACHAL PRADESH,0.8,2,1019.9,120.768,0.264,1.435
Turmeric,2014,Kharif     ,HIMACHAL PRADESH,256.0,143,1019.9,38645.76,84.48,0.512857143
Urad,2014,Kharif     ,HIMACHAL PRADESH,7342.0,3396,1019.9,1108348.32,2422.86,0.453636364
Wheat,2014,Rabi       ,HIMACHAL PRADESH,345548.0,639209,1019.9,52163926.08,114030.84,1.846666667
Arhar/Tur,2014,Kharif     ,PUNJAB,2600.0,2390,382.7,392496.0,858.0,0.877777778
Barley,2014,Rabi       ,PUNJAB,11000.0,39400,382.7,1660560.0,3630.0,3.538888889
Cotton(lint),2014,Kharif     ,PUNJAB,420000.0,1342000,382.7,63403200.0,138600.0,3.324444444
Gram,2014,Rabi       ,PUNJAB,1800.0,1950,382.7,271728.0,594.0,1.102222222
Groundnut,2014,Kharif     ,PUNJAB,1400.0,2600,382.7,211344.0,462.0,1.86
Guar seed,2014,Kharif     ,PUNJAB,28200.0,21200,382.7,4257072.0,9306.0,0.93875
Maize,2014,Kharif     ,PUNJAB,126000.0,460000,382.7,19020960.0,41580.0,3.918571429
Masoor,2014,Rabi       ,PUNJAB,800.0,470,382.7,120768.0,264.0,0.575
Moong(Green Gram),2014,Kharif     ,PUNJAB,3700.0,3100,382.7,558552.0,1221.0,0.921818182
Peas & beans (Pulses),2014,Rabi       ,PUNJAB,2200.0,2560,382.7,332112.0,726.0,1.156
Rapeseed &Mustard,2014,Rabi       ,PUNJAB,31000.0,38700,382.7,4679760.0,10230.0,1.261052632
Rice,2014,Kharif     ,PUNJAB,2894000.0,11107000,382.7,436878240.0,955020.0,3.728181818
Sesamum,2014,Kharif     ,PUNJAB,4700.0,1400,382.7,709512.0,1551.0,0.27
Sugarcane,2014,Whole Year ,PUNJAB,94000.0,7039000,382.7,14190240.0,31020.0,77.41266667
Urad,2014,Kharif     ,PUNJAB,2200.0,1210,382.7,332112.0,726.0,0.523333333
Wheat,2014,Rabi       ,PUNJAB,3505000.0,15050000,382.7,529114800.0,1156650.0,4.174090909
Arhar/Tur,2014,Kharif     ,TELANGANA,219791.0,108665,746.4,33179649.36,72531.03,0.497777778
Arhar/Tur,2014,Rabi       ,TELANGANA,878.0,614,746.4,132542.88,289.74,0.528571429
Bajra,2014,Kharif     ,TELANGANA,1975.0,1851,746.4,298146.0,651.75,0.848
Bajra,2014,Rabi       ,TELANGANA,9243.0,8659,746.4,1395323.28,3050.19,0.923333333
Banana,2014,Kharif     ,TELANGANA,1707.0,71988,746.4,257688.72,563.31,42.26375
Cashewnut,2014,Kharif     ,TELANGANA,4089.0,2290,746.4,617275.44,1349.37,0.57
Castor seed,2014,Kharif     ,TELANGANA,49717.0,28724,746.4,7505278.32,16406.61,0.474285714
Castor seed,2014,Rabi       ,TELANGANA,1000.0,576,746.4,150960.0,330.0,0.5025
Coconut ,2014,Whole Year ,TELANGANA,439.0,9265095,746.4,66271.44,144.87,21105.0
Coriander,2014,Whole Year ,TELANGANA,1597.0,382,746.4,241083.12,527.01,0.241428571
Cotton(lint),2014,Kharif     ,TELANGANA,1662925.0,3583327,746.4,251035158.0,548765.25,2.068888889
Cowpea(Lobia),2014,Kharif     ,TELANGANA,1642.0,1511,746.4,247876.32,541.86,0.94
Cowpea(Lobia),2014,Rabi       ,TELANGANA,8538.0,8385,746.4,1288896.48,2817.54,0.97
Dry chillies,2014,Kharif     ,TELANGANA,55485.0,180323,746.4,8376015.6,18310.05,2.612222222
Dry chillies,2014,Rabi       ,TELANGANA,17789.0,72937,746.4,2685427.44,5870.37,4.2025
Ginger,2014,Kharif     ,TELANGANA,2186.0,16540,746.4,329998.56,721.38,7.78
Gram,2014,Rabi       ,TELANGANA,59337.0,81277,746.4,8957513.52,19581.21,1.283333333
Groundnut,2014,Kharif     ,TELANGANA,12402.0,21533,746.4,1872205.92,4092.66,1.36125
Groundnut,2014,Rabi       ,TELANGANA,142396.0,273702,746.4,21496100.16,46990.68,1.85
Horse-gram,2014,Kharif     ,TELANGANA,529.0,274,746.4,79857.84,174.57,0.51
Horse-gram,2014,Rabi       ,TELANGANA,1778.0,679,746.4,268406.88,586.74,0.39375
Jowar,2014,Kharif     ,TELANGANA,42616.0,46996,746.4,6433311.36,14063.28,0.885555556
Jowar,2014,Rabi       ,TELANGANA,36385.0,36271,746.4,5492679.6,12007.05,0.974444444
Linseed,2014,Rabi       ,TELANGANA,45.0,18,746.4,6793.2,14.85,0.4
Maize,2014,Kharif     ,TELANGANA,521865.0,1408615,746.4,78780740.4,172215.45,2.935555556
Maize,2014,Rabi       ,TELANGANA,169606.0,899436,746.4,25603721.76,55969.98,4.993333333
Masoor,2014,Rabi       ,TELANGANA,54.0,21,746.4,8151.84,17.82,0.39
Mesta,2014,Kharif     ,TELANGANA,7.0,50,746.4,1056.72,2.31,7.14
Mesta,2014,Rabi       ,TELANGANA,170.0,1205,746.4,25663.2,56.1,7.09
Moong(Green Gram),2014,Kharif     ,TELANGANA,69848.0,34548,746.4,10544254.08,23049.84,0.47
Moong(Green Gram),2014,Rabi       ,TELANGANA,17504.0,10306,746.4,2642403.84,5776.32,0.59625
Onion,2014,Kharif     ,TELANGANA,5552.0,86305,746.4,838129.92,1832.16,15.05142857
Onion,2014,Rabi       ,TELANGANA,8367.0,228542,746.4,1263082.32,2761.11,26.84555556
Other  Rabi pulses,2014,Rabi       ,TELANGANA,107.0,141,746.4,16152.72,35.31,1.11
Other Kharif pulses,2014,Kharif     ,TELANGANA,146.0,75,746.4,22040.16,48.18,0.603333333
Potato,2014,Kharif     ,TELANGANA,9.0,173,746.4,1358.64,2.97,19.22
Potato,2014,Rabi       ,TELANGANA,3037.0,41069,746.4,458465.52,1002.21,14.92
Ragi,2014,Kharif     ,TELANGANA,1196.0,1333,746.4,180548.16,394.68,1.38
Ragi,2014,Rabi       ,TELANGANA,331.0,415,746.4,49967.76,109.23,1.2675
Rapeseed &Mustard,2014,Rabi       ,TELANGANA,2254.0,3962,746.4,340263.84,743.82,1.62
Rice,2014,Kharif     ,TELANGANA,920307.0,2854873,746.4,138929544.7,303701.31,2.958888889
Rice,2014,Rabi       ,TELANGANA,495113.0,1690109,746.4,74742258.48,163387.29,3.332222222
Safflower,2014,Rabi       ,TELANGANA,4155.0,3100,746.4,627238.8,1371.15,0.752
Sesamum,2014,Kharif     ,TELANGANA,5480.0,1087,746.4,827260.8,1808.4,0.20125
Sesamum,2014,Rabi       ,TELANGANA,18324.0,8565,746.4,2766191.04,6046.92,0.421428571
Small millets,2014,Kharif     ,TELANGANA,134.0,85,746.4,20228.64,44.22,0.63
Soyabean,2014,Kharif     ,TELANGANA,242517.0,262188,746.4,36610366.32,80030.61,1.067142857
Soyabean,2014,Rabi       ,TELANGANA,122.0,165,746.4,18417.12,40.26,1.185
Sugarcane,2014,Kharif     ,TELANGANA,38139.0,3343035,746.4,5757463.44,12585.87,83.8575
Sunflower,2014,Kharif     ,TELANGANA,1369.0,1395,746.4,206664.24,451.77,1.013333333
Sunflower,2014,Rabi       ,TELANGANA,17002.0,24272,746.4,2566621.92,5610.66,1.321111111
Sweet potato,2014,Kharif     ,TELANGANA,7.0,55,746.4,1056.72,2.31,7.9
Sweet potato,2014,Rabi       ,TELANGANA,96.0,744,746.4,14492.16,31.68,7.745
Tobacco,2014,Kharif     ,TELANGANA,1534.0,3466,746.4,231572.64,506.22,3.016666667
Tobacco,2014,Rabi       ,TELANGANA,4551.0,12509,746.4,687018.96,1501.83,2.82125
Turmeric,2014,Kharif     ,TELANGANA,43470.0,216236,746.4,6562231.2,14345.1,4.693333333
Urad,2014,Kharif     ,TELANGANA,19851.0,13022,746.4,2996706.96,6550.83,0.66875
Urad,2014,Rabi       ,TELANGANA,8164.0,3316,746.4,1232437.44,2694.12,0.41
Wheat,2014,Rabi       ,TELANGANA,5828.0,6929,746.4,879794.88,1923.24,1.156
other oilseeds,2014,Kharif     ,TELANGANA,3475.0,92269,746.4,524586.0,1146.75,13.84
Arhar/Tur,2014,Kharif     ,UTTARAKHAND,3150.0,2854,1287.4,475524.0,1039.5,0.7825
Bajra,2014,Kharif     ,UTTARAKHAND,2.0,2,1287.4,301.92,0.66,1.0
Barley,2014,Rabi       ,UTTARAKHAND,21054.0,24800,1287.4,3178311.84,6947.82,1.170769231
Garlic,2014,Kharif     ,UTTARAKHAND,2081.0,24774,1287.4,314147.76,686.73,11.075
Garlic,2014,Whole Year ,UTTARAKHAND,2926.0,20380,1287.4,441708.96,965.58,6.896086957
Gram,2014,Rabi       ,UTTARAKHAND,601.0,514,1287.4,90726.96,198.33,0.771
Groundnut,2014,Kharif     ,UTTARAKHAND,1185.0,1306,1287.4,178887.6,391.05,1.068333333
Horse-gram,2014,Kharif     ,UTTARAKHAND,12109.0,9783,1287.4,1827974.64,3995.97,0.807272727
Linseed,2014,Rabi       ,UTTARAKHAND,2.0,1,1287.4,301.92,0.66,0.5
Maize,2014,Kharif     ,UTTARAKHAND,23757.0,49135,1287.4,3586356.72,7839.81,1.822307692
Maize,2014,Summer     ,UTTARAKHAND,36.0,80,1287.4,5434.56,11.88,2.205
Masoor,2014,Rabi       ,UTTARAKHAND,10417.0,7352,1287.4,1572550.32,3437.61,0.679230769
Moong(Green Gram),2014,Kharif     ,UTTARAKHAND,17.0,10,1287.4,2566.32,5.61,0.843333333
Moong(Green Gram),2014,Summer     ,UTTARAKHAND,17.0,9,1287.4,2566.32,5.61,0.75
Moth,2014,Kharif     ,UTTARAKHAND,37.0,16,1287.4,5585.52,12.21,0.43
Onion,2014,Whole Year ,UTTARAKHAND,2825.0,14786,1287.4,426462.0,932.25,5.744166667
Other  Rabi pulses,2014,Rabi       ,UTTARAKHAND,6.0,5,1287.4,905.76,1.98,0.9175
Other Cereals,2014,Kharif     ,UTTARAKHAND,1209.0,587,1287.4,182510.64,398.97,0.498333333
Other Cereals,2014,Rabi       ,UTTARAKHAND,603.0,530,1287.4,91028.88,198.99,0.88
Other Kharif pulses,2014,Kharif     ,UTTARAKHAND,12717.0,11859,1287.4,1919758.32,4196.61,0.955454545
Peas & beans (Pulses),2014,Rabi       ,UTTARAKHAND,5572.0,5393,1287.4,841149.12,1838.76,0.733333333
Potato,2014,Kharif     ,UTTARAKHAND,6561.0,70178,1287.4,990448.56,2165.13,9.715
Potato,2014,Rabi       ,UTTARAKHAND,5262.0,50495,1287.4,794351.52,1736.46,10.41461538
Ragi,2014,Kharif     ,UTTARAKHAND,107904.0,149033,1287.4,16289187.84,35608.32,1.483636364
Rapeseed &Mustard,2014,Rabi       ,UTTARAKHAND,14052.0,9963,1287.4,2121289.92,4637.16,0.68
Rice,2014,Kharif     ,UTTARAKHAND,247698.0,561856,1287.4,37392490.08,81740.34,1.738461538
Rice,2014,Summer     ,UTTARAKHAND,12394.0,39004,1287.4,1870998.24,4090.02,3.15
Sesamum,2014,Kharif     ,UTTARAKHAND,1540.0,408,1287.4,232478.4,508.2,0.256153846
Small millets,2014,Kharif     ,UTTARAKHAND,59534.0,78546,1287.4,8987252.64,19646.22,1.311818182
Soyabean,2014,Kharif     ,UTTARAKHAND,10772.0,14327,1287.4,1626141.12,3554.76,0.903333333
Sugarcane,2014,Whole Year ,UTTARAKHAND,100737.0,6108965,1287.4,15207257.52,33243.21,63.462
Sunflower,2014,Whole Year ,UTTARAKHAND,40.0,43,1287.4,6038.4,13.2,1.0375
Tobacco,2014,Whole Year ,UTTARAKHAND,5.0,10,1287.4,754.8,1.65,2.0
Turmeric,2014,Whole Year ,UTTARAKHAND,903.0,1740,1287.4,136316.88,297.99,1.877
Urad,2014,Kharif     ,UTTARAKHAND,12610.0,9538,1287.4,1903605.6,4161.3,0.75
Urad,2014,Summer     ,UTTARAKHAND,57.0,32,1287.4,8604.72,18.81,0.58
Wheat,2014,Rabi       ,UTTARAKHAND,343879.0,662026,1287.4,51911973.84,113480.07,1.543076923
other oilseeds,2014,Kharif     ,UTTARAKHAND,134.0,91,1287.4,20228.64,44.22,0.674
other oilseeds,2014,Rabi       ,UTTARAKHAND,420.0,198,1287.4,63403.2,138.6,0.535
Arhar/Tur,2014,Rabi       ,JHARKHAND,33169.0,44945,1156.6,5007192.24,10945.77,1.818695652
Gram,2014,Rabi       ,JHARKHAND,27679.0,22059,1156.6,4178421.84,9134.07,0.883333333
Maize,2014,Autumn     ,JHARKHAND,106524.0,230750,1156.6,16080863.04,35152.92,1.71625
Masoor,2014,Rabi       ,JHARKHAND,6532.0,4850,1156.6,986070.72,2155.56,0.711176471
Onion,2014,Rabi       ,JHARKHAND,3714.0,21861,1156.6,560665.44,1225.62,6.09375
Peas & beans (Pulses),2014,Rabi       ,JHARKHAND,5571.0,5325,1156.6,840998.16,1838.43,0.9
Potato,2014,Rabi       ,JHARKHAND,16999.0,121786,1156.6,2566169.04,5609.67,7.075
Potato,2014,Winter     ,JHARKHAND,21548.0,157894,1156.6,3252886.08,7110.84,7.390869565
Ragi,2014,Autumn     ,JHARKHAND,21395.0,20856,1156.6,3229789.2,7060.35,0.929473684
Rapeseed &Mustard,2014,Rabi       ,JHARKHAND,27096.0,24208,1156.6,4090412.16,8941.68,0.9625
Rice,2014,Autumn     ,JHARKHAND,139909.0,143816,1156.6,21120662.64,46169.97,1.01
Rice,2014,Winter     ,JHARKHAND,849093.0,1248966,1156.6,128179079.3,280200.69,1.416666667
Sugarcane,2014,Whole Year ,JHARKHAND,713.0,37431,1156.6,107634.48,235.29,42.421
Wheat,2014,Rabi       ,JHARKHAND,63741.0,96435,1156.6,9622341.36,21034.53,1.46625
Wheat,2014,Winter     ,JHARKHAND,23515.0,42516,1156.6,3549824.4,7759.95,1.436428571
Arhar/Tur,2015,Kharif     ,BIHAR,23543.0,37134,874.0,3717675.13,7769.19,1.595833333
Bajra,2015,Kharif     ,BIHAR,4095.0,4639,874.0,646641.45,1351.35,1.1
Barley,2015,Rabi       ,BIHAR,10655.0,13898,874.0,1682531.05,3516.15,1.310769231
Castor seed,2015,Kharif     ,BIHAR,43.0,41,874.0,6790.13,14.19,0.968
Gram,2015,Rabi       ,BIHAR,59367.0,58545,874.0,9374642.97,19591.11,1.020666667
Groundnut,2015,Kharif     ,BIHAR,492.0,501,874.0,77691.72,162.36,1.0075
Horse-gram,2015,Kharif     ,BIHAR,7763.0,7210,874.0,1225855.33,2561.79,0.925
Jowar,2015,Kharif     ,BIHAR,1611.0,1713,874.0,254393.01,531.63,1.066666667
Jute,2015,Kharif     ,BIHAR,93909.0,1308635,874.0,14829170.19,30989.97,15.8025
Khesari,2015,Rabi       ,BIHAR,54606.0,50987,874.0,8622833.46,18019.98,0.938571429
Linseed,2015,Rabi       ,BIHAR,15033.0,12911,874.0,2373861.03,4960.89,0.873333333
Maize,2015,Autumn     ,BIHAR,270700.0,692696,874.0,42746237.0,89331.0,2.795263158
Maize,2015,Rabi       ,BIHAR,249982.0,1105141,874.0,39474657.62,82494.06,3.842352941
Maize,2015,Summer     ,BIHAR,184273.0,719263,874.0,29098549.43,60810.09,3.562972973
Masoor,2015,Rabi       ,BIHAR,150695.0,140439,874.0,23796247.45,49729.35,0.878684211
Mesta,2015,Kharif     ,BIHAR,16476.0,321729,874.0,2601725.16,5437.08,17.67875
Moong(Green Gram),2015,Kharif     ,BIHAR,12217.0,8342,874.0,1929186.47,4031.61,0.675806452
Moong(Green Gram),2015,Summer     ,BIHAR,157006.0,86019,874.0,24792817.46,51811.98,0.686486486
Other  Rabi pulses,2015,Rabi       ,BIHAR,727.0,734,874.0,114800.57,239.91,1.005454545
Other Kharif pulses,2015,Kharif     ,BIHAR,1686.0,1379,874.0,266236.26,556.38,0.874545455
Peas & beans (Pulses),2015,Rabi       ,BIHAR,17035.0,17941,874.0,2689996.85,5621.55,1.041388889
Ragi,2015,Kharif     ,BIHAR,6925.0,9893,874.0,1093526.75,2285.25,1.276086957
Rapeseed &Mustard,2015,Rabi       ,BIHAR,89657.0,94392,874.0,14157736.87,29586.81,1.002894737
Rice,2015,Autumn     ,BIHAR,549012.0,725206,874.0,86694484.92,181173.96,1.347142857
Rice,2015,Summer     ,BIHAR,81302.0,200983,874.0,12838398.82,26829.66,2.528333333
Rice,2015,Winter     ,BIHAR,2602000.0,5876027,874.0,410881820.0,858660.0,2.166052632
Safflower,2015,Rabi       ,BIHAR,106.0,85,874.0,16738.46,34.98,0.933333333
Sannhamp,2015,Kharif     ,BIHAR,1239.0,999,874.0,195650.49,408.87,0.83375
Sesamum,2015,Kharif     ,BIHAR,2754.0,2390,874.0,434884.14,908.82,0.883461538
Small millets,2015,Kharif     ,BIHAR,1769.0,1338,874.0,279342.79,583.77,0.818888889
Sugarcane,2015,Whole Year ,BIHAR,244021.0,11914615,874.0,38533356.11,80526.93,61.67833333
Sunflower,2015,Rabi       ,BIHAR,11404.0,16203,874.0,1800805.64,3763.32,1.389583333
Tobacco,2015,Whole Year ,BIHAR,9104.0,15805,874.0,1437612.64,3004.32,1.743636364
Urad,2015,Kharif     ,BIHAR,13651.0,12048,874.0,2155629.41,4504.83,0.906785714
Wheat,2015,Rabi       ,BIHAR,2110750.0,4736448,874.0,333308532.5,696547.5,2.312631579
Arhar/Tur,2015,Kharif     ,CHHATTISGARH,65109.0,30601,1136.0,10281362.19,21485.97,0.482962963
Bajra,2015,Kharif     ,CHHATTISGARH,50.0,17,1136.0,7895.5,16.5,0.2675
Bajra,2015,Whole Year ,CHHATTISGARH,1211.0,28523,1136.0,191229.01,399.63,21.06958333
Barley,2015,Rabi       ,CHHATTISGARH,1057.0,666,1136.0,166910.87,348.81,0.70375
Castor seed,2015,Rabi       ,CHHATTISGARH,54.0,17,1136.0,8527.14,17.82,0.278571429
Coconut ,2015,Whole Year ,CHHATTISGARH,58.0,0,1136.0,9158.78,19.14,0.0
Coriander,2015,Whole Year ,CHHATTISGARH,2424.0,700,1136.0,382773.84,799.92,0.258148148
Cotton(lint),2015,Whole Year ,CHHATTISGARH,49.0,94,1136.0,7737.59,16.17,2.0325
Dry chillies,2015,Whole Year ,CHHATTISGARH,6939.0,3039,1136.0,1095737.49,2289.87,0.458888889
Garlic,2015,Whole Year ,CHHATTISGARH,1185.0,3086,1136.0,187123.35,391.05,2.85
Ginger,2015,Whole Year ,CHHATTISGARH,1970.0,2392,1136.0,311082.7,650.1,1.194736842
Gram,2015,Rabi       ,CHHATTISGARH,280929.0,218843,1136.0,44361498.39,92706.57,0.778
Groundnut,2015,Kharif     ,CHHATTISGARH,29016.0,37228,1136.0,4581916.56,9575.28,1.253333333
Horse-gram,2015,Kharif     ,CHHATTISGARH,40528.0,14052,1136.0,6399776.48,13374.24,0.39
Horse-gram,2015,Rabi       ,CHHATTISGARH,3820.0,1036,1136.0,603216.2,1260.6,0.263333333
Jowar,2015,Whole Year ,CHHATTISGARH,5414.0,4358,1136.0,854924.74,1786.62,0.923181818
Jute,2015,Kharif     ,CHHATTISGARH,134.0,0,1136.0,21159.94,44.22,0.0
Khesari,2015,Rabi       ,CHHATTISGARH,273764.0,172471,1136.0,43230073.24,90342.12,0.470434783
Linseed,2015,Rabi       ,CHHATTISGARH,25078.0,9455,1136.0,3960066.98,8275.74,0.38
Maize,2015,Kharif     ,CHHATTISGARH,126356.0,237676,1136.0,19952875.96,41697.48,1.733333333
Masoor,2015,Rabi       ,CHHATTISGARH,16615.0,5516,1136.0,2623674.65,5482.95,0.297826087
Mesta,2015,Kharif     ,CHHATTISGARH,1163.0,2115,1136.0,183649.33,383.79,2.08
Moong(Green Gram),2015,Kharif     ,CHHATTISGARH,9915.0,4561,1136.0,1565677.65,3271.95,0.371111111
Moong(Green Gram),2015,Rabi       ,CHHATTISGARH,4973.0,2002,1136.0,785286.43,1641.09,0.347826087
Niger seed,2015,Kharif     ,CHHATTISGARH,64276.0,10241,1136.0,10149823.16,21211.08,0.177368421
Onion,2015,Whole Year ,CHHATTISGARH,5170.0,31072,1136.0,816394.7,1706.1,5.973043478
Other  Rabi pulses,2015,Rabi       ,CHHATTISGARH,2388.0,399,1136.0,377089.08,788.04,0.180416667
Other Kharif pulses,2015,Kharif     ,CHHATTISGARH,6362.0,1569,1136.0,1004623.42,2099.46,0.2444
Peas & beans (Pulses),2015,Rabi       ,CHHATTISGARH,12843.0,4604,1136.0,2028038.13,4238.19,0.3472
Potato,2015,Kharif     ,CHHATTISGARH,1537.0,10321,1136.0,242707.67,507.21,8.379166667
Potato,2015,Rabi       ,CHHATTISGARH,11197.0,75177,1136.0,1768118.27,3695.01,7.626818182
Ragi,2015,Kharif     ,CHHATTISGARH,8042.0,1521,1136.0,1269912.22,2653.86,0.195
Rapeseed &Mustard,2015,Rabi       ,CHHATTISGARH,46280.0,25962,1136.0,7308074.8,15272.4,0.541111111
Rice,2015,Kharif     ,CHHATTISGARH,3959746.0,5154328,1136.0,625283490.9,1306716.18,1.21962963
Safflower,2015,Rabi       ,CHHATTISGARH,734.0,247,1136.0,115905.94,242.22,0.3275
Sannhamp,2015,Kharif     ,CHHATTISGARH,1312.0,621,1136.0,207177.92,432.96,0.405238095
Sesamum,2015,Kharif     ,CHHATTISGARH,19455.0,7662,1136.0,3072139.05,6420.15,0.388518519
Small millets,2015,Kharif     ,CHHATTISGARH,112804.0,18694,1136.0,17812879.64,37225.32,0.17962963
Soyabean,2015,Kharif     ,CHHATTISGARH,114985.0,40098,1136.0,18157281.35,37945.05,0.532222222
Sugarcane,2015,Whole Year ,CHHATTISGARH,19221.0,46895,1136.0,3035188.11,6342.93,2.912272727
Sunflower,2015,Kharif     ,CHHATTISGARH,2471.0,808,1136.0,390195.61,815.43,0.472631579
Sweet potato,2015,Whole Year ,CHHATTISGARH,2652.0,15570,1136.0,418777.32,875.16,5.950740741
Turmeric,2015,Whole Year ,CHHATTISGARH,1800.0,1523,1136.0,284238.0,594.0,1.093181818
Urad,2015,Kharif     ,CHHATTISGARH,93650.0,28058,1136.0,14788271.5,30904.5,0.322962963
Urad,2015,Rabi       ,CHHATTISGARH,3301.0,848,1136.0,521260.91,1089.33,0.263809524
Wheat,2015,Rabi       ,CHHATTISGARH,105785.0,142329,1136.0,16704509.35,34909.05,1.522
Arhar/Tur,2015,Kharif     ,HIMACHAL PRADESH,45.0,15,1223.2,7105.95,14.85,0.32
Bajra,2015,Kharif     ,HIMACHAL PRADESH,79.0,46,1223.2,12474.89,26.07,0.614
Barley,2015,Rabi       ,HIMACHAL PRADESH,19160.0,33587,1223.2,3025555.6,6322.8,1.665454545
Coriander,2015,Rabi       ,HIMACHAL PRADESH,118.0,43,1223.2,18633.38,38.94,0.514444444
Dry chillies,2015,Kharif     ,HIMACHAL PRADESH,599.0,217,1223.2,94588.09,197.67,0.347777778
Garlic,2015,Rabi       ,HIMACHAL PRADESH,4404.0,6537,1223.2,695435.64,1453.32,1.164
Ginger,2015,Kharif     ,HIMACHAL PRADESH,2276.0,15389,1223.2,359403.16,751.08,6.84
Gram,2015,Rabi       ,HIMACHAL PRADESH,358.0,354,1223.2,56531.78,118.14,0.842222222
Groundnut,2015,Kharif     ,HIMACHAL PRADESH,35.0,33,1223.2,5526.85,11.55,0.905
Horse-gram,2015,Kharif     ,HIMACHAL PRADESH,1614.0,757,1223.2,254866.74,532.62,0.452
Linseed,2015,Rabi       ,HIMACHAL PRADESH,803.0,235,1223.2,126801.73,264.99,0.29
Maize,2015,Kharif     ,HIMACHAL PRADESH,280811.0,708527,1223.2,44342865.01,92667.63,2.868333333
Masoor,2015,Rabi       ,HIMACHAL PRADESH,441.0,296,1223.2,69638.31,145.53,0.564444444
Moong(Green Gram),2015,Kharif     ,HIMACHAL PRADESH,130.0,64,1223.2,20528.3,42.9,0.5
Moth,2015,Kharif     ,HIMACHAL PRADESH,17.0,6,1223.2,2684.47,5.61,0.216666667
Onion,2015,Rabi       ,HIMACHAL PRADESH,854.0,8696,1223.2,134855.14,281.82,9.954
Other  Rabi pulses,2015,Rabi       ,HIMACHAL PRADESH,10078.0,39978,1223.2,1591416.98,3325.74,3.968333333
Other Kharif pulses,2015,Kharif     ,HIMACHAL PRADESH,6504.0,5710,1223.2,1027046.64,2146.32,0.895
Peas & beans (Pulses),2015,Kharif     ,HIMACHAL PRADESH,1377.0,1751,1223.2,217442.07,454.41,1.306666667
Peas & beans (Pulses),2015,Rabi       ,HIMACHAL PRADESH,2353.0,5176,1223.2,371562.23,776.49,2.08
Potato,2015,Kharif     ,HIMACHAL PRADESH,6475.0,58138,1223.2,1022467.25,2136.75,10.163
Potato,2015,Rabi       ,HIMACHAL PRADESH,3412.0,23371,1223.2,538788.92,1125.96,4.737
Ragi,2015,Kharif     ,HIMACHAL PRADESH,1817.0,1877,1223.2,286922.47,599.61,0.845714286
Rapeseed &Mustard,2015,Rabi       ,HIMACHAL PRADESH,8326.0,4405,1223.2,1314758.66,2747.58,0.455454545
Rice,2015,Kharif     ,HIMACHAL PRADESH,71614.0,114670,1223.2,11308566.74,23632.62,1.612727273
Sesamum,2015,Kharif     ,HIMACHAL PRADESH,127.0,43,1223.2,20054.57,41.91,0.314444444
Small millets,2015,Kharif     ,HIMACHAL PRADESH,4098.0,2908,1223.2,647115.18,1352.34,0.772857143
Soyabean,2015,Kharif     ,HIMACHAL PRADESH,554.0,925,1223.2,87482.14,182.82,1.657142857
Sugarcane,2015,Whole Year ,HIMACHAL PRADESH,1874.0,37516,1223.2,295923.34,618.42,16.19714286
Turmeric,2015,Kharif     ,HIMACHAL PRADESH,206.0,113,1223.2,32529.46,67.98,0.5225
Urad,2015,Kharif     ,HIMACHAL PRADESH,6922.0,3327,1223.2,1093053.02,2284.26,0.579090909
Wheat,2015,Rabi       ,HIMACHAL PRADESH,342675.0,602287,1223.2,54111809.25,113082.75,1.605
Arhar/Tur,2015,Kharif     ,PUNJAB,2600.0,2630,512.6,410566.0,858.0,1.00625
Barley,2015,Rabi       ,PUNJAB,9000.0,33300,512.6,1421190.0,2970.0,3.621428571
Cotton(lint),2015,Kharif     ,PUNJAB,339000.0,393000,512.6,53531490.0,111870.0,1.264444444
Gram,2015,Rabi       ,PUNJAB,1700.0,2180,512.6,268447.0,561.0,1.2575
Groundnut,2015,Kharif     ,PUNJAB,1000.0,1900,512.6,157910.0,330.0,1.9
Guar seed,2015,Kharif     ,PUNJAB,48600.0,33440,512.6,7674426.0,16038.0,0.8225
Maize,2015,Kharif     ,PUNJAB,115000.0,424000,512.6,18159650.0,37950.0,3.759230769
Masoor,2015,Rabi       ,PUNJAB,600.0,420,512.6,94746.0,198.0,0.65
Moong(Green Gram),2015,Kharif     ,PUNJAB,6400.0,4290,512.6,1010624.0,2112.0,0.699230769
Peas & beans (Pulses),2015,Rabi       ,PUNJAB,3500.0,5300,512.6,552685.0,1155.0,1.475
Rapeseed &Mustard,2015,Rabi       ,PUNJAB,31000.0,41800,512.6,4895210.0,10230.0,1.329411765
Rice,2015,Kharif     ,PUNJAB,2975000.0,11823000,512.6,469782250.0,981750.0,3.923181818
Sesamum,2015,Kharif     ,PUNJAB,4700.0,1550,512.6,742177.0,1551.0,0.352727273
Sugarcane,2015,Whole Year ,PUNJAB,90000.0,6607000,512.6,14211900.0,29700.0,77.086
Urad,2015,Kharif     ,PUNJAB,2000.0,1080,512.6,315820.0,660.0,0.614
Wheat,2015,Rabi       ,PUNJAB,3508000.0,16077000,512.6,553948280.0,1157640.0,4.552272727
Arhar/Tur,2015,Kharif     ,TELANGANA,247514.0,103903,747.9,39084935.74,81679.62,0.496666667
Arhar/Tur,2015,Rabi       ,TELANGANA,1415.0,937,747.9,223442.65,466.95,0.5225
Bajra,2015,Kharif     ,TELANGANA,1632.0,1531,747.9,257709.12,538.56,0.882
Bajra,2015,Rabi       ,TELANGANA,4268.0,4003,747.9,673959.88,1408.44,0.864
Banana,2015,Kharif     ,TELANGANA,1756.0,84008,747.9,277289.96,579.48,48.41333333
Cashewnut,2015,Kharif     ,TELANGANA,3036.0,2146,747.9,479414.76,1001.88,0.71
Castor seed,2015,Kharif     ,TELANGANA,47373.0,16948,747.9,7480670.43,15633.09,0.34875
Castor seed,2015,Rabi       ,TELANGANA,601.0,213,747.9,94903.91,198.33,0.338
Coriander,2015,Kharif     ,TELANGANA,11.0,8,747.9,1737.01,3.63,0.73
Coriander,2015,Rabi       ,TELANGANA,998.0,382,747.9,157594.18,329.34,0.402857143
Cotton(lint),2015,Kharif     ,TELANGANA,1773256.0,3733072,747.9,280014855.0,585174.48,1.973333333
Cowpea(Lobia),2015,Kharif     ,TELANGANA,2167.0,1135,747.9,342190.97,715.11,0.511666667
Cowpea(Lobia),2015,Rabi       ,TELANGANA,6021.0,16132,747.9,950776.11,1986.93,2.523333333
Dry chillies,2015,Kharif     ,TELANGANA,65188.0,182753,747.9,10293837.08,21512.04,2.255555556
Dry chillies,2015,Rabi       ,TELANGANA,16409.0,44857,747.9,2591145.19,5414.97,2.717777778
Garlic,2015,Rabi       ,TELANGANA,285.0,1009,747.9,45004.35,94.05,3.5225
Ginger,2015,Kharif     ,TELANGANA,1822.0,11862,747.9,287712.02,601.26,5.5225
Ginger,2015,Rabi       ,TELANGANA,6.0,39,747.9,947.46,1.98,6.5
Gram,2015,Rabi       ,TELANGANA,69846.0,50357,747.9,11029381.86,23049.18,0.917777778
Groundnut,2015,Kharif     ,TELANGANA,13470.0,21503,747.9,2127047.7,4445.1,1.348333333
Groundnut,2015,Rabi       ,TELANGANA,114331.0,184409,747.9,18054008.21,37729.23,1.725555556
Horse-gram,2015,Kharif     ,TELANGANA,510.0,110,747.9,80534.1,168.3,0.22
Horse-gram,2015,Rabi       ,TELANGANA,1530.0,684,747.9,241602.3,504.9,0.418888889
Jowar,2015,Kharif     ,TELANGANA,45161.0,50527,747.9,7131373.51,14903.13,0.96
Jowar,2015,Rabi       ,TELANGANA,31197.0,25176,747.9,4926318.27,10295.01,0.867777778
Linseed,2015,Rabi       ,TELANGANA,7.0,3,747.9,1105.37,2.31,0.43
Maize,2015,Kharif     ,TELANGANA,454308.0,1161260,747.9,71739776.28,149921.64,2.983333333
Maize,2015,Rabi       ,TELANGANA,118486.0,589814,747.9,18710124.26,39100.38,4.658888889
Masoor,2015,Rabi       ,TELANGANA,46.0,16,747.9,7263.86,15.18,0.35
Moong(Green Gram),2015,Kharif     ,TELANGANA,411094.0,421667,747.9,64915853.54,135661.02,1.773333333
Moong(Green Gram),2015,Rabi       ,TELANGANA,152891.0,213712,747.9,24143017.81,50454.03,1.04
Onion,2015,Kharif     ,TELANGANA,5269.0,74452,747.9,832027.79,1738.77,13.5075
Onion,2015,Rabi       ,TELANGANA,10462.0,315376,747.9,1652054.42,3452.46,28.95888889
Other  Rabi pulses,2015,Rabi       ,TELANGANA,54.0,21,747.9,8527.14,17.82,0.305
Other Kharif pulses,2015,Kharif     ,TELANGANA,100.0,37,747.9,15791.0,33.0,0.343333333
Potato,2015,Rabi       ,TELANGANA,2220.0,28466,747.9,350560.2,732.6,13.8
Ragi,2015,Kharif     ,TELANGANA,742.0,404,747.9,117169.22,244.86,0.666666667
Ragi,2015,Rabi       ,TELANGANA,178.0,110,747.9,28107.98,58.74,0.663333333
Rapeseed &Mustard,2015,Rabi       ,TELANGANA,1365.0,1665,747.9,215547.15,450.45,1.023333333
Rice,2015,Kharif     ,TELANGANA,748713.0,2197030,747.9,118229269.8,247075.29,2.822222222
Rice,2015,Rabi       ,TELANGANA,297475.0,850259,747.9,46974277.25,98166.75,2.785555556
Safflower,2015,Rabi       ,TELANGANA,3855.0,2581,747.9,608743.05,1272.15,0.806
Sesamum,2015,Kharif     ,TELANGANA,4012.0,148,747.9,633534.92,1323.96,0.068571429
Sesamum,2015,Rabi       ,TELANGANA,9865.0,2770,747.9,1557782.15,3255.45,0.242857143
Small millets,2015,Kharif     ,TELANGANA,1246.0,993,747.9,196755.86,411.18,0.8
Small millets,2015,Rabi       ,TELANGANA,64.0,51,747.9,10106.24,21.12,0.8
Soyabean,2015,Kharif     ,TELANGANA,242802.0,251597,747.9,38340863.82,80124.66,1.063333333
Soyabean,2015,Rabi       ,TELANGANA,394.0,420,747.9,62216.54,130.02,1.055
Sugarcane,2015,Kharif     ,TELANGANA,34895.0,2404655,747.9,5510269.45,11515.35,70.39333333
Sunflower,2015,Kharif     ,TELANGANA,910.0,828,747.9,143698.1,300.3,0.91
Sunflower,2015,Rabi       ,TELANGANA,10637.0,12502,747.9,1679688.67,3510.21,1.076666667
Sweet potato,2015,Rabi       ,TELANGANA,87.0,1230,747.9,13738.17,28.71,13.3925
Tobacco,2015,Kharif     ,TELANGANA,1512.0,3702,747.9,238759.92,498.96,3.676666667
Tobacco,2015,Rabi       ,TELANGANA,4279.0,11455,747.9,675696.89,1412.07,3.42625
Turmeric,2015,Kharif     ,TELANGANA,42535.0,184285,747.9,6716701.85,14036.55,4.352222222
Urad,2015,Kharif     ,TELANGANA,23955.0,11111,747.9,3782734.05,7905.15,0.485
Urad,2015,Rabi       ,TELANGANA,8126.0,6400,747.9,1283176.66,2681.58,0.77
Wheat,2015,Rabi       ,TELANGANA,4952.0,16902,747.9,781970.32,1634.16,2.9475
other oilseeds,2015,Kharif     ,TELANGANA,3894.0,83261,747.9,614901.54,1285.02,21.38
Arhar/Tur,2015,Kharif     ,UTTARAKHAND,3334.0,2740,1247.6,526471.94,1100.22,0.750769231
Bajra,2015,Kharif     ,UTTARAKHAND,2.0,2,1247.6,315.82,0.66,1.0
Barley,2015,Rabi       ,UTTARAKHAND,18367.0,18061,1247.6,2900332.97,6061.11,1.085384615
Garlic,2015,Whole Year ,UTTARAKHAND,3564.0,21718,1247.6,562791.24,1176.12,5.617083333
Gram,2015,Rabi       ,UTTARAKHAND,646.0,540,1247.6,102009.86,213.18,0.794
Groundnut,2015,Kharif     ,UTTARAKHAND,929.0,1278,1247.6,146698.39,306.57,1.08
Horse-gram,2015,Kharif     ,UTTARAKHAND,11580.0,10292,1247.6,1828597.8,3821.4,0.893636364
Jowar,2015,Kharif     ,UTTARAKHAND,5.0,4,1247.6,789.55,1.65,0.8
Maize,2015,Kharif     ,UTTARAKHAND,22123.0,38135,1247.6,3493442.93,7300.59,1.593076923
Maize,2015,Summer     ,UTTARAKHAND,43.0,73,1247.6,6790.13,14.19,1.32
Masoor,2015,Rabi       ,UTTARAKHAND,10043.0,7523,1247.6,1585890.13,3314.19,0.729230769
Moong(Green Gram),2015,Kharif     ,UTTARAKHAND,3.0,2,1247.6,473.73,0.99,0.75
Moong(Green Gram),2015,Summer     ,UTTARAKHAND,15.0,9,1247.6,2368.65,4.95,0.846666667
Moth,2015,Kharif     ,UTTARAKHAND,15.0,8,1247.6,2368.65,4.95,0.53
Moth,2015,Rabi       ,UTTARAKHAND,15858.0,15520,1247.6,2504136.78,5233.14,0.720769231
Onion,2015,Whole Year ,UTTARAKHAND,3268.0,17246,1247.6,516049.88,1078.44,5.505833333
Other  Rabi pulses,2015,Rabi       ,UTTARAKHAND,4.0,4,1247.6,631.64,1.32,1.0
Other Kharif pulses,2015,Kharif     ,UTTARAKHAND,12297.0,12055,1247.6,1941819.27,4058.01,0.969166667
Peas & beans (Pulses),2015,Rabi       ,UTTARAKHAND,4983.0,4666,1247.6,786865.53,1644.39,0.736923077
Potato,2015,Kharif     ,UTTARAKHAND,7364.0,69359,1247.6,1162849.24,2430.12,9.873333333
Potato,2015,Rabi       ,UTTARAKHAND,4863.0,40894,1247.6,767916.33,1604.79,9.324615385
Ragi,2015,Kharif     ,UTTARAKHAND,105450.0,148705,1247.6,16651609.5,34798.5,1.501818182
Rapeseed &Mustard,2015,Rabi       ,UTTARAKHAND,12275.0,11611,1247.6,1938345.25,4050.75,0.71
Rice,2015,Kharif     ,UTTARAKHAND,252163.0,591755,1247.6,39819059.33,83213.79,1.795384615
Rice,2015,Summer     ,UTTARAKHAND,13043.0,50137,1247.6,2059620.13,4304.19,3.81
Sesamum,2015,Kharif     ,UTTARAKHAND,1700.0,464,1247.6,268447.0,561.0,0.235833333
Small millets,2015,Kharif     ,UTTARAKHAND,56570.0,72632,1247.6,8932968.7,18668.1,1.283636364
Soyabean,2015,Kharif     ,UTTARAKHAND,11940.0,15950,1247.6,1885445.4,3940.2,0.994615385
Sugarcane,2015,Whole Year ,UTTARAKHAND,95538.0,5656014,1247.6,15086405.58,31527.54,63.5
Sunflower,2015,Kharif     ,UTTARAKHAND,102.0,97,1247.6,16106.82,33.66,0.96
Turmeric,2015,Whole Year ,UTTARAKHAND,980.0,1738,1247.6,154751.8,323.4,1.766666667
Urad,2015,Kharif     ,UTTARAKHAND,11940.0,7876,1247.6,1885445.4,3940.2,0.832307692
Urad,2015,Summer     ,UTTARAKHAND,59.0,26,1247.6,9316.69,19.47,0.465
Wheat,2015,Rabi       ,UTTARAKHAND,342650.0,790370,1247.6,54107861.5,113074.5,1.675384615
other oilseeds,2015,Kharif     ,UTTARAKHAND,30.0,19,1247.6,4737.3,9.9,0.723333333
other oilseeds,2015,Rabi       ,UTTARAKHAND,627.0,315,1247.6,99009.57,206.91,0.568
Arhar/Tur,2015,Rabi       ,JHARKHAND,26938.0,31910,1085.6,4253779.58,8889.54,1.520909091
Gram,2015,Rabi       ,JHARKHAND,36163.0,30442,1085.6,5710499.33,11933.79,0.88
Maize,2015,Autumn     ,JHARKHAND,118741.0,115121,1085.6,18750391.31,39184.53,1.133333333
Masoor,2015,Rabi       ,JHARKHAND,8785.0,6304,1085.6,1387239.35,2899.05,0.697647059
Onion,2015,Rabi       ,JHARKHAND,3129.0,19999,1085.6,494100.39,1032.57,8.018181818
Peas & beans (Pulses),2015,Rabi       ,JHARKHAND,6334.0,5689,1085.6,1000201.94,2090.22,0.878823529
Potato,2015,Rabi       ,JHARKHAND,16418.0,100932,1085.6,2592566.38,5417.94,6.687391304
Potato,2015,Winter     ,JHARKHAND,22294.0,154432,1085.6,3520445.54,7357.02,7.95
Ragi,2015,Autumn     ,JHARKHAND,20816.0,18672,1085.6,3287054.56,6869.28,0.783529412
Rapeseed &Mustard,2015,Rabi       ,JHARKHAND,37130.0,31636,1085.6,5863198.3,12252.9,0.920454545
Rice,2015,Autumn     ,JHARKHAND,145866.0,88110,1085.6,23033700.06,48135.78,0.606956522
Rice,2015,Winter     ,JHARKHAND,1016623.0,674135,1085.6,160534937.9,335485.59,0.6625
Urad,2015,Autumn     ,JHARKHAND,43173.0,22469,1085.6,6817448.43,14247.09,1.472352941
Wheat,2015,Rabi       ,JHARKHAND,71027.0,113701,1085.6,11215873.57,23438.91,1.456666667
Bajra,2003,Kharif     ,HIMACHAL PRADESH,312.0,173,1112.6,30881.76,74.88,0.56
Barley,2003,Rabi       ,HIMACHAL PRADESH,24324.0,25393,1112.6,2407589.52,5837.76,1.142727273
Ginger,2003,Kharif     ,HIMACHAL PRADESH,2044.0,14658,1112.6,202315.12,490.56,6.75
Maize,2003,Kharif     ,HIMACHAL PRADESH,298467.0,729571,1112.6,29542263.66,71632.08,2.503333333
Potato,2003,Whole Year ,HIMACHAL PRADESH,15036.0,173169,1112.6,1488263.28,3608.64,11.48666667
Rice,2003,Kharif     ,HIMACHAL PRADESH,81335.0,120624,1112.6,8050538.3,19520.4,1.469090909
Wheat,2003,Rabi       ,HIMACHAL PRADESH,365359.0,496930,1112.6,36163233.82,87686.16,1.3625
Bajra,2004,Kharif     ,HIMACHAL PRADESH,281.0,150,939.2,30443.54,59.01,0.652
Barley,2004,Rabi       ,HIMACHAL PRADESH,24427.0,33713,939.2,2646421.18,5129.67,1.432727273
Ginger,2004,Kharif     ,HIMACHAL PRADESH,2043.0,14567,939.2,221338.62,429.03,7.264285714
Maize,2004,Kharif     ,HIMACHAL PRADESH,297887.0,636294,939.2,32273077.58,62556.27,2.1625
Potato,2004,Whole Year ,HIMACHAL PRADESH,14808.0,147874,939.2,1604298.72,3109.68,10.27166667
Rice,2004,Kharif     ,HIMACHAL PRADESH,79519.0,109129,939.2,8615088.46,16698.99,1.454545455
Wheat,2004,Rabi       ,HIMACHAL PRADESH,367770.0,687452,939.2,39844201.8,77231.7,1.843333333
Dry chillies,1998,Whole Year ,ARUNACHAL PRADESH,1236.0,1582,3616.7,122116.8,358.44,1.7575
Ginger,1998,Whole Year ,ARUNACHAL PRADESH,4385.0,31091,3616.7,433238.0,1271.65,4.981818182
Groundnut,1998,Rabi       ,ARUNACHAL PRADESH,500.0,400,3616.7,49400.0,145.0,0.751538462
Maize,1998,Kharif     ,ARUNACHAL PRADESH,36244.0,47022,3616.7,3580907.2,10510.76,1.458461538
Oilseeds total,1998,Whole Year ,ARUNACHAL PRADESH,26481.0,25300,3616.7,2616322.8,7679.49,0.955384615
Potato,1998,Whole Year ,ARUNACHAL PRADESH,4846.0,31567,3616.7,478784.8,1405.34,6.744615385
Rapeseed &Mustard,1998,Rabi       ,ARUNACHAL PRADESH,20631.0,19630,3616.7,2038342.8,5982.99,0.979230769
Rice,1998,Kharif     ,ARUNACHAL PRADESH,115481.0,114116,3616.7,11409522.8,33489.49,0.965384615
Sesamum,1998,Kharif     ,ARUNACHAL PRADESH,1360.0,750,3616.7,134368.0,394.4,0.612
Small millets,1998,Kharif     ,ARUNACHAL PRADESH,17976.0,15601,3616.7,1776028.8,5213.04,0.888333333
Soyabean,1998,Kharif     ,ARUNACHAL PRADESH,2720.0,3390,3616.7,268736.0,788.8,1.425384615
Sugarcane,1998,Whole Year ,ARUNACHAL PRADESH,743.0,15032,3616.7,73408.4,215.47,17.69111111
Sunflower,1998,Kharif     ,ARUNACHAL PRADESH,435.0,205,3616.7,42978.0,126.15,0.474615385
Turmeric,1998,Whole Year ,ARUNACHAL PRADESH,366.0,1199,3616.7,36160.8,106.14,3.574285714
Wheat,1998,Rabi       ,ARUNACHAL PRADESH,3660.0,4395,3616.7,361608.0,1061.4,1.166666667
Dry chillies,1999,Whole Year ,ARUNACHAL PRADESH,1499.0,1696,2338.6,159088.87,404.73,1.2625
Ginger,1999,Whole Year ,ARUNACHAL PRADESH,4399.0,34890,2338.6,466865.87,1187.73,5.327272727
Maize,1999,Kharif     ,ARUNACHAL PRADESH,35637.0,48328,2338.6,3782154.81,9621.99,1.516923077
Oilseeds total,1999,Whole Year ,ARUNACHAL PRADESH,27748.0,27228,2338.6,2944895.24,7491.96,0.943076923
Potato,1999,Whole Year ,ARUNACHAL PRADESH,4960.0,32434,2338.6,526404.8,1339.2,6.365833333
Rice,1999,Kharif     ,ARUNACHAL PRADESH,122740.0,134807,2338.6,13026396.2,33139.8,1.097692308
Small millets,1999,Kharif     ,ARUNACHAL PRADESH,19800.0,17123,2338.6,2101374.0,5346.0,0.876153846
Sugarcane,1999,Whole Year ,ARUNACHAL PRADESH,809.0,16219,2338.6,85859.17,218.43,16.47375
Turmeric,1999,Whole Year ,ARUNACHAL PRADESH,404.0,1473,2338.6,42876.52,109.08,4.262857143
Wheat,1999,Rabi       ,ARUNACHAL PRADESH,3896.0,5069,2338.6,413482.48,1051.92,1.374166667
Dry chillies,2000,Whole Year ,ARUNACHAL PRADESH,1317.0,2097,2157.7,129289.89,342.42,1.815833333
Ginger,2000,Whole Year ,ARUNACHAL PRADESH,4774.0,35295,2157.7,468663.58,1241.24,5.773
Maize,2000,Kharif     ,ARUNACHAL PRADESH,38429.0,52297,2157.7,3772574.93,9991.54,1.478461538
Oilseeds total,2000,Whole Year ,ARUNACHAL PRADESH,26301.0,27252,2157.7,2581969.17,6838.26,1.003846154
Potato,2000,Whole Year ,ARUNACHAL PRADESH,5621.0,36743,2157.7,551813.57,1461.46,6.783076923
Rice,2000,Kharif     ,ARUNACHAL PRADESH,118601.0,132690,2157.7,11643060.17,30836.26,1.066153846
Small millets,2000,Kharif     ,ARUNACHAL PRADESH,20149.0,17332,2157.7,1978027.33,5238.74,0.905384615
Sugarcane,2000,Whole Year ,ARUNACHAL PRADESH,811.0,14358,2157.7,79615.87,210.86,16.885
Turmeric,2000,Whole Year ,ARUNACHAL PRADESH,454.0,1872,2157.7,44569.18,118.04,4.847142857
Wheat,2000,Rabi       ,ARUNACHAL PRADESH,4397.0,6226,2157.7,431653.49,1143.22,1.374166667
Dry chillies,2001,Whole Year ,ARUNACHAL PRADESH,1629.0,2128,2128.5,166369.77,423.54,1.48
Ginger,2001,Whole Year ,ARUNACHAL PRADESH,4613.0,38021,2128.5,471125.69,1199.38,6.304545455
Maize,2001,Kharif     ,ARUNACHAL PRADESH,38577.0,52511,2128.5,3939869.01,10030.02,1.455384615
Oilseeds total,2001,Whole Year ,ARUNACHAL PRADESH,27560.0,29307,2128.5,2814702.8,7165.6,1.021538462
Potato,2001,Whole Year ,ARUNACHAL PRADESH,4646.0,32635,2128.5,474495.98,1207.96,6.809230769
Rice,2001,Kharif     ,ARUNACHAL PRADESH,119455.0,134621,2128.5,12199939.15,31058.3,1.135384615
Small millets,2001,Kharif     ,ARUNACHAL PRADESH,19740.0,17851,2128.5,2016046.2,5132.4,0.939230769
Sugarcane,2001,Whole Year ,ARUNACHAL PRADESH,1036.0,18920,2128.5,105806.68,269.36,17.73888889
Turmeric,2001,Whole Year ,ARUNACHAL PRADESH,573.0,2094,2128.5,58520.49,148.98,4.02625
Wheat,2001,Rabi       ,ARUNACHAL PRADESH,3805.0,5341,2128.5,388604.65,989.3,1.4325
Dry chillies,2002,Whole Year ,ARUNACHAL PRADESH,1608.0,2345,2832.8,152229.36,402.0,1.555333333
Ginger,2002,Whole Year ,ARUNACHAL PRADESH,4448.0,32332,2832.8,421092.16,1112.0,6.605714286
Maize,2002,Kharif     ,ARUNACHAL PRADESH,40548.0,55941,2832.8,3838679.16,10137.0,1.402
Oilseeds total,2002,Whole Year ,ARUNACHAL PRADESH,28494.0,29821,2832.8,2697526.98,7123.5,1.007333333
Potato,2002,Whole Year ,ARUNACHAL PRADESH,4335.0,30183,2832.8,410394.45,1083.75,6.894
Rice,2002,Kharif     ,ARUNACHAL PRADESH,124584.0,152500,2832.8,11794367.28,31146.0,1.182666667
Small millets,2002,Kharif     ,ARUNACHAL PRADESH,21110.0,18811,2832.8,1998483.7,5277.5,0.942
Sugarcane,2002,Whole Year ,ARUNACHAL PRADESH,798.0,15284,2832.8,75546.66,199.5,16.57
Turmeric,2002,Whole Year ,ARUNACHAL PRADESH,514.0,2020,2832.8,48660.38,128.5,4.459090909
Wheat,2002,Rabi       ,ARUNACHAL PRADESH,4114.0,6250,2832.8,389472.38,1028.5,1.481538462
Dry chillies,2003,Whole Year ,ARUNACHAL PRADESH,1657.0,2430,2782.2,164009.86,397.68,1.54
Ginger,2003,Whole Year ,ARUNACHAL PRADESH,4680.0,37177,2782.2,463226.4,1123.2,6.168
Maize,2003,Kharif     ,ARUNACHAL PRADESH,38605.0,54510,2782.2,3821122.9,9265.2,1.446666667
Oilseeds total,2003,Whole Year ,ARUNACHAL PRADESH,28024.0,28478,2782.2,2773815.52,6725.76,0.991333333
Potato,2003,Whole Year ,ARUNACHAL PRADESH,4022.0,29569,2782.2,398097.56,965.28,7.232666667
Rice,2003,Kharif     ,ARUNACHAL PRADESH,119205.0,154589,2782.2,11798910.9,28609.2,1.201333333
Small millets,2003,Kharif     ,ARUNACHAL PRADESH,22279.0,21326,2782.2,2205175.42,5346.96,0.973333333
Sugarcane,2003,Whole Year ,ARUNACHAL PRADESH,738.0,15150,2782.2,73047.24,177.12,17.09888889
Turmeric,2003,Whole Year ,ARUNACHAL PRADESH,447.0,1527,2782.2,44244.06,107.28,3.82125
Wheat,2003,Rabi       ,ARUNACHAL PRADESH,4150.0,6320,2782.2,410767.0,996.0,1.511818182
Dry chillies,2004,Whole Year ,ARUNACHAL PRADESH,2012.0,2640,2939.5,217980.08,422.52,1.81125
Ginger,2004,Whole Year ,ARUNACHAL PRADESH,4451.0,32877,2939.5,482221.34,934.71,6.24375
Maize,2004,Kharif     ,ARUNACHAL PRADESH,37800.0,54985,2939.5,4095252.0,7938.0,1.495
Oilseeds total,2004,Whole Year ,ARUNACHAL PRADESH,27139.0,26281,2939.5,2940239.26,5699.19,1.044666667
Potato,2004,Whole Year ,ARUNACHAL PRADESH,4217.0,27518,2939.5,456869.78,885.57,6.794666667
Rice,2004,Kharif     ,ARUNACHAL PRADESH,121642.0,134950,2939.5,13178694.28,25544.82,1.080625
Small millets,2004,Kharif     ,ARUNACHAL PRADESH,22400.0,21374,2939.5,2426816.0,4704.0,0.976875
Sugarcane,2004,Whole Year ,ARUNACHAL PRADESH,736.0,14132,2939.5,79738.24,154.56,15.67090909
Turmeric,2004,Whole Year ,ARUNACHAL PRADESH,505.0,1794,2939.5,54711.7,106.05,3.795555556
Wheat,2004,Rabi       ,ARUNACHAL PRADESH,4278.0,6652,2939.5,463478.52,898.38,1.549230769
Dry chillies,2005,Whole Year ,ARUNACHAL PRADESH,2168.0,2646,2767.0,259986.56,455.28,1.486666667
Ginger,2005,Whole Year ,ARUNACHAL PRADESH,4814.0,33326,2767.0,577294.88,1010.94,5.896
Maize,2005,Kharif     ,ARUNACHAL PRADESH,41853.0,57898,2767.0,5019011.76,8789.13,1.4125
Oilseeds total,2005,Whole Year ,ARUNACHAL PRADESH,27566.0,23695,2767.0,3305714.72,5788.86,0.955333333
Potato,2005,Whole Year ,ARUNACHAL PRADESH,3963.0,29838,2767.0,475242.96,832.23,7.205333333
Rice,2005,Kharif     ,ARUNACHAL PRADESH,122267.0,146191,2767.0,14662258.64,25676.07,1.16125
Small millets,2005,Kharif     ,ARUNACHAL PRADESH,22802.0,22376,2767.0,2734415.84,4788.42,0.998125
Sugarcane,2005,Whole Year ,ARUNACHAL PRADESH,878.0,16181,2767.0,105289.76,184.38,17.00555556
Turmeric,2005,Whole Year ,ARUNACHAL PRADESH,427.0,1631,2767.0,51205.84,89.67,4.232857143
Wheat,2005,Rabi       ,ARUNACHAL PRADESH,3976.0,6140,2767.0,476801.92,834.96,1.589166667
Dry chillies,2006,Whole Year ,ARUNACHAL PRADESH,1903.0,2729,1940.0,243032.13,418.66,1.566875
Ginger,2006,Whole Year ,ARUNACHAL PRADESH,5832.0,42821,1940.0,744804.72,1283.04,5.573125
Maize,2006,Kharif     ,ARUNACHAL PRADESH,46281.0,63524,1940.0,5910546.51,10181.82,1.439375
Oilseeds total,2006,Whole Year ,ARUNACHAL PRADESH,32160.0,29265,1940.0,4107153.6,7075.2,0.959375
Potato,2006,Whole Year ,ARUNACHAL PRADESH,3985.0,31689,1940.0,508924.35,876.7,7.649375
Rice,2006,Kharif     ,ARUNACHAL PRADESH,123038.0,144635,1940.0,15713182.98,27068.36,1.151875
Small millets,2006,Kharif     ,ARUNACHAL PRADESH,21708.0,21428,1940.0,2772328.68,4775.76,1.003125
Sugarcane,2006,Whole Year ,ARUNACHAL PRADESH,1030.0,16843,1940.0,131541.3,226.6,16.362
Turmeric,2006,Whole Year ,ARUNACHAL PRADESH,532.0,1965,1940.0,67941.72,117.04,4.425
Wheat,2006,Rabi       ,ARUNACHAL PRADESH,3979.0,6301,1940.0,508158.09,875.38,1.668461538
Dry chillies,2007,Whole Year ,ARUNACHAL PRADESH,2372.0,3634,3223.9,316424.8,379.52,2.26625
Ginger,2007,Whole Year ,ARUNACHAL PRADESH,6305.0,47407,3223.9,841087.0,1008.8,5.950625
Maize,2007,Kharif     ,ARUNACHAL PRADESH,42736.0,57430,3223.9,5700982.4,6837.76,1.4625
Oilseeds total,2007,Whole Year ,ARUNACHAL PRADESH,30749.0,28568,3223.9,4101916.6,4919.84,0.9325
Potato,2007,Whole Year ,ARUNACHAL PRADESH,3843.0,29173,3223.9,512656.2,614.88,6.91
Rice,2007,Kharif     ,ARUNACHAL PRADESH,124029.0,158146,3223.9,16545468.6,19844.64,1.225625
Small millets,2007,Kharif     ,ARUNACHAL PRADESH,22308.0,19425,3223.9,2975887.2,3569.28,0.865625
Sugarcane,2007,Whole Year ,ARUNACHAL PRADESH,1233.0,21754,3223.9,164482.2,197.28,16.482
Turmeric,2007,Whole Year ,ARUNACHAL PRADESH,549.0,2119,3223.9,73236.6,87.84,4.4425
Wheat,2007,Rabi       ,ARUNACHAL PRADESH,3558.0,5294,3223.9,474637.2,569.28,1.579230769
Dry chillies,2008,Whole Year ,ARUNACHAL PRADESH,2320.0,3960,2244.4,331852.8,208.8,1.874285714
Ginger,2008,Whole Year ,ARUNACHAL PRADESH,6356.0,47190,2244.4,909162.24,572.04,6.07
Maize,2008,Kharif     ,ARUNACHAL PRADESH,42897.0,58830,2244.4,6135986.88,3860.73,1.459375
Oilseeds total,2008,Whole Year ,ARUNACHAL PRADESH,31785.0,31016,2244.4,4546526.4,2860.65,0.995
Potato,2008,Whole Year ,ARUNACHAL PRADESH,4063.0,33405,2244.4,581171.52,365.67,7.076875
Rice,2008,Kharif     ,ARUNACHAL PRADESH,126799.0,164538,2244.4,18137328.96,11411.91,1.183125
Small millets,2008,Kharif     ,ARUNACHAL PRADESH,22262.0,18922,2244.4,3184356.48,2003.58,0.865
Sugarcane,2008,Whole Year ,ARUNACHAL PRADESH,1370.0,23439,2244.4,195964.8,123.3,15.32727273
Turmeric,2008,Whole Year ,ARUNACHAL PRADESH,612.0,2375,2244.4,87540.48,55.08,3.945454545
Wheat,2008,Rabi       ,ARUNACHAL PRADESH,3278.0,5169,2244.4,468885.12,295.02,1.57
Dry chillies,2009,Whole Year ,ARUNACHAL PRADESH,2086.0,3499,1701.9,325040.52,354.62,2.042857143
Ginger,2009,Whole Year ,ARUNACHAL PRADESH,6401.0,49663,1701.9,997403.82,1088.17,6.3375
Maize,2009,Kharif     ,ARUNACHAL PRADESH,43630.0,60144,1701.9,6798426.6,7417.1,1.47875
Oilseeds total,2009,Whole Year ,ARUNACHAL PRADESH,121468.0,215842,1701.9,18927143.76,20649.56,1.679375
Potato,2009,Whole Year ,ARUNACHAL PRADESH,4235.0,36449,1701.9,659897.7,719.95,7.4525
Rice,2009,Kharif     ,ARUNACHAL PRADESH,121468.0,143893,1701.9,18927143.76,20649.56,1.12
Small millets,2009,Kharif     ,ARUNACHAL PRADESH,21373.0,18391,1701.9,3330340.86,3633.41,0.866875
Sugarcane,2009,Whole Year ,ARUNACHAL PRADESH,1476.0,27145,1701.9,229990.32,250.92,16.791
Turmeric,2009,Whole Year ,ARUNACHAL PRADESH,626.0,2556,1701.9,97543.32,106.42,4.01
Wheat,2009,Rabi       ,ARUNACHAL PRADESH,3170.0,4770,1701.9,493949.4,538.9,1.59
Dry chillies,2010,Whole Year ,ARUNACHAL PRADESH,2221.0,3648,2574.1,368930.31,533.04,1.90375
Ginger,2010,Whole Year ,ARUNACHAL PRADESH,6601.0,52304,2574.1,1096492.11,1584.24,6.6375
Maize,2010,Kharif     ,ARUNACHAL PRADESH,45061.0,64714,2574.1,7485082.71,10814.64,1.515625
Oilseeds total,2010,Whole Year ,ARUNACHAL PRADESH,31854.0,29251,2574.1,5291267.94,7644.96,1.085625
Potato,2010,Whole Year ,ARUNACHAL PRADESH,4334.0,35832,2574.1,719920.74,1040.16,7.283125
Rice,2010,Kharif     ,ARUNACHAL PRADESH,121570.0,155993,2574.1,20193992.7,29176.8,1.219375
Small millets,2010,Kharif     ,ARUNACHAL PRADESH,21661.0,20038,2574.1,3598108.71,5198.64,0.990625
Sugarcane,2010,Whole Year ,ARUNACHAL PRADESH,1508.0,28974,2574.1,250493.88,361.92,20.63111111
Turmeric,2010,Whole Year ,ARUNACHAL PRADESH,611.0,2719,2574.1,101493.21,146.64,4.58375
Wheat,2010,Rabi       ,ARUNACHAL PRADESH,3699.0,5872,2574.1,614440.89,887.76,1.647
Dry chillies,2011,Whole Year ,ARUNACHAL PRADESH,2500.0,4300,2193.7,418800.0,825.0,1.998125
Ginger,2011,Whole Year ,ARUNACHAL PRADESH,6880.0,54000,2193.7,1152537.6,2270.4,6.380625
Maize,2011,Kharif     ,ARUNACHAL PRADESH,46500.0,68500,2193.7,7789680.0,15345.0,1.554375
Oilseeds total,2011,Whole Year ,ARUNACHAL PRADESH,32500.0,33000,2193.7,5444400.0,10725.0,1.185625
Potato,2011,Whole Year ,ARUNACHAL PRADESH,4600.0,40000,2193.7,770592.0,1518.0,7.655
Rice,2011,Kharif     ,ARUNACHAL PRADESH,123500.0,159543,2193.7,20688720.0,40755.0,1.21875
Small millets,2011,Kharif     ,ARUNACHAL PRADESH,22000.0,22000,2193.7,3685440.0,7260.0,1.074375
Sugarcane,2011,Whole Year ,ARUNACHAL PRADESH,1550.0,30000,2193.7,259656.0,511.5,20.08333333
Turmeric,2011,Whole Year ,ARUNACHAL PRADESH,625.0,2800,2193.7,104700.0,206.25,4.595
Wheat,2011,Rabi       ,ARUNACHAL PRADESH,3700.0,6500,2193.7,619824.0,1221.0,1.818
Dry chillies,2012,Whole Year ,ARUNACHAL PRADESH,2365.0,4619,2760.7,356642.0,733.15,2.511333333
Ginger,2012,Whole Year ,ARUNACHAL PRADESH,6847.0,56004,2760.7,1032527.6,2122.57,6.931875
Maize,2012,Kharif     ,ARUNACHAL PRADESH,47486.0,68192,2760.7,7160888.8,14720.66,1.5375
Oilseeds total,2012,Whole Year ,ARUNACHAL PRADESH,32767.0,31285,2760.7,4941263.6,10157.77,1.12125
Potato,2012,Whole Year ,ARUNACHAL PRADESH,4817.0,38872,2760.7,726403.6,1493.27,7.26
Rice,2012,Kharif     ,ARUNACHAL PRADESH,126085.0,174662,2760.7,19013618.0,39086.35,1.308125
Small millets,2012,Kharif     ,ARUNACHAL PRADESH,22675.0,23410,2760.7,3419390.0,7029.25,1.0575
Sugarcane,2012,Whole Year ,ARUNACHAL PRADESH,1530.0,30151,2760.7,230724.0,474.3,20.19333333
Turmeric,2012,Whole Year ,ARUNACHAL PRADESH,699.0,2893,2760.7,105409.2,216.69,4.02625
Wheat,2012,Rabi       ,ARUNACHAL PRADESH,2937.0,4401,2760.7,442899.6,910.47,1.73
Dry chillies,2013,Whole Year ,ARUNACHAL PRADESH,2491.0,8106,2042.9,359924.59,672.57,3.71
Ginger,2013,Whole Year ,ARUNACHAL PRADESH,6861.0,55073,2042.9,991345.89,1852.47,6.807647059
Maize,2013,Kharif     ,ARUNACHAL PRADESH,47018.0,68978,2042.9,6793630.82,12694.86,1.607647059
Oilseeds total,2013,Whole Year ,ARUNACHAL PRADESH,33114.0,31635,2042.9,4784641.86,8940.78,1.115294118
Potato,2013,Whole Year ,ARUNACHAL PRADESH,4933.0,40664,2042.9,712769.17,1331.91,7.618235294
Rice,2013,Kharif     ,ARUNACHAL PRADESH,131989.0,184104,2042.9,19071090.61,35637.03,1.300588235
Small millets,2013,Kharif     ,ARUNACHAL PRADESH,22744.0,23825,2042.9,3286280.56,6140.88,1.045882353
Sugarcane,2013,Whole Year ,ARUNACHAL PRADESH,1561.0,30351,2042.9,225548.89,421.47,19.87333333
Turmeric,2013,Whole Year ,ARUNACHAL PRADESH,654.0,3068,2042.9,94496.46,176.58,4.76875
Wheat,2013,Rabi       ,ARUNACHAL PRADESH,2960.0,4470,2042.9,427690.4,799.2,1.73
Dry chillies,2014,Whole Year ,ARUNACHAL PRADESH,2660.0,7500,2403.2,401553.6,877.8,2.8275
Ginger,2014,Whole Year ,ARUNACHAL PRADESH,8000.0,60000,2403.2,1207680.0,2640.0,6.729411765
Maize,2014,Kharif     ,ARUNACHAL PRADESH,48000.0,75000,2403.2,7246080.0,15840.0,1.752941176
Oilseeds total,2014,Whole Year ,ARUNACHAL PRADESH,35000.0,33950,2403.2,5283600.0,11550.0,1.082941176
Potato,2014,Whole Year ,ARUNACHAL PRADESH,5090.0,42000,2403.2,768386.4,1679.7,7.872352941
Rice,2014,Kharif     ,ARUNACHAL PRADESH,127200.0,189992,2403.2,19202112.0,41976.0,1.447058824
Small millets,2014,Kharif     ,ARUNACHAL PRADESH,26000.0,27000,2403.2,3924960.0,8580.0,1.029411765
Sugarcane,2014,Whole Year ,ARUNACHAL PRADESH,1790.0,34900,2403.2,270218.4,590.7,20.19111111
Turmeric,2014,Whole Year ,ARUNACHAL PRADESH,725.0,3500,2403.2,109446.0,239.25,6.83
Wheat,2014,Rabi       ,ARUNACHAL PRADESH,3800.0,7500,2403.2,573648.0,1254.0,2.454444444
Dry chillies,2015,Whole Year ,ARUNACHAL PRADESH,2960.0,8288,2593.2,467413.6,976.8,2.6985
Ginger,2015,Whole Year ,ARUNACHAL PRADESH,7650.0,56575,2593.2,1208011.5,2524.5,6.525
Maize,2015,Kharif     ,ARUNACHAL PRADESH,48800.0,75226,2593.2,7706008.0,16104.0,1.687
Oilseeds total,2015,Whole Year ,ARUNACHAL PRADESH,35000.0,36400,2593.2,5526850.0,11550.0,1.135
Potato,2015,Whole Year ,ARUNACHAL PRADESH,5970.0,44775,2593.2,942722.7,1970.1,6.9065
Rice,2015,Kharif     ,ARUNACHAL PRADESH,128800.0,204001,2593.2,20338808.0,42504.0,2.0875
Small millets,2015,Kharif     ,ARUNACHAL PRADESH,26500.0,27560,2593.2,4184615.0,8745.0,1.038
Sugarcane,2015,Whole Year ,ARUNACHAL PRADESH,1950.0,40755,2593.2,307924.5,643.5,21.75
Turmeric,2015,Whole Year ,ARUNACHAL PRADESH,800.0,3840,2593.2,126328.0,264.0,4.782
Wheat,2015,Rabi       ,ARUNACHAL PRADESH,3910.0,7700,2593.2,617428.1,1290.3,2.105
Groundnut,1997,Rabi       ,ARUNACHAL PRADESH,905.0,802,2274.9,86128.85,280.55,0.874615385
Maize,1997,Kharif     ,ARUNACHAL PRADESH,34504.0,50025,2274.9,3283745.68,10696.24,1.686923077
Oilseeds total,1997,Whole Year ,ARUNACHAL PRADESH,26118.0,24290,2274.9,2485650.06,8096.58,0.950769231
Rapeseed &Mustard,1997,Rabi       ,ARUNACHAL PRADESH,20500.0,19100,2274.9,1950985.0,6355.0,0.95
Rice,1997,Kharif     ,ARUNACHAL PRADESH,120020.0,129505,2274.9,11422303.4,37206.2,1.06
Sesamum,1997,Kharif     ,ARUNACHAL PRADESH,1345.0,818,2274.9,128003.65,416.95,0.635
Small millets,1997,Kharif     ,ARUNACHAL PRADESH,18467.0,18032,2274.9,1757504.39,5724.77,0.983076923
Soyabean,1997,Kharif     ,ARUNACHAL PRADESH,2345.0,3075,2274.9,223173.65,726.95,1.493076923
Sugarcane,1997,Rabi       ,ARUNACHAL PRADESH,681.0,15806,2274.9,64810.77,211.11,20.80111111
Sunflower,1997,Kharif     ,ARUNACHAL PRADESH,448.0,220,2274.9,42636.16,138.88,0.491538462
Wheat,1997,Rabi       ,ARUNACHAL PRADESH,3785.0,5475,2274.9,360218.45,1173.35,1.5925
